CustomerKey,MonthKey,MonthsSinceCohort
1,202309,0
2,202309,0
3,202309,0
4,202309,0
5,202309,0
6,202309,0
7,202309,0
8,202309,0
9,202309,0
10,202309,0
11,202309,0
12,202309,0
13,202309,0
14,202309,0
15,202309,0
16,202309,0
17,202309,0
18,202309,0
19,202309,0
20,202309,0
21,202309,0
22,202309,0
23,202309,0
24,202309,0
25,202309,0
26,202309,0
27,202309,0
28,202309,0
29,202309,0
30,202309,0
31,202309,0
32,202309,0
33,202309,0
34,202309,0
35,202309,0
36,202309,0
37,202309,0
38,202309,0
39,202309,0
40,202309,0
41,202309,0
42,202309,0
43,202309,0
44,202309,0
45,202309,0
46,202309,0
47,202309,0
48,202309,0
49,202309,0
50,202309,0
51,202309,0
52,202309,0
53,202309,0
54,202309,0
55,202309,0
56,202309,0
57,202309,0
58,202309,0
59,202309,0
60,202309,0
61,202309,0
62,202309,0
63,202309,0
64,202309,0
65,202309,0
66,202309,0
67,202309,0
68,202309,0
69,202309,0
70,202309,0
71,202309,0
72,202309,0
73,202309,0
74,202309,0
75,202309,0
76,202309,0
77,202309,0
78,202309,0
79,202309,0
80,202309,0
81,202309,0
82,202309,0
83,202309,0
84,202309,0
85,202309,0
86,202309,0
87,202309,0
88,202309,0
89,202309,0
90,202309,0
91,202309,0
92,202309,0
93,202309,0
94,202309,0
95,202309,0
96,202309,0
97,202309,0
98,202309,0
99,202309,0
100,202309,0
101,202309,0
102,202309,0
103,202309,0
104,202309,0
105,202309,0
106,202309,0
107,202309,0
108,202309,0
109,202309,0
110,202309,0
111,202309,0
112,202309,0
113,202309,0
114,202309,0
115,202309,0
116,202309,0
117,202309,0
118,202309,0
119,202309,0
120,202309,0
121,202309,0
122,202309,0
123,202309,0
124,202309,0
125,202309,0
126,202309,0
127,202309,0
128,202309,0
129,202309,0
130,202309,0
131,202309,0
132,202309,0
133,202309,0
134,202309,0
135,202309,0
136,202309,0
137,202309,0
138,202309,0
139,202309,0
140,202309,0
141,202309,0
142,202309,0
143,202309,0
144,202309,0
145,202309,0
146,202309,0
147,202309,0
148,202309,0
149,202309,0
150,202309,0
151,202309,0
152,202309,0
153,202309,0
154,202309,0
155,202309,0
156,202309,0
157,202309,0
158,202309,0
159,202309,0
160,202309,0
161,202309,0
162,202309,0
163,202309,0
164,202309,0
165,202309,0
166,202309,0
167,202309,0
168,202309,0
169,202309,0
170,202309,0
171,202309,0
172,202309,0
173,202309,0
174,202309,0
175,202309,0
176,202309,0
177,202309,0
178,202309,0
179,202309,0
180,202309,0
181,202309,0
182,202309,0
183,202309,0
184,202309,0
185,202309,0
186,202309,0
187,202309,0
188,202309,0
189,202309,0
190,202309,0
191,202309,0
192,202309,0
193,202309,0
194,202309,0
195,202309,0
196,202309,0
197,202309,0
198,202309,0
199,202309,0
200,202309,0
201,202309,0
202,202309,0
203,202309,0
204,202309,0
205,202309,0
206,202309,0
207,202309,0
208,202309,0
209,202309,0
210,202309,0
211,202309,0
212,202309,0
213,202309,0
214,202309,0
215,202309,0
216,202309,0
217,202309,0
218,202309,0
219,202309,0
220,202309,0
221,202309,0
222,202309,0
223,202309,0
224,202309,0
225,202309,0
226,202309,0
227,202309,0
228,202309,0
229,202309,0
230,202309,0
231,202309,0
232,202309,0
233,202309,0
234,202309,0
235,202309,0
236,202309,0
237,202309,0
238,202309,0
239,202309,0
240,202309,0
241,202309,0
242,202309,0
243,202309,0
244,202309,0
245,202309,0
246,202309,0
247,202309,0
248,202309,0
249,202309,0
250,202309,0
251,202309,0
252,202309,0
253,202309,0
254,202309,0
255,202309,0
256,202309,0
257,202309,0
258,202309,0
259,202309,0
260,202309,0
261,202309,0
262,202309,0
263,202309,0
264,202309,0
265,202309,0
266,202309,0
267,202309,0
268,202309,0
269,202309,0
270,202309,0
271,202309,0
272,202309,0
273,202309,0
274,202309,0
275,202309,0
276,202309,0
277,202309,0
278,202309,0
279,202309,0
280,202309,0
281,202309,0
282,202309,0
283,202309,0
284,202309,0
285,202309,0
286,202309,0
287,202309,0
288,202309,0
289,202309,0
290,202309,0
291,202309,0
292,202309,0
293,202309,0
294,202309,0
295,202309,0
296,202309,0
297,202309,0
298,202309,0
299,202309,0
300,202309,0
301,202309,0
302,202309,0
303,202309,0
304,202309,0
305,202309,0
306,202309,0
307,202309,0
308,202309,0
309,202309,0
310,202309,0
311,202309,0
312,202309,0
313,202309,0
314,202309,0
315,202309,0
316,202309,0
317,202309,0
318,202309,0
319,202309,0
320,202309,0
321,202309,0
322,202309,0
323,202309,0
324,202309,0
325,202309,0
326,202309,0
327,202309,0
328,202309,0
329,202309,0
330,202309,0
331,202309,0
332,202309,0
333,202309,0
334,202309,0
335,202309,0
336,202309,0
337,202309,0
338,202309,0
339,202309,0
340,202309,0
341,202309,0
342,202309,0
343,202309,0
344,202309,0
345,202309,0
346,202309,0
347,202309,0
348,202309,0
349,202309,0
350,202309,0
351,202309,0
352,202309,0
353,202309,0
354,202309,0
355,202309,0
356,202309,0
357,202309,0
358,202309,0
359,202309,0
360,202309,0
361,202309,0
362,202309,0
363,202309,0
364,202309,0
365,202309,0
366,202309,0
367,202309,0
368,202309,0
369,202309,0
370,202309,0
371,202309,0
372,202309,0
373,202309,0
374,202309,0
375,202309,0
376,202309,0
377,202309,0
378,202309,0
379,202309,0
380,202309,0
381,202309,0
382,202309,0
383,202309,0
384,202309,0
385,202309,0
386,202309,0
387,202309,0
388,202309,0
389,202309,0
390,202309,0
391,202309,0
392,202309,0
393,202309,0
394,202309,0
395,202309,0
396,202309,0
397,202309,0
398,202309,0
399,202309,0
400,202309,0
401,202309,0
402,202309,0
403,202309,0
404,202309,0
405,202309,0
406,202309,0
407,202309,0
408,202309,0
409,202309,0
410,202309,0
411,202309,0
412,202309,0
413,202309,0
414,202309,0
415,202309,0
416,202309,0
417,202309,0
418,202309,0
419,202309,0
420,202309,0
421,202309,0
422,202309,0
423,202309,0
424,202309,0
425,202309,0
426,202309,0
427,202309,0
428,202309,0
429,202309,0
430,202309,0
431,202309,0
432,202309,0
433,202309,0
434,202309,0
435,202309,0
436,202309,0
437,202309,0
438,202309,0
439,202309,0
440,202309,0
441,202309,0
442,202309,0
443,202309,0
444,202309,0
445,202309,0
446,202309,0
447,202309,0
448,202309,0
449,202309,0
450,202309,0
451,202309,0
452,202309,0
453,202309,0
454,202309,0
455,202309,0
456,202309,0
457,202309,0
458,202309,0
1,202310,1
2,202310,1
3,202310,1
4,202310,1
5,202310,1
6,202310,1
7,202310,1
8,202310,1
9,202310,1
10,202310,1
11,202310,1
12,202310,1
13,202310,1
14,202310,1
15,202310,1
16,202310,1
17,202310,1
18,202310,1
19,202310,1
20,202310,1
21,202310,1
22,202310,1
23,202310,1
24,202310,1
25,202310,1
26,202310,1
27,202310,1
28,202310,1
29,202310,1
30,202310,1
31,202310,1
32,202310,1
33,202310,1
34,202310,1
35,202310,1
36,202310,1
37,202310,1
38,202310,1
39,202310,1
40,202310,1
41,202310,1
42,202310,1
43,202310,1
44,202310,1
45,202310,1
46,202310,1
47,202310,1
48,202310,1
49,202310,1
50,202310,1
51,202310,1
52,202310,1
53,202310,1
54,202310,1
55,202310,1
56,202310,1
57,202310,1
58,202310,1
59,202310,1
60,202310,1
61,202310,1
62,202310,1
63,202310,1
64,202310,1
65,202310,1
66,202310,1
67,202310,1
68,202310,1
69,202310,1
70,202310,1
71,202310,1
72,202310,1
73,202310,1
74,202310,1
75,202310,1
76,202310,1
77,202310,1
78,202310,1
79,202310,1
80,202310,1
81,202310,1
82,202310,1
83,202310,1
84,202310,1
85,202310,1
86,202310,1
87,202310,1
88,202310,1
89,202310,1
90,202310,1
91,202310,1
92,202310,1
93,202310,1
94,202310,1
95,202310,1
96,202310,1
97,202310,1
98,202310,1
99,202310,1
100,202310,1
101,202310,1
102,202310,1
103,202310,1
104,202310,1
105,202310,1
106,202310,1
107,202310,1
108,202310,1
109,202310,1
110,202310,1
111,202310,1
112,202310,1
113,202310,1
114,202310,1
115,202310,1
116,202310,1
117,202310,1
118,202310,1
119,202310,1
120,202310,1
121,202310,1
122,202310,1
123,202310,1
124,202310,1
125,202310,1
126,202310,1
127,202310,1
128,202310,1
129,202310,1
130,202310,1
131,202310,1
132,202310,1
133,202310,1
134,202310,1
135,202310,1
136,202310,1
137,202310,1
138,202310,1
139,202310,1
140,202310,1
141,202310,1
142,202310,1
143,202310,1
144,202310,1
145,202310,1
146,202310,1
147,202310,1
148,202310,1
149,202310,1
150,202310,1
151,202310,1
152,202310,1
153,202310,1
154,202310,1
155,202310,1
156,202310,1
157,202310,1
158,202310,1
159,202310,1
160,202310,1
161,202310,1
162,202310,1
163,202310,1
164,202310,1
165,202310,1
166,202310,1
167,202310,1
168,202310,1
169,202310,1
170,202310,1
171,202310,1
172,202310,1
173,202310,1
174,202310,1
175,202310,1
176,202310,1
177,202310,1
178,202310,1
179,202310,1
180,202310,1
181,202310,1
182,202310,1
183,202310,1
184,202310,1
185,202310,1
186,202310,1
187,202310,1
188,202310,1
189,202310,1
190,202310,1
191,202310,1
192,202310,1
193,202310,1
194,202310,1
195,202310,1
196,202310,1
197,202310,1
198,202310,1
199,202310,1
200,202310,1
201,202310,1
202,202310,1
203,202310,1
204,202310,1
205,202310,1
206,202310,1
207,202310,1
208,202310,1
209,202310,1
210,202310,1
211,202310,1
212,202310,1
213,202310,1
214,202310,1
215,202310,1
216,202310,1
217,202310,1
218,202310,1
219,202310,1
220,202310,1
221,202310,1
222,202310,1
223,202310,1
224,202310,1
225,202310,1
226,202310,1
227,202310,1
228,202310,1
229,202310,1
230,202310,1
231,202310,1
232,202310,1
233,202310,1
234,202310,1
235,202310,1
236,202310,1
237,202310,1
238,202310,1
239,202310,1
240,202310,1
241,202310,1
242,202310,1
243,202310,1
244,202310,1
245,202310,1
246,202310,1
247,202310,1
248,202310,1
249,202310,1
250,202310,1
251,202310,1
252,202310,1
253,202310,1
254,202310,1
255,202310,1
256,202310,1
257,202310,1
258,202310,1
259,202310,1
260,202310,1
261,202310,1
262,202310,1
263,202310,1
264,202310,1
265,202310,1
266,202310,1
267,202310,1
268,202310,1
269,202310,1
270,202310,1
271,202310,1
272,202310,1
273,202310,1
274,202310,1
275,202310,1
276,202310,1
277,202310,1
278,202310,1
279,202310,1
280,202310,1
281,202310,1
282,202310,1
283,202310,1
284,202310,1
285,202310,1
286,202310,1
287,202310,1
288,202310,1
289,202310,1
290,202310,1
291,202310,1
292,202310,1
293,202310,1
294,202310,1
295,202310,1
296,202310,1
297,202310,1
298,202310,1
299,202310,1
300,202310,1
301,202310,1
302,202310,1
303,202310,1
304,202310,1
305,202310,1
306,202310,1
307,202310,1
308,202310,1
309,202310,1
310,202310,1
311,202310,1
312,202310,1
313,202310,1
314,202310,1
315,202310,1
316,202310,1
317,202310,1
318,202310,1
319,202310,1
320,202310,1
321,202310,1
322,202310,1
323,202310,1
324,202310,1
325,202310,1
326,202310,1
327,202310,1
328,202310,1
329,202310,1
330,202310,1
331,202310,1
332,202310,1
333,202310,1
334,202310,1
335,202310,1
336,202310,1
337,202310,1
338,202310,1
339,202310,1
340,202310,1
341,202310,1
342,202310,1
343,202310,1
344,202310,1
345,202310,1
346,202310,1
347,202310,1
348,202310,1
349,202310,1
350,202310,1
351,202310,1
352,202310,1
353,202310,1
354,202310,1
355,202310,1
356,202310,1
357,202310,1
358,202310,1
359,202310,1
360,202310,1
361,202310,1
362,202310,1
363,202310,1
364,202310,1
365,202310,1
366,202310,1
367,202310,1
368,202310,1
369,202310,1
370,202310,1
371,202310,1
372,202310,1
373,202310,1
374,202310,1
375,202310,1
376,202310,1
377,202310,1
378,202310,1
379,202310,1
380,202310,1
381,202310,1
382,202310,1
383,202310,1
384,202310,1
385,202310,1
386,202310,1
387,202310,1
388,202310,1
389,202310,1
390,202310,1
391,202310,1
392,202310,1
393,202310,1
394,202310,1
395,202310,1
396,202310,1
397,202310,1
398,202310,1
399,202310,1
400,202310,1
401,202310,1
402,202310,1
403,202310,1
404,202310,1
405,202310,1
406,202310,1
407,202310,1
408,202310,1
409,202310,1
410,202310,1
411,202310,1
412,202310,1
413,202310,1
414,202310,1
415,202310,1
416,202310,1
417,202310,1
418,202310,1
419,202310,1
420,202310,1
421,202310,1
422,202310,1
423,202310,1
424,202310,1
425,202310,1
426,202310,1
427,202310,1
428,202310,1
429,202310,1
430,202310,1
431,202310,1
432,202310,1
433,202310,1
434,202310,1
435,202310,1
436,202310,1
437,202310,1
438,202310,1
439,202310,1
440,202310,1
441,202310,1
442,202310,1
443,202310,1
444,202310,1
445,202310,1
446,202310,1
447,202310,1
448,202310,1
449,202310,1
450,202310,1
451,202310,1
452,202310,1
453,202310,1
454,202310,1
455,202310,1
456,202310,1
457,202310,1
458,202310,1
459,202310,0
460,202310,0
461,202310,0
462,202310,0
1,202311,2
2,202311,2
3,202311,2
4,202311,2
5,202311,2
6,202311,2
7,202311,2
8,202311,2
9,202311,2
10,202311,2
11,202311,2
12,202311,2
13,202311,2
14,202311,2
15,202311,2
16,202311,2
17,202311,2
18,202311,2
19,202311,2
20,202311,2
21,202311,2
22,202311,2
23,202311,2
24,202311,2
25,202311,2
26,202311,2
27,202311,2
28,202311,2
29,202311,2
30,202311,2
31,202311,2
32,202311,2
33,202311,2
34,202311,2
35,202311,2
36,202311,2
37,202311,2
38,202311,2
39,202311,2
40,202311,2
41,202311,2
42,202311,2
43,202311,2
44,202311,2
45,202311,2
46,202311,2
48,202311,2
49,202311,2
50,202311,2
51,202311,2
52,202311,2
53,202311,2
54,202311,2
55,202311,2
56,202311,2
57,202311,2
58,202311,2
59,202311,2
60,202311,2
61,202311,2
62,202311,2
63,202311,2
64,202311,2
65,202311,2
66,202311,2
67,202311,2
68,202311,2
69,202311,2
70,202311,2
71,202311,2
72,202311,2
73,202311,2
74,202311,2
75,202311,2
76,202311,2
77,202311,2
78,202311,2
79,202311,2
80,202311,2
81,202311,2
82,202311,2
83,202311,2
84,202311,2
85,202311,2
86,202311,2
87,202311,2
88,202311,2
89,202311,2
90,202311,2
91,202311,2
92,202311,2
93,202311,2
94,202311,2
95,202311,2
96,202311,2
97,202311,2
98,202311,2
99,202311,2
100,202311,2
101,202311,2
102,202311,2
103,202311,2
104,202311,2
105,202311,2
106,202311,2
107,202311,2
108,202311,2
109,202311,2
110,202311,2
111,202311,2
112,202311,2
113,202311,2
114,202311,2
115,202311,2
116,202311,2
117,202311,2
118,202311,2
119,202311,2
120,202311,2
121,202311,2
122,202311,2
123,202311,2
124,202311,2
125,202311,2
126,202311,2
127,202311,2
128,202311,2
129,202311,2
130,202311,2
131,202311,2
132,202311,2
133,202311,2
135,202311,2
136,202311,2
137,202311,2
138,202311,2
139,202311,2
140,202311,2
141,202311,2
142,202311,2
143,202311,2
144,202311,2
145,202311,2
146,202311,2
147,202311,2
148,202311,2
149,202311,2
150,202311,2
151,202311,2
152,202311,2
153,202311,2
154,202311,2
155,202311,2
156,202311,2
157,202311,2
158,202311,2
159,202311,2
160,202311,2
161,202311,2
162,202311,2
163,202311,2
164,202311,2
165,202311,2
166,202311,2
167,202311,2
168,202311,2
169,202311,2
170,202311,2
171,202311,2
172,202311,2
173,202311,2
174,202311,2
175,202311,2
176,202311,2
177,202311,2
178,202311,2
179,202311,2
180,202311,2
181,202311,2
182,202311,2
183,202311,2
184,202311,2
185,202311,2
186,202311,2
187,202311,2
189,202311,2
190,202311,2
191,202311,2
192,202311,2
193,202311,2
194,202311,2
195,202311,2
196,202311,2
197,202311,2
198,202311,2
199,202311,2
200,202311,2
201,202311,2
202,202311,2
203,202311,2
204,202311,2
205,202311,2
206,202311,2
207,202311,2
208,202311,2
209,202311,2
210,202311,2
211,202311,2
212,202311,2
213,202311,2
214,202311,2
215,202311,2
216,202311,2
217,202311,2
218,202311,2
219,202311,2
220,202311,2
221,202311,2
222,202311,2
223,202311,2
224,202311,2
225,202311,2
226,202311,2
227,202311,2
229,202311,2
230,202311,2
231,202311,2
233,202311,2
234,202311,2
235,202311,2
236,202311,2
237,202311,2
238,202311,2
239,202311,2
240,202311,2
241,202311,2
242,202311,2
243,202311,2
244,202311,2
245,202311,2
246,202311,2
247,202311,2
248,202311,2
249,202311,2
250,202311,2
251,202311,2
252,202311,2
253,202311,2
254,202311,2
255,202311,2
256,202311,2
257,202311,2
258,202311,2
259,202311,2
260,202311,2
261,202311,2
262,202311,2
263,202311,2
264,202311,2
265,202311,2
266,202311,2
267,202311,2
268,202311,2
269,202311,2
270,202311,2
271,202311,2
272,202311,2
273,202311,2
274,202311,2
275,202311,2
276,202311,2
277,202311,2
278,202311,2
279,202311,2
280,202311,2
281,202311,2
282,202311,2
283,202311,2
284,202311,2
285,202311,2
286,202311,2
287,202311,2
288,202311,2
289,202311,2
290,202311,2
291,202311,2
292,202311,2
293,202311,2
294,202311,2
295,202311,2
296,202311,2
297,202311,2
298,202311,2
299,202311,2
300,202311,2
301,202311,2
302,202311,2
303,202311,2
304,202311,2
305,202311,2
306,202311,2
307,202311,2
308,202311,2
309,202311,2
310,202311,2
311,202311,2
312,202311,2
313,202311,2
314,202311,2
315,202311,2
316,202311,2
317,202311,2
318,202311,2
319,202311,2
320,202311,2
321,202311,2
322,202311,2
323,202311,2
324,202311,2
325,202311,2
326,202311,2
327,202311,2
328,202311,2
329,202311,2
330,202311,2
331,202311,2
332,202311,2
333,202311,2
334,202311,2
335,202311,2
336,202311,2
337,202311,2
338,202311,2
339,202311,2
340,202311,2
341,202311,2
342,202311,2
343,202311,2
344,202311,2
345,202311,2
346,202311,2
347,202311,2
348,202311,2
349,202311,2
351,202311,2
352,202311,2
353,202311,2
354,202311,2
355,202311,2
356,202311,2
357,202311,2
358,202311,2
359,202311,2
361,202311,2
362,202311,2
363,202311,2
364,202311,2
365,202311,2
366,202311,2
367,202311,2
368,202311,2
369,202311,2
370,202311,2
371,202311,2
372,202311,2
373,202311,2
374,202311,2
375,202311,2
376,202311,2
377,202311,2
378,202311,2
379,202311,2
381,202311,2
382,202311,2
383,202311,2
384,202311,2
385,202311,2
386,202311,2
387,202311,2
388,202311,2
389,202311,2
390,202311,2
391,202311,2
392,202311,2
393,202311,2
394,202311,2
395,202311,2
396,202311,2
397,202311,2
398,202311,2
399,202311,2
400,202311,2
401,202311,2
402,202311,2
403,202311,2
404,202311,2
405,202311,2
406,202311,2
407,202311,2
408,202311,2
409,202311,2
411,202311,2
412,202311,2
413,202311,2
414,202311,2
415,202311,2
416,202311,2
417,202311,2
418,202311,2
419,202311,2
420,202311,2
421,202311,2
422,202311,2
423,202311,2
424,202311,2
425,202311,2
426,202311,2
427,202311,2
428,202311,2
429,202311,2
430,202311,2
431,202311,2
432,202311,2
433,202311,2
434,202311,2
435,202311,2
436,202311,2
437,202311,2
438,202311,2
439,202311,2
440,202311,2
442,202311,2
443,202311,2
444,202311,2
445,202311,2
446,202311,2
447,202311,2
448,202311,2
449,202311,2
450,202311,2
451,202311,2
452,202311,2
453,202311,2
454,202311,2
455,202311,2
456,202311,2
457,202311,2
458,202311,2
459,202311,1
460,202311,1
461,202311,1
462,202311,1
463,202311,0
464,202311,0
465,202311,0
466,202311,0
467,202311,0
468,202311,0
1,202312,3
2,202312,3
3,202312,3
4,202312,3
5,202312,3
6,202312,3
7,202312,3
8,202312,3
9,202312,3
10,202312,3
11,202312,3
12,202312,3
13,202312,3
14,202312,3
15,202312,3
16,202312,3
17,202312,3
18,202312,3
19,202312,3
20,202312,3
21,202312,3
22,202312,3
23,202312,3
24,202312,3
26,202312,3
27,202312,3
28,202312,3
29,202312,3
30,202312,3
31,202312,3
32,202312,3
33,202312,3
35,202312,3
36,202312,3
37,202312,3
38,202312,3
39,202312,3
40,202312,3
41,202312,3
42,202312,3
43,202312,3
44,202312,3
45,202312,3
46,202312,3
48,202312,3
49,202312,3
50,202312,3
51,202312,3
52,202312,3
53,202312,3
55,202312,3
56,202312,3
57,202312,3
58,202312,3
59,202312,3
60,202312,3
61,202312,3
62,202312,3
63,202312,3
64,202312,3
65,202312,3
66,202312,3
67,202312,3
68,202312,3
69,202312,3
70,202312,3
71,202312,3
72,202312,3
73,202312,3
74,202312,3
75,202312,3
76,202312,3
77,202312,3
78,202312,3
79,202312,3
80,202312,3
81,202312,3
82,202312,3
83,202312,3
84,202312,3
85,202312,3
86,202312,3
87,202312,3
88,202312,3
89,202312,3
90,202312,3
91,202312,3
92,202312,3
93,202312,3
94,202312,3
95,202312,3
96,202312,3
97,202312,3
98,202312,3
99,202312,3
100,202312,3
101,202312,3
102,202312,3
103,202312,3
104,202312,3
105,202312,3
106,202312,3
107,202312,3
108,202312,3
109,202312,3
110,202312,3
111,202312,3
112,202312,3
113,202312,3
114,202312,3
115,202312,3
116,202312,3
117,202312,3
118,202312,3
119,202312,3
120,202312,3
121,202312,3
122,202312,3
123,202312,3
124,202312,3
125,202312,3
126,202312,3
127,202312,3
128,202312,3
129,202312,3
130,202312,3
131,202312,3
132,202312,3
133,202312,3
135,202312,3
136,202312,3
137,202312,3
138,202312,3
139,202312,3
140,202312,3
141,202312,3
142,202312,3
143,202312,3
144,202312,3
145,202312,3
146,202312,3
147,202312,3
148,202312,3
149,202312,3
150,202312,3
151,202312,3
152,202312,3
153,202312,3
154,202312,3
155,202312,3
156,202312,3
157,202312,3
158,202312,3
159,202312,3
160,202312,3
161,202312,3
162,202312,3
163,202312,3
164,202312,3
165,202312,3
166,202312,3
167,202312,3
168,202312,3
169,202312,3
170,202312,3
171,202312,3
172,202312,3
173,202312,3
174,202312,3
175,202312,3
176,202312,3
177,202312,3
178,202312,3
179,202312,3
180,202312,3
181,202312,3
182,202312,3
183,202312,3
184,202312,3
185,202312,3
186,202312,3
187,202312,3
189,202312,3
190,202312,3
191,202312,3
192,202312,3
193,202312,3
194,202312,3
195,202312,3
197,202312,3
198,202312,3
199,202312,3
200,202312,3
201,202312,3
202,202312,3
203,202312,3
204,202312,3
205,202312,3
206,202312,3
207,202312,3
208,202312,3
209,202312,3
210,202312,3
211,202312,3
212,202312,3
213,202312,3
214,202312,3
215,202312,3
216,202312,3
217,202312,3
218,202312,3
219,202312,3
220,202312,3
221,202312,3
222,202312,3
223,202312,3
224,202312,3
225,202312,3
226,202312,3
227,202312,3
229,202312,3
230,202312,3
231,202312,3
233,202312,3
234,202312,3
235,202312,3
236,202312,3
237,202312,3
238,202312,3
239,202312,3
240,202312,3
241,202312,3
242,202312,3
243,202312,3
244,202312,3
245,202312,3
246,202312,3
247,202312,3
248,202312,3
249,202312,3
250,202312,3
251,202312,3
252,202312,3
253,202312,3
254,202312,3
255,202312,3
256,202312,3
257,202312,3
258,202312,3
259,202312,3
260,202312,3
261,202312,3
262,202312,3
263,202312,3
264,202312,3
265,202312,3
266,202312,3
267,202312,3
268,202312,3
269,202312,3
270,202312,3
271,202312,3
272,202312,3
273,202312,3
274,202312,3
275,202312,3
276,202312,3
277,202312,3
278,202312,3
279,202312,3
280,202312,3
281,202312,3
282,202312,3
283,202312,3
284,202312,3
285,202312,3
286,202312,3
287,202312,3
289,202312,3
290,202312,3
291,202312,3
292,202312,3
293,202312,3
294,202312,3
295,202312,3
296,202312,3
297,202312,3
298,202312,3
299,202312,3
300,202312,3
301,202312,3
302,202312,3
303,202312,3
304,202312,3
305,202312,3
306,202312,3
307,202312,3
308,202312,3
309,202312,3
310,202312,3
311,202312,3
312,202312,3
313,202312,3
314,202312,3
315,202312,3
316,202312,3
317,202312,3
318,202312,3
319,202312,3
320,202312,3
321,202312,3
322,202312,3
323,202312,3
324,202312,3
325,202312,3
326,202312,3
327,202312,3
328,202312,3
329,202312,3
330,202312,3
331,202312,3
332,202312,3
333,202312,3
334,202312,3
335,202312,3
336,202312,3
337,202312,3
338,202312,3
339,202312,3
340,202312,3
341,202312,3
342,202312,3
343,202312,3
344,202312,3
345,202312,3
346,202312,3
347,202312,3
348,202312,3
349,202312,3
351,202312,3
352,202312,3
353,202312,3
354,202312,3
355,202312,3
356,202312,3
357,202312,3
358,202312,3
359,202312,3
361,202312,3
362,202312,3
363,202312,3
364,202312,3
365,202312,3
366,202312,3
367,202312,3
368,202312,3
369,202312,3
370,202312,3
371,202312,3
372,202312,3
373,202312,3
374,202312,3
375,202312,3
376,202312,3
377,202312,3
378,202312,3
379,202312,3
381,202312,3
382,202312,3
383,202312,3
384,202312,3
385,202312,3
386,202312,3
387,202312,3
388,202312,3
389,202312,3
390,202312,3
391,202312,3
392,202312,3
393,202312,3
394,202312,3
395,202312,3
396,202312,3
397,202312,3
398,202312,3
399,202312,3
400,202312,3
401,202312,3
402,202312,3
403,202312,3
404,202312,3
405,202312,3
406,202312,3
407,202312,3
408,202312,3
409,202312,3
411,202312,3
412,202312,3
413,202312,3
414,202312,3
415,202312,3
416,202312,3
417,202312,3
418,202312,3
419,202312,3
420,202312,3
421,202312,3
422,202312,3
423,202312,3
424,202312,3
425,202312,3
426,202312,3
427,202312,3
428,202312,3
429,202312,3
430,202312,3
431,202312,3
432,202312,3
433,202312,3
434,202312,3
435,202312,3
436,202312,3
437,202312,3
438,202312,3
439,202312,3
440,202312,3
442,202312,3
443,202312,3
444,202312,3
445,202312,3
446,202312,3
447,202312,3
448,202312,3
449,202312,3
450,202312,3
451,202312,3
452,202312,3
453,202312,3
454,202312,3
455,202312,3
456,202312,3
457,202312,3
458,202312,3
459,202312,2
460,202312,2
461,202312,2
462,202312,2
463,202312,1
464,202312,1
465,202312,1
466,202312,1
467,202312,1
468,202312,1
469,202312,0
470,202312,0
471,202312,0
1,202401,4
2,202401,4
3,202401,4
4,202401,4
5,202401,4
6,202401,4
7,202401,4
8,202401,4
9,202401,4
10,202401,4
11,202401,4
12,202401,4
13,202401,4
14,202401,4
16,202401,4
17,202401,4
18,202401,4
19,202401,4
20,202401,4
21,202401,4
22,202401,4
23,202401,4
24,202401,4
26,202401,4
27,202401,4
28,202401,4
29,202401,4
30,202401,4
31,202401,4
32,202401,4
33,202401,4
35,202401,4
36,202401,4
37,202401,4
38,202401,4
39,202401,4
40,202401,4
41,202401,4
42,202401,4
43,202401,4
44,202401,4
45,202401,4
46,202401,4
48,202401,4
49,202401,4
50,202401,4
51,202401,4
52,202401,4
53,202401,4
55,202401,4
56,202401,4
57,202401,4
58,202401,4
59,202401,4
60,202401,4
61,202401,4
62,202401,4
63,202401,4
64,202401,4
65,202401,4
66,202401,4
67,202401,4
68,202401,4
69,202401,4
71,202401,4
72,202401,4
73,202401,4
74,202401,4
75,202401,4
76,202401,4
77,202401,4
78,202401,4
79,202401,4
80,202401,4
81,202401,4
82,202401,4
83,202401,4
84,202401,4
85,202401,4
86,202401,4
87,202401,4
88,202401,4
89,202401,4
90,202401,4
91,202401,4
92,202401,4
93,202401,4
94,202401,4
95,202401,4
96,202401,4
97,202401,4
98,202401,4
99,202401,4
100,202401,4
101,202401,4
102,202401,4
103,202401,4
104,202401,4
105,202401,4
106,202401,4
107,202401,4
108,202401,4
109,202401,4
110,202401,4
111,202401,4
112,202401,4
113,202401,4
114,202401,4
115,202401,4
116,202401,4
117,202401,4
118,202401,4
119,202401,4
120,202401,4
121,202401,4
122,202401,4
123,202401,4
124,202401,4
125,202401,4
126,202401,4
127,202401,4
128,202401,4
129,202401,4
130,202401,4
131,202401,4
132,202401,4
133,202401,4
135,202401,4
136,202401,4
137,202401,4
138,202401,4
139,202401,4
140,202401,4
141,202401,4
142,202401,4
143,202401,4
144,202401,4
145,202401,4
146,202401,4
147,202401,4
148,202401,4
149,202401,4
150,202401,4
151,202401,4
152,202401,4
153,202401,4
154,202401,4
155,202401,4
156,202401,4
157,202401,4
158,202401,4
159,202401,4
160,202401,4
161,202401,4
162,202401,4
163,202401,4
164,202401,4
165,202401,4
166,202401,4
167,202401,4
168,202401,4
169,202401,4
170,202401,4
171,202401,4
172,202401,4
173,202401,4
174,202401,4
175,202401,4
176,202401,4
177,202401,4
178,202401,4
179,202401,4
180,202401,4
181,202401,4
182,202401,4
183,202401,4
184,202401,4
185,202401,4
186,202401,4
187,202401,4
189,202401,4
190,202401,4
191,202401,4
192,202401,4
193,202401,4
194,202401,4
195,202401,4
197,202401,4
198,202401,4
199,202401,4
200,202401,4
201,202401,4
202,202401,4
203,202401,4
204,202401,4
205,202401,4
206,202401,4
207,202401,4
208,202401,4
209,202401,4
210,202401,4
211,202401,4
212,202401,4
213,202401,4
214,202401,4
215,202401,4
216,202401,4
217,202401,4
219,202401,4
221,202401,4
222,202401,4
223,202401,4
224,202401,4
225,202401,4
226,202401,4
227,202401,4
229,202401,4
230,202401,4
231,202401,4
233,202401,4
234,202401,4
235,202401,4
236,202401,4
237,202401,4
238,202401,4
240,202401,4
241,202401,4
242,202401,4
243,202401,4
244,202401,4
245,202401,4
246,202401,4
247,202401,4
248,202401,4
249,202401,4
250,202401,4
251,202401,4
252,202401,4
253,202401,4
254,202401,4
255,202401,4
256,202401,4
257,202401,4
258,202401,4
259,202401,4
260,202401,4
261,202401,4
262,202401,4
263,202401,4
264,202401,4
265,202401,4
266,202401,4
267,202401,4
268,202401,4
269,202401,4
270,202401,4
271,202401,4
272,202401,4
273,202401,4
274,202401,4
275,202401,4
276,202401,4
277,202401,4
278,202401,4
279,202401,4
280,202401,4
281,202401,4
282,202401,4
283,202401,4
284,202401,4
285,202401,4
286,202401,4
287,202401,4
289,202401,4
290,202401,4
291,202401,4
292,202401,4
293,202401,4
294,202401,4
295,202401,4
296,202401,4
297,202401,4
298,202401,4
299,202401,4
300,202401,4
301,202401,4
302,202401,4
303,202401,4
304,202401,4
305,202401,4
306,202401,4
307,202401,4
308,202401,4
309,202401,4
310,202401,4
311,202401,4
312,202401,4
313,202401,4
314,202401,4
315,202401,4
316,202401,4
317,202401,4
318,202401,4
319,202401,4
320,202401,4
321,202401,4
322,202401,4
323,202401,4
324,202401,4
325,202401,4
326,202401,4
327,202401,4
328,202401,4
329,202401,4
330,202401,4
331,202401,4
332,202401,4
333,202401,4
334,202401,4
335,202401,4
336,202401,4
337,202401,4
338,202401,4
339,202401,4
340,202401,4
341,202401,4
342,202401,4
343,202401,4
344,202401,4
345,202401,4
346,202401,4
347,202401,4
348,202401,4
349,202401,4
351,202401,4
352,202401,4
353,202401,4
354,202401,4
355,202401,4
356,202401,4
357,202401,4
358,202401,4
359,202401,4
361,202401,4
362,202401,4
363,202401,4
364,202401,4
365,202401,4
366,202401,4
367,202401,4
368,202401,4
369,202401,4
370,202401,4
371,202401,4
372,202401,4
373,202401,4
374,202401,4
375,202401,4
376,202401,4
377,202401,4
378,202401,4
379,202401,4
381,202401,4
382,202401,4
383,202401,4
384,202401,4
385,202401,4
386,202401,4
387,202401,4
388,202401,4
389,202401,4
390,202401,4
391,202401,4
392,202401,4
393,202401,4
394,202401,4
395,202401,4
396,202401,4
397,202401,4
398,202401,4
399,202401,4
400,202401,4
401,202401,4
402,202401,4
403,202401,4
404,202401,4
405,202401,4
406,202401,4
407,202401,4
408,202401,4
409,202401,4
411,202401,4
412,202401,4
413,202401,4
414,202401,4
415,202401,4
416,202401,4
418,202401,4
419,202401,4
420,202401,4
421,202401,4
422,202401,4
423,202401,4
424,202401,4
425,202401,4
426,202401,4
427,202401,4
428,202401,4
429,202401,4
430,202401,4
431,202401,4
432,202401,4
433,202401,4
434,202401,4
435,202401,4
436,202401,4
437,202401,4
438,202401,4
439,202401,4
442,202401,4
443,202401,4
444,202401,4
445,202401,4
446,202401,4
447,202401,4
448,202401,4
449,202401,4
450,202401,4
451,202401,4
452,202401,4
453,202401,4
454,202401,4
455,202401,4
456,202401,4
457,202401,4
458,202401,4
459,202401,3
460,202401,3
461,202401,3
462,202401,3
463,202401,2
464,202401,2
465,202401,2
466,202401,2
467,202401,2
468,202401,2
469,202401,1
470,202401,1
471,202401,1
472,202401,0
473,202401,0
474,202401,0
475,202401,0
476,202401,0
477,202401,0
1,202402,5
2,202402,5
3,202402,5
4,202402,5
5,202402,5
6,202402,5
7,202402,5
8,202402,5
9,202402,5
10,202402,5
11,202402,5
12,202402,5
13,202402,5
14,202402,5
16,202402,5
17,202402,5
19,202402,5
20,202402,5
21,202402,5
22,202402,5
23,202402,5
24,202402,5
26,202402,5
27,202402,5
28,202402,5
29,202402,5
30,202402,5
31,202402,5
32,202402,5
33,202402,5
35,202402,5
36,202402,5
37,202402,5
38,202402,5
39,202402,5
40,202402,5
41,202402,5
42,202402,5
43,202402,5
44,202402,5
45,202402,5
46,202402,5
48,202402,5
49,202402,5
50,202402,5
51,202402,5
52,202402,5
53,202402,5
55,202402,5
56,202402,5
57,202402,5
58,202402,5
59,202402,5
60,202402,5
61,202402,5
62,202402,5
63,202402,5
64,202402,5
65,202402,5
66,202402,5
67,202402,5
69,202402,5
71,202402,5
72,202402,5
73,202402,5
74,202402,5
75,202402,5
76,202402,5
77,202402,5
78,202402,5
79,202402,5
80,202402,5
81,202402,5
82,202402,5
83,202402,5
84,202402,5
85,202402,5
86,202402,5
87,202402,5
88,202402,5
89,202402,5
90,202402,5
91,202402,5
92,202402,5
93,202402,5
94,202402,5
95,202402,5
96,202402,5
97,202402,5
98,202402,5
99,202402,5
100,202402,5
101,202402,5
102,202402,5
103,202402,5
104,202402,5
105,202402,5
106,202402,5
107,202402,5
108,202402,5
109,202402,5
110,202402,5
111,202402,5
112,202402,5
113,202402,5
114,202402,5
115,202402,5
116,202402,5
117,202402,5
118,202402,5
119,202402,5
120,202402,5
121,202402,5
122,202402,5
123,202402,5
124,202402,5
125,202402,5
126,202402,5
127,202402,5
128,202402,5
129,202402,5
130,202402,5
131,202402,5
133,202402,5
135,202402,5
136,202402,5
137,202402,5
138,202402,5
139,202402,5
140,202402,5
141,202402,5
142,202402,5
143,202402,5
144,202402,5
145,202402,5
146,202402,5
147,202402,5
148,202402,5
149,202402,5
150,202402,5
151,202402,5
152,202402,5
153,202402,5
154,202402,5
155,202402,5
156,202402,5
157,202402,5
158,202402,5
159,202402,5
160,202402,5
161,202402,5
162,202402,5
163,202402,5
164,202402,5
165,202402,5
166,202402,5
167,202402,5
168,202402,5
169,202402,5
170,202402,5
171,202402,5
172,202402,5
173,202402,5
174,202402,5
175,202402,5
176,202402,5
177,202402,5
178,202402,5
179,202402,5
180,202402,5
181,202402,5
182,202402,5
183,202402,5
184,202402,5
185,202402,5
186,202402,5
187,202402,5
189,202402,5
190,202402,5
191,202402,5
192,202402,5
193,202402,5
194,202402,5
195,202402,5
197,202402,5
198,202402,5
199,202402,5
200,202402,5
201,202402,5
202,202402,5
203,202402,5
204,202402,5
205,202402,5
206,202402,5
207,202402,5
208,202402,5
209,202402,5
210,202402,5
211,202402,5
212,202402,5
213,202402,5
214,202402,5
215,202402,5
216,202402,5
217,202402,5
219,202402,5
221,202402,5
222,202402,5
223,202402,5
224,202402,5
225,202402,5
226,202402,5
227,202402,5
229,202402,5
230,202402,5
231,202402,5
233,202402,5
234,202402,5
235,202402,5
236,202402,5
237,202402,5
238,202402,5
240,202402,5
241,202402,5
242,202402,5
243,202402,5
244,202402,5
245,202402,5
246,202402,5
247,202402,5
248,202402,5
249,202402,5
250,202402,5
251,202402,5
252,202402,5
253,202402,5
254,202402,5
255,202402,5
256,202402,5
257,202402,5
258,202402,5
259,202402,5
260,202402,5
261,202402,5
262,202402,5
263,202402,5
264,202402,5
265,202402,5
266,202402,5
267,202402,5
268,202402,5
269,202402,5
270,202402,5
271,202402,5
272,202402,5
273,202402,5
274,202402,5
275,202402,5
276,202402,5
277,202402,5
278,202402,5
279,202402,5
280,202402,5
281,202402,5
282,202402,5
283,202402,5
284,202402,5
285,202402,5
286,202402,5
287,202402,5
289,202402,5
290,202402,5
291,202402,5
292,202402,5
293,202402,5
294,202402,5
295,202402,5
296,202402,5
297,202402,5
298,202402,5
299,202402,5
300,202402,5
301,202402,5
302,202402,5
303,202402,5
304,202402,5
305,202402,5
306,202402,5
307,202402,5
308,202402,5
309,202402,5
310,202402,5
311,202402,5
312,202402,5
313,202402,5
314,202402,5
315,202402,5
316,202402,5
317,202402,5
318,202402,5
319,202402,5
320,202402,5
321,202402,5
322,202402,5
323,202402,5
324,202402,5
325,202402,5
326,202402,5
327,202402,5
328,202402,5
329,202402,5
330,202402,5
331,202402,5
332,202402,5
333,202402,5
334,202402,5
335,202402,5
336,202402,5
337,202402,5
338,202402,5
339,202402,5
340,202402,5
341,202402,5
342,202402,5
343,202402,5
344,202402,5
345,202402,5
346,202402,5
347,202402,5
348,202402,5
349,202402,5
351,202402,5
352,202402,5
353,202402,5
354,202402,5
355,202402,5
356,202402,5
357,202402,5
358,202402,5
359,202402,5
361,202402,5
362,202402,5
363,202402,5
364,202402,5
365,202402,5
366,202402,5
367,202402,5
368,202402,5
369,202402,5
370,202402,5
371,202402,5
372,202402,5
373,202402,5
374,202402,5
375,202402,5
376,202402,5
377,202402,5
378,202402,5
379,202402,5
381,202402,5
382,202402,5
383,202402,5
384,202402,5
385,202402,5
386,202402,5
387,202402,5
388,202402,5
389,202402,5
390,202402,5
391,202402,5
392,202402,5
393,202402,5
394,202402,5
395,202402,5
396,202402,5
397,202402,5
398,202402,5
399,202402,5
400,202402,5
401,202402,5
402,202402,5
403,202402,5
404,202402,5
405,202402,5
406,202402,5
407,202402,5
408,202402,5
409,202402,5
411,202402,5
412,202402,5
413,202402,5
414,202402,5
415,202402,5
416,202402,5
418,202402,5
419,202402,5
420,202402,5
421,202402,5
422,202402,5
423,202402,5
424,202402,5
425,202402,5
426,202402,5
427,202402,5
428,202402,5
429,202402,5
430,202402,5
431,202402,5
432,202402,5
433,202402,5
434,202402,5
435,202402,5
436,202402,5
437,202402,5
438,202402,5
439,202402,5
442,202402,5
443,202402,5
444,202402,5
445,202402,5
446,202402,5
447,202402,5
448,202402,5
449,202402,5
450,202402,5
451,202402,5
452,202402,5
453,202402,5
454,202402,5
455,202402,5
456,202402,5
457,202402,5
458,202402,5
459,202402,4
460,202402,4
461,202402,4
462,202402,4
463,202402,3
464,202402,3
465,202402,3
466,202402,3
467,202402,3
468,202402,3
469,202402,2
470,202402,2
471,202402,2
472,202402,1
473,202402,1
474,202402,1
475,202402,1
476,202402,1
477,202402,1
478,202402,0
1,202403,6
2,202403,6
3,202403,6
4,202403,6
5,202403,6
6,202403,6
7,202403,6
8,202403,6
9,202403,6
10,202403,6
11,202403,6
12,202403,6
13,202403,6
14,202403,6
16,202403,6
17,202403,6
19,202403,6
20,202403,6
21,202403,6
22,202403,6
23,202403,6
24,202403,6
26,202403,6
27,202403,6
28,202403,6
29,202403,6
30,202403,6
31,202403,6
32,202403,6
33,202403,6
35,202403,6
36,202403,6
37,202403,6
38,202403,6
39,202403,6
40,202403,6
41,202403,6
42,202403,6
43,202403,6
44,202403,6
45,202403,6
46,202403,6
48,202403,6
49,202403,6
50,202403,6
51,202403,6
52,202403,6
53,202403,6
55,202403,6
56,202403,6
57,202403,6
58,202403,6
59,202403,6
60,202403,6
61,202403,6
62,202403,6
63,202403,6
64,202403,6
65,202403,6
66,202403,6
67,202403,6
69,202403,6
71,202403,6
72,202403,6
73,202403,6
74,202403,6
75,202403,6
76,202403,6
77,202403,6
78,202403,6
79,202403,6
80,202403,6
81,202403,6
82,202403,6
83,202403,6
84,202403,6
85,202403,6
86,202403,6
87,202403,6
88,202403,6
89,202403,6
90,202403,6
91,202403,6
92,202403,6
93,202403,6
94,202403,6
95,202403,6
96,202403,6
97,202403,6
98,202403,6
99,202403,6
100,202403,6
101,202403,6
102,202403,6
103,202403,6
104,202403,6
105,202403,6
106,202403,6
107,202403,6
108,202403,6
109,202403,6
110,202403,6
111,202403,6
112,202403,6
113,202403,6
114,202403,6
115,202403,6
116,202403,6
117,202403,6
118,202403,6
119,202403,6
120,202403,6
121,202403,6
122,202403,6
123,202403,6
124,202403,6
125,202403,6
126,202403,6
127,202403,6
128,202403,6
129,202403,6
130,202403,6
131,202403,6
133,202403,6
135,202403,6
136,202403,6
137,202403,6
138,202403,6
139,202403,6
140,202403,6
141,202403,6
142,202403,6
143,202403,6
144,202403,6
145,202403,6
146,202403,6
147,202403,6
148,202403,6
149,202403,6
150,202403,6
151,202403,6
152,202403,6
153,202403,6
154,202403,6
155,202403,6
156,202403,6
157,202403,6
158,202403,6
159,202403,6
160,202403,6
161,202403,6
162,202403,6
163,202403,6
164,202403,6
165,202403,6
166,202403,6
167,202403,6
168,202403,6
169,202403,6
170,202403,6
171,202403,6
172,202403,6
173,202403,6
174,202403,6
175,202403,6
176,202403,6
177,202403,6
178,202403,6
179,202403,6
180,202403,6
181,202403,6
182,202403,6
183,202403,6
184,202403,6
185,202403,6
186,202403,6
187,202403,6
189,202403,6
190,202403,6
191,202403,6
192,202403,6
193,202403,6
194,202403,6
195,202403,6
197,202403,6
198,202403,6
199,202403,6
200,202403,6
201,202403,6
202,202403,6
203,202403,6
204,202403,6
206,202403,6
207,202403,6
208,202403,6
209,202403,6
210,202403,6
211,202403,6
212,202403,6
213,202403,6
214,202403,6
215,202403,6
216,202403,6
217,202403,6
219,202403,6
221,202403,6
222,202403,6
223,202403,6
224,202403,6
225,202403,6
226,202403,6
227,202403,6
229,202403,6
230,202403,6
231,202403,6
233,202403,6
234,202403,6
235,202403,6
236,202403,6
237,202403,6
238,202403,6
240,202403,6
241,202403,6
242,202403,6
243,202403,6
244,202403,6
245,202403,6
246,202403,6
247,202403,6
248,202403,6
249,202403,6
250,202403,6
251,202403,6
252,202403,6
253,202403,6
254,202403,6
255,202403,6
256,202403,6
257,202403,6
258,202403,6
259,202403,6
260,202403,6
262,202403,6
263,202403,6
264,202403,6
265,202403,6
266,202403,6
267,202403,6
268,202403,6
269,202403,6
270,202403,6
271,202403,6
272,202403,6
273,202403,6
274,202403,6
275,202403,6
276,202403,6
277,202403,6
278,202403,6
279,202403,6
280,202403,6
281,202403,6
282,202403,6
283,202403,6
285,202403,6
286,202403,6
287,202403,6
289,202403,6
290,202403,6
291,202403,6
292,202403,6
293,202403,6
294,202403,6
295,202403,6
296,202403,6
297,202403,6
298,202403,6
299,202403,6
300,202403,6
301,202403,6
302,202403,6
303,202403,6
304,202403,6
305,202403,6
306,202403,6
308,202403,6
309,202403,6
310,202403,6
311,202403,6
312,202403,6
313,202403,6
314,202403,6
315,202403,6
316,202403,6
317,202403,6
318,202403,6
319,202403,6
320,202403,6
321,202403,6
322,202403,6
323,202403,6
324,202403,6
325,202403,6
326,202403,6
327,202403,6
328,202403,6
329,202403,6
330,202403,6
331,202403,6
332,202403,6
333,202403,6
334,202403,6
335,202403,6
336,202403,6
337,202403,6
338,202403,6
339,202403,6
340,202403,6
341,202403,6
342,202403,6
343,202403,6
344,202403,6
345,202403,6
346,202403,6
347,202403,6
348,202403,6
349,202403,6
351,202403,6
352,202403,6
353,202403,6
354,202403,6
355,202403,6
356,202403,6
357,202403,6
358,202403,6
359,202403,6
361,202403,6
362,202403,6
363,202403,6
364,202403,6
365,202403,6
366,202403,6
367,202403,6
368,202403,6
369,202403,6
370,202403,6
371,202403,6
372,202403,6
373,202403,6
374,202403,6
375,202403,6
376,202403,6
377,202403,6
378,202403,6
379,202403,6
381,202403,6
382,202403,6
383,202403,6
384,202403,6
385,202403,6
386,202403,6
387,202403,6
388,202403,6
389,202403,6
390,202403,6
391,202403,6
392,202403,6
393,202403,6
394,202403,6
395,202403,6
396,202403,6
397,202403,6
398,202403,6
399,202403,6
400,202403,6
401,202403,6
402,202403,6
403,202403,6
404,202403,6
405,202403,6
406,202403,6
407,202403,6
408,202403,6
409,202403,6
411,202403,6
412,202403,6
414,202403,6
415,202403,6
416,202403,6
418,202403,6
419,202403,6
420,202403,6
421,202403,6
422,202403,6
423,202403,6
424,202403,6
425,202403,6
426,202403,6
427,202403,6
428,202403,6
429,202403,6
430,202403,6
431,202403,6
432,202403,6
433,202403,6
434,202403,6
435,202403,6
436,202403,6
437,202403,6
438,202403,6
439,202403,6
442,202403,6
444,202403,6
445,202403,6
446,202403,6
447,202403,6
448,202403,6
449,202403,6
450,202403,6
451,202403,6
452,202403,6
453,202403,6
454,202403,6
455,202403,6
456,202403,6
457,202403,6
458,202403,6
460,202403,5
461,202403,5
462,202403,5
464,202403,4
465,202403,4
466,202403,4
467,202403,4
468,202403,4
469,202403,3
470,202403,3
471,202403,3
472,202403,2
473,202403,2
474,202403,2
475,202403,2
476,202403,2
477,202403,2
478,202403,1
479,202403,0
480,202403,0
481,202403,0
482,202403,0
483,202403,0
484,202403,0
1,202404,7
2,202404,7
3,202404,7
4,202404,7
5,202404,7
6,202404,7
7,202404,7
8,202404,7
9,202404,7
10,202404,7
11,202404,7
12,202404,7
13,202404,7
14,202404,7
16,202404,7
17,202404,7
19,202404,7
20,202404,7
21,202404,7
22,202404,7
23,202404,7
24,202404,7
26,202404,7
27,202404,7
28,202404,7
29,202404,7
30,202404,7
31,202404,7
32,202404,7
33,202404,7
35,202404,7
36,202404,7
37,202404,7
38,202404,7
39,202404,7
40,202404,7
41,202404,7
42,202404,7
43,202404,7
44,202404,7
45,202404,7
46,202404,7
48,202404,7
49,202404,7
50,202404,7
51,202404,7
52,202404,7
53,202404,7
55,202404,7
56,202404,7
57,202404,7
58,202404,7
59,202404,7
60,202404,7
61,202404,7
62,202404,7
63,202404,7
64,202404,7
65,202404,7
66,202404,7
67,202404,7
69,202404,7
71,202404,7
72,202404,7
73,202404,7
74,202404,7
75,202404,7
76,202404,7
77,202404,7
78,202404,7
79,202404,7
80,202404,7
81,202404,7
82,202404,7
83,202404,7
84,202404,7
85,202404,7
86,202404,7
87,202404,7
88,202404,7
89,202404,7
90,202404,7
91,202404,7
92,202404,7
93,202404,7
94,202404,7
95,202404,7
96,202404,7
97,202404,7
98,202404,7
99,202404,7
100,202404,7
101,202404,7
102,202404,7
103,202404,7
104,202404,7
105,202404,7
106,202404,7
107,202404,7
108,202404,7
109,202404,7
111,202404,7
112,202404,7
113,202404,7
114,202404,7
115,202404,7
116,202404,7
117,202404,7
118,202404,7
119,202404,7
120,202404,7
121,202404,7
122,202404,7
123,202404,7
124,202404,7
125,202404,7
126,202404,7
127,202404,7
128,202404,7
129,202404,7
130,202404,7
131,202404,7
133,202404,7
135,202404,7
136,202404,7
137,202404,7
138,202404,7
139,202404,7
140,202404,7
141,202404,7
142,202404,7
143,202404,7
144,202404,7
145,202404,7
146,202404,7
147,202404,7
148,202404,7
149,202404,7
150,202404,7
151,202404,7
152,202404,7
153,202404,7
154,202404,7
155,202404,7
156,202404,7
157,202404,7
158,202404,7
159,202404,7
160,202404,7
161,202404,7
162,202404,7
163,202404,7
164,202404,7
165,202404,7
167,202404,7
168,202404,7
169,202404,7
170,202404,7
171,202404,7
172,202404,7
173,202404,7
174,202404,7
175,202404,7
176,202404,7
177,202404,7
178,202404,7
179,202404,7
180,202404,7
181,202404,7
182,202404,7
183,202404,7
184,202404,7
185,202404,7
186,202404,7
187,202404,7
189,202404,7
190,202404,7
191,202404,7
192,202404,7
193,202404,7
194,202404,7
195,202404,7
197,202404,7
198,202404,7
199,202404,7
200,202404,7
201,202404,7
202,202404,7
203,202404,7
204,202404,7
206,202404,7
207,202404,7
208,202404,7
209,202404,7
210,202404,7
211,202404,7
212,202404,7
213,202404,7
214,202404,7
215,202404,7
216,202404,7
217,202404,7
219,202404,7
221,202404,7
222,202404,7
223,202404,7
224,202404,7
225,202404,7
226,202404,7
227,202404,7
229,202404,7
230,202404,7
231,202404,7
233,202404,7
234,202404,7
235,202404,7
236,202404,7
237,202404,7
238,202404,7
240,202404,7
241,202404,7
242,202404,7
243,202404,7
244,202404,7
245,202404,7
246,202404,7
247,202404,7
248,202404,7
249,202404,7
250,202404,7
251,202404,7
252,202404,7
253,202404,7
254,202404,7
255,202404,7
256,202404,7
257,202404,7
258,202404,7
259,202404,7
260,202404,7
262,202404,7
263,202404,7
264,202404,7
265,202404,7
266,202404,7
267,202404,7
268,202404,7
269,202404,7
270,202404,7
271,202404,7
272,202404,7
274,202404,7
275,202404,7
276,202404,7
277,202404,7
279,202404,7
280,202404,7
281,202404,7
282,202404,7
283,202404,7
285,202404,7
286,202404,7
287,202404,7
289,202404,7
290,202404,7
291,202404,7
292,202404,7
293,202404,7
294,202404,7
295,202404,7
297,202404,7
298,202404,7
299,202404,7
300,202404,7
301,202404,7
302,202404,7
303,202404,7
304,202404,7
305,202404,7
306,202404,7
308,202404,7
309,202404,7
310,202404,7
311,202404,7
312,202404,7
313,202404,7
314,202404,7
315,202404,7
316,202404,7
317,202404,7
318,202404,7
319,202404,7
320,202404,7
321,202404,7
323,202404,7
324,202404,7
325,202404,7
326,202404,7
327,202404,7
328,202404,7
329,202404,7
330,202404,7
331,202404,7
332,202404,7
333,202404,7
334,202404,7
335,202404,7
336,202404,7
337,202404,7
338,202404,7
339,202404,7
341,202404,7
342,202404,7
343,202404,7
344,202404,7
345,202404,7
346,202404,7
347,202404,7
348,202404,7
349,202404,7
351,202404,7
352,202404,7
353,202404,7
354,202404,7
355,202404,7
356,202404,7
357,202404,7
358,202404,7
359,202404,7
361,202404,7
362,202404,7
363,202404,7
364,202404,7
365,202404,7
366,202404,7
367,202404,7
368,202404,7
369,202404,7
370,202404,7
371,202404,7
372,202404,7
373,202404,7
374,202404,7
375,202404,7
376,202404,7
377,202404,7
378,202404,7
379,202404,7
381,202404,7
382,202404,7
383,202404,7
384,202404,7
385,202404,7
386,202404,7
387,202404,7
388,202404,7
389,202404,7
390,202404,7
391,202404,7
392,202404,7
393,202404,7
394,202404,7
395,202404,7
396,202404,7
397,202404,7
398,202404,7
399,202404,7
400,202404,7
401,202404,7
402,202404,7
403,202404,7
404,202404,7
405,202404,7
406,202404,7
407,202404,7
408,202404,7
409,202404,7
411,202404,7
412,202404,7
414,202404,7
415,202404,7
416,202404,7
418,202404,7
420,202404,7
421,202404,7
422,202404,7
423,202404,7
424,202404,7
425,202404,7
426,202404,7
427,202404,7
428,202404,7
429,202404,7
430,202404,7
431,202404,7
432,202404,7
433,202404,7
434,202404,7
435,202404,7
436,202404,7
437,202404,7
438,202404,7
439,202404,7
442,202404,7
444,202404,7
445,202404,7
446,202404,7
447,202404,7
448,202404,7
449,202404,7
450,202404,7
451,202404,7
452,202404,7
453,202404,7
454,202404,7
455,202404,7
456,202404,7
457,202404,7
458,202404,7
460,202404,6
461,202404,6
462,202404,6
464,202404,5
465,202404,5
466,202404,5
467,202404,5
468,202404,5
469,202404,4
470,202404,4
471,202404,4
472,202404,3
473,202404,3
475,202404,3
476,202404,3
477,202404,3
478,202404,2
479,202404,1
480,202404,1
481,202404,1
482,202404,1
483,202404,1
484,202404,1
485,202404,0
486,202404,0
487,202404,0
488,202404,0
489,202404,0
490,202404,0
491,202404,0
492,202404,0
493,202404,0
1,202405,8
2,202405,8
3,202405,8
4,202405,8
5,202405,8
7,202405,8
8,202405,8
9,202405,8
10,202405,8
11,202405,8
12,202405,8
13,202405,8
14,202405,8
16,202405,8
17,202405,8
19,202405,8
20,202405,8
21,202405,8
22,202405,8
23,202405,8
24,202405,8
26,202405,8
27,202405,8
28,202405,8
29,202405,8
30,202405,8
31,202405,8
32,202405,8
33,202405,8
35,202405,8
36,202405,8
37,202405,8
38,202405,8
39,202405,8
40,202405,8
41,202405,8
42,202405,8
43,202405,8
44,202405,8
45,202405,8
46,202405,8
48,202405,8
49,202405,8
50,202405,8
51,202405,8
52,202405,8
53,202405,8
55,202405,8
56,202405,8
57,202405,8
58,202405,8
59,202405,8
60,202405,8
61,202405,8
62,202405,8
63,202405,8
64,202405,8
65,202405,8
66,202405,8
67,202405,8
69,202405,8
71,202405,8
72,202405,8
73,202405,8
74,202405,8
75,202405,8
76,202405,8
77,202405,8
78,202405,8
79,202405,8
80,202405,8
81,202405,8
82,202405,8
83,202405,8
84,202405,8
85,202405,8
86,202405,8
87,202405,8
88,202405,8
89,202405,8
90,202405,8
91,202405,8
92,202405,8
94,202405,8
95,202405,8
96,202405,8
97,202405,8
98,202405,8
99,202405,8
100,202405,8
101,202405,8
102,202405,8
103,202405,8
104,202405,8
105,202405,8
106,202405,8
107,202405,8
108,202405,8
109,202405,8
112,202405,8
113,202405,8
114,202405,8
115,202405,8
116,202405,8
117,202405,8
118,202405,8
119,202405,8
120,202405,8
121,202405,8
122,202405,8
123,202405,8
124,202405,8
125,202405,8
126,202405,8
127,202405,8
128,202405,8
129,202405,8
130,202405,8
131,202405,8
133,202405,8
135,202405,8
136,202405,8
137,202405,8
138,202405,8
139,202405,8
140,202405,8
141,202405,8
142,202405,8
143,202405,8
144,202405,8
145,202405,8
146,202405,8
147,202405,8
148,202405,8
149,202405,8
150,202405,8
151,202405,8
152,202405,8
153,202405,8
154,202405,8
155,202405,8
156,202405,8
157,202405,8
158,202405,8
159,202405,8
160,202405,8
161,202405,8
162,202405,8
163,202405,8
164,202405,8
165,202405,8
167,202405,8
168,202405,8
169,202405,8
170,202405,8
171,202405,8
172,202405,8
173,202405,8
174,202405,8
175,202405,8
176,202405,8
178,202405,8
179,202405,8
180,202405,8
181,202405,8
182,202405,8
183,202405,8
184,202405,8
185,202405,8
186,202405,8
187,202405,8
189,202405,8
190,202405,8
191,202405,8
192,202405,8
193,202405,8
194,202405,8
195,202405,8
197,202405,8
198,202405,8
199,202405,8
200,202405,8
201,202405,8
202,202405,8
203,202405,8
204,202405,8
206,202405,8
207,202405,8
208,202405,8
209,202405,8
210,202405,8
211,202405,8
212,202405,8
213,202405,8
214,202405,8
215,202405,8
216,202405,8
217,202405,8
219,202405,8
221,202405,8
222,202405,8
223,202405,8
224,202405,8
225,202405,8
226,202405,8
227,202405,8
229,202405,8
230,202405,8
231,202405,8
233,202405,8
234,202405,8
235,202405,8
236,202405,8
237,202405,8
238,202405,8
240,202405,8
241,202405,8
242,202405,8
243,202405,8
244,202405,8
245,202405,8
246,202405,8
247,202405,8
248,202405,8
249,202405,8
250,202405,8
251,202405,8
252,202405,8
253,202405,8
254,202405,8
255,202405,8
256,202405,8
257,202405,8
258,202405,8
259,202405,8
260,202405,8
262,202405,8
263,202405,8
264,202405,8
265,202405,8
266,202405,8
267,202405,8
268,202405,8
269,202405,8
270,202405,8
271,202405,8
272,202405,8
274,202405,8
275,202405,8
276,202405,8
277,202405,8
279,202405,8
280,202405,8
281,202405,8
282,202405,8
283,202405,8
285,202405,8
286,202405,8
287,202405,8
289,202405,8
290,202405,8
291,202405,8
292,202405,8
293,202405,8
294,202405,8
295,202405,8
297,202405,8
298,202405,8
299,202405,8
300,202405,8
301,202405,8
302,202405,8
303,202405,8
304,202405,8
305,202405,8
306,202405,8
308,202405,8
309,202405,8
310,202405,8
311,202405,8
312,202405,8
313,202405,8
314,202405,8
315,202405,8
316,202405,8
317,202405,8
318,202405,8
319,202405,8
320,202405,8
321,202405,8
323,202405,8
324,202405,8
325,202405,8
326,202405,8
327,202405,8
328,202405,8
329,202405,8
330,202405,8
331,202405,8
332,202405,8
333,202405,8
334,202405,8
336,202405,8
337,202405,8
338,202405,8
339,202405,8
341,202405,8
342,202405,8
343,202405,8
344,202405,8
345,202405,8
346,202405,8
347,202405,8
348,202405,8
349,202405,8
351,202405,8
352,202405,8
353,202405,8
354,202405,8
355,202405,8
356,202405,8
357,202405,8
358,202405,8
359,202405,8
361,202405,8
362,202405,8
363,202405,8
364,202405,8
365,202405,8
367,202405,8
368,202405,8
369,202405,8
370,202405,8
371,202405,8
372,202405,8
373,202405,8
374,202405,8
375,202405,8
376,202405,8
377,202405,8
378,202405,8
379,202405,8
381,202405,8
382,202405,8
383,202405,8
384,202405,8
385,202405,8
386,202405,8
387,202405,8
388,202405,8
389,202405,8
390,202405,8
391,202405,8
392,202405,8
393,202405,8
394,202405,8
395,202405,8
396,202405,8
397,202405,8
398,202405,8
399,202405,8
400,202405,8
401,202405,8
402,202405,8
403,202405,8
404,202405,8
405,202405,8
406,202405,8
407,202405,8
408,202405,8
409,202405,8
411,202405,8
412,202405,8
414,202405,8
415,202405,8
416,202405,8
418,202405,8
420,202405,8
421,202405,8
422,202405,8
423,202405,8
424,202405,8
425,202405,8
426,202405,8
427,202405,8
428,202405,8
429,202405,8
430,202405,8
431,202405,8
432,202405,8
433,202405,8
434,202405,8
435,202405,8
436,202405,8
437,202405,8
438,202405,8
439,202405,8
442,202405,8
444,202405,8
445,202405,8
446,202405,8
447,202405,8
448,202405,8
449,202405,8
450,202405,8
451,202405,8
452,202405,8
453,202405,8
454,202405,8
455,202405,8
456,202405,8
457,202405,8
458,202405,8
460,202405,7
461,202405,7
462,202405,7
464,202405,6
465,202405,6
466,202405,6
467,202405,6
468,202405,6
469,202405,5
470,202405,5
471,202405,5
472,202405,4
473,202405,4
475,202405,4
476,202405,4
477,202405,4
478,202405,3
479,202405,2
480,202405,2
481,202405,2
482,202405,2
483,202405,2
484,202405,2
485,202405,1
486,202405,1
487,202405,1
488,202405,1
489,202405,1
490,202405,1
491,202405,1
492,202405,1
493,202405,1
494,202405,0
495,202405,0
496,202405,0
497,202405,0
498,202405,0
499,202405,0
500,202405,0
501,202405,0
1,202406,9
2,202406,9
3,202406,9
4,202406,9
5,202406,9
7,202406,9
8,202406,9
9,202406,9
10,202406,9
11,202406,9
12,202406,9
13,202406,9
14,202406,9
16,202406,9
17,202406,9
19,202406,9
20,202406,9
21,202406,9
22,202406,9
23,202406,9
24,202406,9
26,202406,9
27,202406,9
28,202406,9
29,202406,9
30,202406,9
31,202406,9
32,202406,9
33,202406,9
35,202406,9
36,202406,9
37,202406,9
38,202406,9
39,202406,9
41,202406,9
42,202406,9
43,202406,9
44,202406,9
45,202406,9
46,202406,9
48,202406,9
49,202406,9
50,202406,9
51,202406,9
52,202406,9
53,202406,9
55,202406,9
56,202406,9
57,202406,9
58,202406,9
59,202406,9
60,202406,9
61,202406,9
62,202406,9
63,202406,9
64,202406,9
65,202406,9
66,202406,9
67,202406,9
69,202406,9
71,202406,9
72,202406,9
73,202406,9
74,202406,9
75,202406,9
76,202406,9
77,202406,9
78,202406,9
79,202406,9
80,202406,9
81,202406,9
82,202406,9
83,202406,9
84,202406,9
85,202406,9
86,202406,9
87,202406,9
88,202406,9
89,202406,9
90,202406,9
91,202406,9
92,202406,9
94,202406,9
95,202406,9
96,202406,9
97,202406,9
98,202406,9
99,202406,9
100,202406,9
101,202406,9
102,202406,9
103,202406,9
104,202406,9
105,202406,9
106,202406,9
107,202406,9
108,202406,9
109,202406,9
112,202406,9
113,202406,9
114,202406,9
115,202406,9
116,202406,9
117,202406,9
118,202406,9
119,202406,9
120,202406,9
121,202406,9
122,202406,9
123,202406,9
124,202406,9
125,202406,9
126,202406,9
127,202406,9
128,202406,9
129,202406,9
130,202406,9
131,202406,9
133,202406,9
135,202406,9
136,202406,9
137,202406,9
138,202406,9
139,202406,9
140,202406,9
141,202406,9
142,202406,9
143,202406,9
144,202406,9
145,202406,9
146,202406,9
147,202406,9
148,202406,9
149,202406,9
150,202406,9
151,202406,9
152,202406,9
153,202406,9
154,202406,9
156,202406,9
157,202406,9
158,202406,9
159,202406,9
161,202406,9
162,202406,9
163,202406,9
164,202406,9
165,202406,9
167,202406,9
168,202406,9
169,202406,9
170,202406,9
171,202406,9
172,202406,9
173,202406,9
174,202406,9
175,202406,9
176,202406,9
178,202406,9
179,202406,9
180,202406,9
181,202406,9
182,202406,9
183,202406,9
184,202406,9
185,202406,9
186,202406,9
187,202406,9
189,202406,9
190,202406,9
191,202406,9
192,202406,9
193,202406,9
194,202406,9
195,202406,9
197,202406,9
198,202406,9
199,202406,9
200,202406,9
201,202406,9
202,202406,9
203,202406,9
204,202406,9
206,202406,9
207,202406,9
208,202406,9
209,202406,9
210,202406,9
211,202406,9
212,202406,9
213,202406,9
214,202406,9
215,202406,9
216,202406,9
217,202406,9
219,202406,9
221,202406,9
222,202406,9
223,202406,9
224,202406,9
225,202406,9
226,202406,9
227,202406,9
229,202406,9
230,202406,9
231,202406,9
233,202406,9
234,202406,9
235,202406,9
236,202406,9
237,202406,9
238,202406,9
240,202406,9
241,202406,9
242,202406,9
243,202406,9
244,202406,9
245,202406,9
246,202406,9
247,202406,9
248,202406,9
249,202406,9
250,202406,9
251,202406,9
252,202406,9
253,202406,9
254,202406,9
255,202406,9
256,202406,9
258,202406,9
259,202406,9
260,202406,9
262,202406,9
263,202406,9
264,202406,9
265,202406,9
266,202406,9
267,202406,9
268,202406,9
269,202406,9
270,202406,9
271,202406,9
272,202406,9
274,202406,9
275,202406,9
276,202406,9
277,202406,9
279,202406,9
280,202406,9
281,202406,9
282,202406,9
283,202406,9
285,202406,9
286,202406,9
287,202406,9
289,202406,9
290,202406,9
291,202406,9
292,202406,9
293,202406,9
294,202406,9
295,202406,9
297,202406,9
298,202406,9
299,202406,9
300,202406,9
301,202406,9
302,202406,9
303,202406,9
304,202406,9
305,202406,9
306,202406,9
308,202406,9
309,202406,9
310,202406,9
311,202406,9
312,202406,9
313,202406,9
314,202406,9
315,202406,9
316,202406,9
317,202406,9
318,202406,9
319,202406,9
320,202406,9
321,202406,9
323,202406,9
324,202406,9
325,202406,9
326,202406,9
327,202406,9
328,202406,9
329,202406,9
330,202406,9
331,202406,9
332,202406,9
333,202406,9
334,202406,9
336,202406,9
337,202406,9
338,202406,9
339,202406,9
341,202406,9
342,202406,9
343,202406,9
344,202406,9
345,202406,9
346,202406,9
347,202406,9
348,202406,9
349,202406,9
351,202406,9
352,202406,9
354,202406,9
355,202406,9
356,202406,9
357,202406,9
358,202406,9
359,202406,9
361,202406,9
362,202406,9
363,202406,9
364,202406,9
365,202406,9
367,202406,9
368,202406,9
369,202406,9
370,202406,9
371,202406,9
372,202406,9
373,202406,9
374,202406,9
375,202406,9
376,202406,9
377,202406,9
378,202406,9
379,202406,9
381,202406,9
382,202406,9
383,202406,9
384,202406,9
385,202406,9
386,202406,9
387,202406,9
388,202406,9
389,202406,9
390,202406,9
391,202406,9
392,202406,9
393,202406,9
394,202406,9
395,202406,9
396,202406,9
397,202406,9
398,202406,9
399,202406,9
400,202406,9
401,202406,9
402,202406,9
403,202406,9
404,202406,9
405,202406,9
406,202406,9
407,202406,9
409,202406,9
411,202406,9
414,202406,9
415,202406,9
416,202406,9
418,202406,9
420,202406,9
421,202406,9
422,202406,9
423,202406,9
424,202406,9
425,202406,9
426,202406,9
427,202406,9
428,202406,9
429,202406,9
430,202406,9
431,202406,9
432,202406,9
433,202406,9
434,202406,9
435,202406,9
436,202406,9
437,202406,9
438,202406,9
439,202406,9
442,202406,9
444,202406,9
445,202406,9
446,202406,9
447,202406,9
448,202406,9
449,202406,9
450,202406,9
451,202406,9
452,202406,9
453,202406,9
454,202406,9
455,202406,9
456,202406,9
457,202406,9
458,202406,9
460,202406,8
461,202406,8
462,202406,8
464,202406,7
465,202406,7
466,202406,7
467,202406,7
468,202406,7
469,202406,6
470,202406,6
471,202406,6
472,202406,5
473,202406,5
475,202406,5
476,202406,5
477,202406,5
478,202406,4
479,202406,3
480,202406,3
481,202406,3
482,202406,3
484,202406,3
485,202406,2
486,202406,2
487,202406,2
488,202406,2
489,202406,2
490,202406,2
491,202406,2
492,202406,2
493,202406,2
494,202406,1
495,202406,1
496,202406,1
497,202406,1
498,202406,1
499,202406,1
500,202406,1
501,202406,1
502,202406,0
503,202406,0
504,202406,0
505,202406,0
1,202407,10
2,202407,10
3,202407,10
4,202407,10
5,202407,10
7,202407,10
8,202407,10
9,202407,10
10,202407,10
11,202407,10
12,202407,10
13,202407,10
14,202407,10
16,202407,10
17,202407,10
19,202407,10
20,202407,10
21,202407,10
22,202407,10
23,202407,10
24,202407,10
26,202407,10
27,202407,10
28,202407,10
29,202407,10
30,202407,10
31,202407,10
32,202407,10
33,202407,10
35,202407,10
36,202407,10
37,202407,10
38,202407,10
39,202407,10
41,202407,10
42,202407,10
43,202407,10
44,202407,10
45,202407,10
46,202407,10
48,202407,10
49,202407,10
50,202407,10
51,202407,10
52,202407,10
53,202407,10
55,202407,10
56,202407,10
57,202407,10
58,202407,10
59,202407,10
60,202407,10
61,202407,10
62,202407,10
63,202407,10
64,202407,10
65,202407,10
66,202407,10
67,202407,10
69,202407,10
71,202407,10
72,202407,10
73,202407,10
74,202407,10
75,202407,10
76,202407,10
77,202407,10
78,202407,10
79,202407,10
80,202407,10
81,202407,10
82,202407,10
83,202407,10
84,202407,10
85,202407,10
86,202407,10
87,202407,10
88,202407,10
89,202407,10
90,202407,10
91,202407,10
92,202407,10
94,202407,10
95,202407,10
96,202407,10
97,202407,10
98,202407,10
99,202407,10
100,202407,10
101,202407,10
102,202407,10
103,202407,10
104,202407,10
105,202407,10
106,202407,10
107,202407,10
108,202407,10
109,202407,10
112,202407,10
113,202407,10
114,202407,10
115,202407,10
116,202407,10
117,202407,10
118,202407,10
119,202407,10
120,202407,10
121,202407,10
122,202407,10
123,202407,10
124,202407,10
125,202407,10
126,202407,10
127,202407,10
128,202407,10
129,202407,10
130,202407,10
131,202407,10
133,202407,10
135,202407,10
136,202407,10
137,202407,10
138,202407,10
139,202407,10
140,202407,10
141,202407,10
142,202407,10
143,202407,10
144,202407,10
145,202407,10
146,202407,10
147,202407,10
148,202407,10
149,202407,10
150,202407,10
151,202407,10
152,202407,10
153,202407,10
154,202407,10
156,202407,10
157,202407,10
158,202407,10
159,202407,10
161,202407,10
162,202407,10
163,202407,10
164,202407,10
165,202407,10
167,202407,10
168,202407,10
169,202407,10
170,202407,10
171,202407,10
172,202407,10
173,202407,10
174,202407,10
175,202407,10
176,202407,10
178,202407,10
179,202407,10
180,202407,10
181,202407,10
182,202407,10
183,202407,10
184,202407,10
185,202407,10
186,202407,10
187,202407,10
189,202407,10
190,202407,10
191,202407,10
192,202407,10
193,202407,10
194,202407,10
195,202407,10
197,202407,10
198,202407,10
199,202407,10
200,202407,10
201,202407,10
202,202407,10
203,202407,10
204,202407,10
206,202407,10
207,202407,10
208,202407,10
209,202407,10
210,202407,10
211,202407,10
212,202407,10
213,202407,10
214,202407,10
215,202407,10
217,202407,10
219,202407,10
221,202407,10
222,202407,10
223,202407,10
224,202407,10
225,202407,10
226,202407,10
227,202407,10
229,202407,10
230,202407,10
231,202407,10
234,202407,10
235,202407,10
236,202407,10
237,202407,10
238,202407,10
240,202407,10
241,202407,10
242,202407,10
243,202407,10
244,202407,10
245,202407,10
246,202407,10
247,202407,10
248,202407,10
249,202407,10
250,202407,10
251,202407,10
252,202407,10
253,202407,10
254,202407,10
255,202407,10
256,202407,10
258,202407,10
259,202407,10
260,202407,10
262,202407,10
263,202407,10
264,202407,10
265,202407,10
266,202407,10
267,202407,10
268,202407,10
269,202407,10
270,202407,10
271,202407,10
272,202407,10
274,202407,10
275,202407,10
276,202407,10
277,202407,10
279,202407,10
280,202407,10
281,202407,10
282,202407,10
283,202407,10
285,202407,10
286,202407,10
287,202407,10
289,202407,10
291,202407,10
292,202407,10
293,202407,10
294,202407,10
295,202407,10
297,202407,10
298,202407,10
299,202407,10
300,202407,10
301,202407,10
302,202407,10
303,202407,10
304,202407,10
305,202407,10
306,202407,10
308,202407,10
309,202407,10
310,202407,10
311,202407,10
312,202407,10
313,202407,10
314,202407,10
315,202407,10
316,202407,10
317,202407,10
318,202407,10
319,202407,10
320,202407,10
321,202407,10
323,202407,10
324,202407,10
325,202407,10
326,202407,10
327,202407,10
328,202407,10
329,202407,10
330,202407,10
331,202407,10
332,202407,10
333,202407,10
334,202407,10
336,202407,10
337,202407,10
338,202407,10
339,202407,10
341,202407,10
342,202407,10
343,202407,10
344,202407,10
345,202407,10
346,202407,10
347,202407,10
348,202407,10
349,202407,10
351,202407,10
352,202407,10
354,202407,10
355,202407,10
356,202407,10
357,202407,10
358,202407,10
359,202407,10
362,202407,10
363,202407,10
364,202407,10
365,202407,10
367,202407,10
368,202407,10
369,202407,10
370,202407,10
371,202407,10
372,202407,10
373,202407,10
374,202407,10
375,202407,10
376,202407,10
377,202407,10
378,202407,10
379,202407,10
381,202407,10
382,202407,10
383,202407,10
384,202407,10
385,202407,10
386,202407,10
388,202407,10
389,202407,10
390,202407,10
391,202407,10
392,202407,10
393,202407,10
394,202407,10
395,202407,10
396,202407,10
397,202407,10
398,202407,10
399,202407,10
400,202407,10
401,202407,10
402,202407,10
403,202407,10
404,202407,10
405,202407,10
406,202407,10
407,202407,10
409,202407,10
411,202407,10
414,202407,10
415,202407,10
416,202407,10
418,202407,10
421,202407,10
422,202407,10
423,202407,10
424,202407,10
425,202407,10
426,202407,10
427,202407,10
428,202407,10
429,202407,10
430,202407,10
431,202407,10
432,202407,10
433,202407,10
434,202407,10
435,202407,10
436,202407,10
437,202407,10
438,202407,10
439,202407,10
442,202407,10
444,202407,10
445,202407,10
446,202407,10
447,202407,10
448,202407,10
449,202407,10
450,202407,10
451,202407,10
452,202407,10
453,202407,10
454,202407,10
455,202407,10
456,202407,10
457,202407,10
458,202407,10
460,202407,9
461,202407,9
462,202407,9
464,202407,8
465,202407,8
466,202407,8
467,202407,8
468,202407,8
469,202407,7
470,202407,7
471,202407,7
472,202407,6
473,202407,6
475,202407,6
476,202407,6
477,202407,6
478,202407,5
479,202407,4
480,202407,4
481,202407,4
482,202407,4
484,202407,4
485,202407,3
486,202407,3
487,202407,3
488,202407,3
489,202407,3
490,202407,3
491,202407,3
492,202407,3
493,202407,3
494,202407,2
495,202407,2
496,202407,2
497,202407,2
498,202407,2
499,202407,2
500,202407,2
501,202407,2
502,202407,1
503,202407,1
504,202407,1
505,202407,1
506,202407,0
507,202407,0
508,202407,0
509,202407,0
510,202407,0
1,202408,11
2,202408,11
3,202408,11
4,202408,11
5,202408,11
7,202408,11
8,202408,11
9,202408,11
10,202408,11
11,202408,11
12,202408,11
14,202408,11
16,202408,11
17,202408,11
19,202408,11
20,202408,11
21,202408,11
22,202408,11
23,202408,11
24,202408,11
26,202408,11
27,202408,11
28,202408,11
29,202408,11
30,202408,11
31,202408,11
32,202408,11
33,202408,11
35,202408,11
36,202408,11
37,202408,11
38,202408,11
39,202408,11
41,202408,11
42,202408,11
43,202408,11
44,202408,11
45,202408,11
46,202408,11
48,202408,11
49,202408,11
50,202408,11
51,202408,11
52,202408,11
53,202408,11
55,202408,11
56,202408,11
57,202408,11
58,202408,11
59,202408,11
60,202408,11
61,202408,11
62,202408,11
63,202408,11
64,202408,11
65,202408,11
66,202408,11
67,202408,11
69,202408,11
71,202408,11
72,202408,11
73,202408,11
74,202408,11
75,202408,11
76,202408,11
77,202408,11
78,202408,11
79,202408,11
80,202408,11
81,202408,11
82,202408,11
83,202408,11
84,202408,11
85,202408,11
86,202408,11
87,202408,11
88,202408,11
89,202408,11
90,202408,11
91,202408,11
92,202408,11
94,202408,11
95,202408,11
96,202408,11
97,202408,11
98,202408,11
99,202408,11
100,202408,11
101,202408,11
102,202408,11
103,202408,11
104,202408,11
105,202408,11
106,202408,11
107,202408,11
108,202408,11
109,202408,11
112,202408,11
113,202408,11
114,202408,11
115,202408,11
116,202408,11
117,202408,11
118,202408,11
119,202408,11
120,202408,11
121,202408,11
122,202408,11
123,202408,11
124,202408,11
125,202408,11
126,202408,11
127,202408,11
128,202408,11
129,202408,11
130,202408,11
131,202408,11
133,202408,11
135,202408,11
136,202408,11
137,202408,11
138,202408,11
139,202408,11
140,202408,11
141,202408,11
142,202408,11
143,202408,11
144,202408,11
146,202408,11
147,202408,11
148,202408,11
149,202408,11
150,202408,11
151,202408,11
152,202408,11
153,202408,11
154,202408,11
156,202408,11
157,202408,11
158,202408,11
159,202408,11
161,202408,11
162,202408,11
163,202408,11
164,202408,11
165,202408,11
167,202408,11
168,202408,11
169,202408,11
170,202408,11
171,202408,11
172,202408,11
173,202408,11
174,202408,11
175,202408,11
176,202408,11
178,202408,11
179,202408,11
180,202408,11
181,202408,11
182,202408,11
183,202408,11
184,202408,11
185,202408,11
186,202408,11
187,202408,11
189,202408,11
190,202408,11
191,202408,11
192,202408,11
193,202408,11
194,202408,11
195,202408,11
197,202408,11
198,202408,11
199,202408,11
200,202408,11
201,202408,11
202,202408,11
203,202408,11
204,202408,11
206,202408,11
207,202408,11
208,202408,11
209,202408,11
210,202408,11
211,202408,11
212,202408,11
213,202408,11
214,202408,11
215,202408,11
217,202408,11
219,202408,11
221,202408,11
222,202408,11
223,202408,11
224,202408,11
226,202408,11
227,202408,11
229,202408,11
230,202408,11
231,202408,11
234,202408,11
235,202408,11
236,202408,11
237,202408,11
238,202408,11
240,202408,11
241,202408,11
242,202408,11
243,202408,11
244,202408,11
245,202408,11
246,202408,11
247,202408,11
248,202408,11
249,202408,11
250,202408,11
251,202408,11
252,202408,11
253,202408,11
254,202408,11
255,202408,11
256,202408,11
258,202408,11
259,202408,11
260,202408,11
262,202408,11
263,202408,11
264,202408,11
265,202408,11
266,202408,11
267,202408,11
268,202408,11
269,202408,11
270,202408,11
271,202408,11
272,202408,11
274,202408,11
275,202408,11
276,202408,11
277,202408,11
279,202408,11
280,202408,11
281,202408,11
282,202408,11
283,202408,11
285,202408,11
286,202408,11
287,202408,11
289,202408,11
291,202408,11
292,202408,11
293,202408,11
294,202408,11
295,202408,11
297,202408,11
298,202408,11
299,202408,11
300,202408,11
301,202408,11
302,202408,11
303,202408,11
304,202408,11
305,202408,11
306,202408,11
308,202408,11
309,202408,11
310,202408,11
311,202408,11
312,202408,11
313,202408,11
314,202408,11
315,202408,11
316,202408,11
317,202408,11
318,202408,11
319,202408,11
320,202408,11
321,202408,11
323,202408,11
324,202408,11
325,202408,11
326,202408,11
327,202408,11
328,202408,11
329,202408,11
330,202408,11
331,202408,11
332,202408,11
333,202408,11
334,202408,11
336,202408,11
337,202408,11
338,202408,11
339,202408,11
341,202408,11
342,202408,11
343,202408,11
344,202408,11
345,202408,11
346,202408,11
347,202408,11
348,202408,11
349,202408,11
351,202408,11
352,202408,11
354,202408,11
355,202408,11
356,202408,11
357,202408,11
358,202408,11
359,202408,11
362,202408,11
363,202408,11
364,202408,11
365,202408,11
367,202408,11
368,202408,11
369,202408,11
370,202408,11
371,202408,11
372,202408,11
373,202408,11
374,202408,11
375,202408,11
376,202408,11
377,202408,11
378,202408,11
379,202408,11
381,202408,11
382,202408,11
383,202408,11
384,202408,11
385,202408,11
386,202408,11
388,202408,11
389,202408,11
390,202408,11
391,202408,11
392,202408,11
393,202408,11
394,202408,11
395,202408,11
396,202408,11
398,202408,11
399,202408,11
400,202408,11
401,202408,11
402,202408,11
403,202408,11
404,202408,11
405,202408,11
406,202408,11
407,202408,11
409,202408,11
411,202408,11
414,202408,11
415,202408,11
416,202408,11
418,202408,11
421,202408,11
422,202408,11
423,202408,11
424,202408,11
425,202408,11
426,202408,11
427,202408,11
428,202408,11
429,202408,11
431,202408,11
432,202408,11
433,202408,11
434,202408,11
435,202408,11
436,202408,11
437,202408,11
438,202408,11
439,202408,11
442,202408,11
444,202408,11
445,202408,11
446,202408,11
447,202408,11
448,202408,11
449,202408,11
450,202408,11
451,202408,11
452,202408,11
453,202408,11
454,202408,11
455,202408,11
456,202408,11
457,202408,11
458,202408,11
460,202408,10
461,202408,10
462,202408,10
464,202408,9
465,202408,9
466,202408,9
467,202408,9
468,202408,9
469,202408,8
470,202408,8
471,202408,8
472,202408,7
473,202408,7
475,202408,7
476,202408,7
477,202408,7
478,202408,6
479,202408,5
480,202408,5
481,202408,5
482,202408,5
484,202408,5
485,202408,4
486,202408,4
487,202408,4
488,202408,4
489,202408,4
490,202408,4
491,202408,4
492,202408,4
493,202408,4
494,202408,3
495,202408,3
496,202408,3
497,202408,3
498,202408,3
499,202408,3
500,202408,3
502,202408,2
503,202408,2
504,202408,2
505,202408,2
506,202408,1
507,202408,1
508,202408,1
509,202408,1
510,202408,1
511,202408,0
512,202408,0
513,202408,0
514,202408,0
515,202408,0
1,202409,12
2,202409,12
3,202409,12
4,202409,12
5,202409,12
8,202409,12
9,202409,12
10,202409,12
11,202409,12
12,202409,12
14,202409,12
16,202409,12
17,202409,12
19,202409,12
20,202409,12
21,202409,12
22,202409,12
23,202409,12
24,202409,12
26,202409,12
27,202409,12
28,202409,12
29,202409,12
30,202409,12
31,202409,12
32,202409,12
33,202409,12
35,202409,12
36,202409,12
37,202409,12
38,202409,12
39,202409,12
41,202409,12
42,202409,12
43,202409,12
44,202409,12
45,202409,12
46,202409,12
48,202409,12
49,202409,12
50,202409,12
51,202409,12
52,202409,12
53,202409,12
55,202409,12
56,202409,12
57,202409,12
58,202409,12
59,202409,12
60,202409,12
61,202409,12
62,202409,12
63,202409,12
64,202409,12
65,202409,12
66,202409,12
67,202409,12
69,202409,12
71,202409,12
72,202409,12
73,202409,12
74,202409,12
75,202409,12
76,202409,12
77,202409,12
78,202409,12
79,202409,12
80,202409,12
81,202409,12
82,202409,12
83,202409,12
84,202409,12
85,202409,12
86,202409,12
87,202409,12
88,202409,12
89,202409,12
90,202409,12
91,202409,12
92,202409,12
94,202409,12
95,202409,12
96,202409,12
97,202409,12
98,202409,12
99,202409,12
100,202409,12
101,202409,12
102,202409,12
103,202409,12
104,202409,12
105,202409,12
106,202409,12
107,202409,12
109,202409,12
112,202409,12
113,202409,12
114,202409,12
115,202409,12
116,202409,12
117,202409,12
118,202409,12
119,202409,12
120,202409,12
121,202409,12
122,202409,12
123,202409,12
125,202409,12
126,202409,12
127,202409,12
128,202409,12
129,202409,12
130,202409,12
131,202409,12
133,202409,12
135,202409,12
136,202409,12
137,202409,12
138,202409,12
139,202409,12
140,202409,12
141,202409,12
142,202409,12
143,202409,12
144,202409,12
146,202409,12
147,202409,12
148,202409,12
149,202409,12
150,202409,12
151,202409,12
152,202409,12
153,202409,12
154,202409,12
156,202409,12
157,202409,12
158,202409,12
159,202409,12
161,202409,12
162,202409,12
163,202409,12
164,202409,12
165,202409,12
167,202409,12
168,202409,12
169,202409,12
170,202409,12
171,202409,12
172,202409,12
173,202409,12
174,202409,12
175,202409,12
176,202409,12
178,202409,12
179,202409,12
180,202409,12
181,202409,12
182,202409,12
183,202409,12
184,202409,12
185,202409,12
186,202409,12
187,202409,12
189,202409,12
190,202409,12
191,202409,12
192,202409,12
193,202409,12
194,202409,12
195,202409,12
197,202409,12
199,202409,12
200,202409,12
201,202409,12
202,202409,12
203,202409,12
204,202409,12
206,202409,12
207,202409,12
208,202409,12
209,202409,12
210,202409,12
211,202409,12
212,202409,12
213,202409,12
214,202409,12
215,202409,12
217,202409,12
219,202409,12
221,202409,12
222,202409,12
223,202409,12
224,202409,12
226,202409,12
227,202409,12
229,202409,12
230,202409,12
231,202409,12
234,202409,12
235,202409,12
236,202409,12
237,202409,12
238,202409,12
240,202409,12
241,202409,12
242,202409,12
243,202409,12
244,202409,12
245,202409,12
246,202409,12
247,202409,12
248,202409,12
249,202409,12
250,202409,12
251,202409,12
252,202409,12
253,202409,12
254,202409,12
255,202409,12
256,202409,12
258,202409,12
259,202409,12
260,202409,12
262,202409,12
263,202409,12
264,202409,12
265,202409,12
266,202409,12
267,202409,12
268,202409,12
269,202409,12
270,202409,12
271,202409,12
272,202409,12
274,202409,12
275,202409,12
276,202409,12
277,202409,12
279,202409,12
280,202409,12
281,202409,12
282,202409,12
283,202409,12
285,202409,12
286,202409,12
287,202409,12
289,202409,12
291,202409,12
292,202409,12
293,202409,12
294,202409,12
295,202409,12
297,202409,12
298,202409,12
299,202409,12
300,202409,12
301,202409,12
302,202409,12
303,202409,12
304,202409,12
305,202409,12
306,202409,12
308,202409,12
309,202409,12
310,202409,12
311,202409,12
312,202409,12
313,202409,12
314,202409,12
315,202409,12
316,202409,12
317,202409,12
318,202409,12
319,202409,12
320,202409,12
321,202409,12
323,202409,12
324,202409,12
325,202409,12
326,202409,12
327,202409,12
328,202409,12
329,202409,12
330,202409,12
331,202409,12
332,202409,12
333,202409,12
334,202409,12
336,202409,12
337,202409,12
338,202409,12
339,202409,12
341,202409,12
342,202409,12
343,202409,12
344,202409,12
345,202409,12
346,202409,12
347,202409,12
348,202409,12
349,202409,12
351,202409,12
352,202409,12
354,202409,12
355,202409,12
356,202409,12
357,202409,12
358,202409,12
359,202409,12
362,202409,12
363,202409,12
364,202409,12
365,202409,12
367,202409,12
368,202409,12
369,202409,12
370,202409,12
371,202409,12
372,202409,12
373,202409,12
374,202409,12
375,202409,12
376,202409,12
377,202409,12
378,202409,12
379,202409,12
381,202409,12
382,202409,12
383,202409,12
384,202409,12
385,202409,12
386,202409,12
388,202409,12
389,202409,12
390,202409,12
391,202409,12
392,202409,12
393,202409,12
394,202409,12
395,202409,12
396,202409,12
398,202409,12
399,202409,12
400,202409,12
401,202409,12
402,202409,12
403,202409,12
404,202409,12
405,202409,12
406,202409,12
407,202409,12
411,202409,12
414,202409,12
415,202409,12
416,202409,12
418,202409,12
421,202409,12
422,202409,12
423,202409,12
424,202409,12
425,202409,12
426,202409,12
427,202409,12
428,202409,12
429,202409,12
431,202409,12
432,202409,12
433,202409,12
434,202409,12
435,202409,12
436,202409,12
437,202409,12
438,202409,12
439,202409,12
442,202409,12
444,202409,12
445,202409,12
446,202409,12
447,202409,12
448,202409,12
449,202409,12
450,202409,12
451,202409,12
452,202409,12
453,202409,12
454,202409,12
455,202409,12
456,202409,12
458,202409,12
460,202409,11
461,202409,11
462,202409,11
464,202409,10
465,202409,10
466,202409,10
467,202409,10
468,202409,10
469,202409,9
470,202409,9
471,202409,9
472,202409,8
473,202409,8
475,202409,8
476,202409,8
477,202409,8
478,202409,7
479,202409,6
480,202409,6
481,202409,6
482,202409,6
484,202409,6
485,202409,5
486,202409,5
487,202409,5
488,202409,5
489,202409,5
490,202409,5
491,202409,5
492,202409,5
493,202409,5
494,202409,4
495,202409,4
496,202409,4
497,202409,4
498,202409,4
499,202409,4
500,202409,4
502,202409,3
503,202409,3
504,202409,3
505,202409,3
506,202409,2
507,202409,2
508,202409,2
509,202409,2
510,202409,2
511,202409,1
512,202409,1
513,202409,1
514,202409,1
515,202409,1
516,202409,0
517,202409,0
518,202409,0
519,202409,0
520,202409,0
521,202409,0
522,202409,0
523,202409,0
524,202409,0
525,202409,0
526,202409,0
527,202409,0
1,202410,13
2,202410,13
3,202410,13
4,202410,13
5,202410,13
8,202410,13
9,202410,13
10,202410,13
11,202410,13
12,202410,13
14,202410,13
16,202410,13
17,202410,13
19,202410,13
20,202410,13
21,202410,13
22,202410,13
23,202410,13
24,202410,13
26,202410,13
27,202410,13
28,202410,13
29,202410,13
30,202410,13
31,202410,13
32,202410,13
33,202410,13
35,202410,13
36,202410,13
37,202410,13
38,202410,13
39,202410,13
41,202410,13
42,202410,13
43,202410,13
44,202410,13
45,202410,13
46,202410,13
48,202410,13
49,202410,13
50,202410,13
51,202410,13
52,202410,13
53,202410,13
55,202410,13
56,202410,13
57,202410,13
58,202410,13
59,202410,13
61,202410,13
62,202410,13
63,202410,13
64,202410,13
65,202410,13
66,202410,13
67,202410,13
69,202410,13
71,202410,13
72,202410,13
73,202410,13
74,202410,13
75,202410,13
76,202410,13
77,202410,13
78,202410,13
79,202410,13
80,202410,13
81,202410,13
82,202410,13
83,202410,13
84,202410,13
85,202410,13
86,202410,13
87,202410,13
88,202410,13
89,202410,13
90,202410,13
91,202410,13
92,202410,13
94,202410,13
95,202410,13
96,202410,13
97,202410,13
98,202410,13
99,202410,13
100,202410,13
101,202410,13
102,202410,13
103,202410,13
104,202410,13
105,202410,13
107,202410,13
109,202410,13
112,202410,13
113,202410,13
114,202410,13
115,202410,13
116,202410,13
117,202410,13
118,202410,13
119,202410,13
120,202410,13
121,202410,13
122,202410,13
123,202410,13
125,202410,13
126,202410,13
127,202410,13
128,202410,13
129,202410,13
130,202410,13
131,202410,13
133,202410,13
135,202410,13
136,202410,13
137,202410,13
138,202410,13
139,202410,13
140,202410,13
141,202410,13
142,202410,13
143,202410,13
144,202410,13
146,202410,13
147,202410,13
148,202410,13
149,202410,13
150,202410,13
151,202410,13
152,202410,13
153,202410,13
154,202410,13
156,202410,13
157,202410,13
158,202410,13
159,202410,13
161,202410,13
162,202410,13
163,202410,13
164,202410,13
165,202410,13
167,202410,13
168,202410,13
169,202410,13
170,202410,13
171,202410,13
172,202410,13
173,202410,13
174,202410,13
175,202410,13
176,202410,13
178,202410,13
179,202410,13
180,202410,13
181,202410,13
182,202410,13
183,202410,13
184,202410,13
185,202410,13
186,202410,13
187,202410,13
189,202410,13
190,202410,13
191,202410,13
192,202410,13
193,202410,13
194,202410,13
195,202410,13
197,202410,13
199,202410,13
200,202410,13
201,202410,13
202,202410,13
203,202410,13
204,202410,13
206,202410,13
207,202410,13
208,202410,13
209,202410,13
210,202410,13
211,202410,13
212,202410,13
213,202410,13
214,202410,13
215,202410,13
217,202410,13
219,202410,13
221,202410,13
222,202410,13
223,202410,13
224,202410,13
226,202410,13
227,202410,13
230,202410,13
231,202410,13
234,202410,13
235,202410,13
236,202410,13
237,202410,13
238,202410,13
240,202410,13
241,202410,13
243,202410,13
244,202410,13
245,202410,13
246,202410,13
247,202410,13
248,202410,13
249,202410,13
250,202410,13
251,202410,13
252,202410,13
254,202410,13
255,202410,13
256,202410,13
258,202410,13
259,202410,13
260,202410,13
262,202410,13
263,202410,13
264,202410,13
266,202410,13
267,202410,13
268,202410,13
269,202410,13
270,202410,13
271,202410,13
272,202410,13
274,202410,13
275,202410,13
276,202410,13
277,202410,13
279,202410,13
280,202410,13
281,202410,13
282,202410,13
283,202410,13
285,202410,13
286,202410,13
287,202410,13
289,202410,13
291,202410,13
292,202410,13
293,202410,13
294,202410,13
295,202410,13
297,202410,13
298,202410,13
299,202410,13
300,202410,13
301,202410,13
302,202410,13
303,202410,13
304,202410,13
305,202410,13
306,202410,13
308,202410,13
309,202410,13
310,202410,13
311,202410,13
312,202410,13
313,202410,13
314,202410,13
315,202410,13
316,202410,13
317,202410,13
318,202410,13
319,202410,13
320,202410,13
321,202410,13
323,202410,13
324,202410,13
327,202410,13
328,202410,13
329,202410,13
330,202410,13
331,202410,13
332,202410,13
333,202410,13
334,202410,13
336,202410,13
337,202410,13
338,202410,13
339,202410,13
341,202410,13
342,202410,13
343,202410,13
344,202410,13
345,202410,13
346,202410,13
347,202410,13
348,202410,13
349,202410,13
351,202410,13
352,202410,13
354,202410,13
355,202410,13
356,202410,13
357,202410,13
358,202410,13
359,202410,13
362,202410,13
363,202410,13
364,202410,13
365,202410,13
367,202410,13
368,202410,13
369,202410,13
370,202410,13
371,202410,13
372,202410,13
373,202410,13
374,202410,13
375,202410,13
376,202410,13
377,202410,13
378,202410,13
379,202410,13
381,202410,13
382,202410,13
383,202410,13
384,202410,13
385,202410,13
386,202410,13
388,202410,13
389,202410,13
390,202410,13
391,202410,13
392,202410,13
393,202410,13
394,202410,13
395,202410,13
396,202410,13
398,202410,13
399,202410,13
400,202410,13
401,202410,13
402,202410,13
403,202410,13
404,202410,13
405,202410,13
406,202410,13
407,202410,13
411,202410,13
414,202410,13
415,202410,13
416,202410,13
418,202410,13
421,202410,13
422,202410,13
423,202410,13
424,202410,13
425,202410,13
426,202410,13
427,202410,13
428,202410,13
429,202410,13
431,202410,13
433,202410,13
434,202410,13
435,202410,13
436,202410,13
437,202410,13
438,202410,13
439,202410,13
442,202410,13
444,202410,13
445,202410,13
446,202410,13
447,202410,13
448,202410,13
450,202410,13
451,202410,13
452,202410,13
453,202410,13
454,202410,13
455,202410,13
456,202410,13
458,202410,13
460,202410,12
461,202410,12
462,202410,12
464,202410,11
465,202410,11
466,202410,11
467,202410,11
468,202410,11
469,202410,10
470,202410,10
471,202410,10
472,202410,9
473,202410,9
475,202410,9
476,202410,9
477,202410,9
478,202410,8
479,202410,7
480,202410,7
481,202410,7
482,202410,7
484,202410,7
485,202410,6
486,202410,6
487,202410,6
488,202410,6
489,202410,6
490,202410,6
491,202410,6
492,202410,6
493,202410,6
494,202410,5
495,202410,5
496,202410,5
497,202410,5
498,202410,5
499,202410,5
500,202410,5
502,202410,4
503,202410,4
504,202410,4
505,202410,4
506,202410,3
507,202410,3
508,202410,3
509,202410,3
510,202410,3
511,202410,2
512,202410,2
513,202410,2
514,202410,2
515,202410,2
516,202410,1
517,202410,1
518,202410,1
519,202410,1
520,202410,1
521,202410,1
522,202410,1
523,202410,1
524,202410,1
525,202410,1
526,202410,1
527,202410,1
528,202410,0
529,202410,0
530,202410,0
531,202410,0
532,202410,0
533,202410,0
534,202410,0
535,202410,0
2,202411,14
3,202411,14
4,202411,14
5,202411,14
8,202411,14
9,202411,14
10,202411,14
11,202411,14
12,202411,14
14,202411,14
16,202411,14
17,202411,14
19,202411,14
20,202411,14
21,202411,14
22,202411,14
23,202411,14
24,202411,14
26,202411,14
27,202411,14
28,202411,14
29,202411,14
30,202411,14
31,202411,14
32,202411,14
33,202411,14
35,202411,14
36,202411,14
37,202411,14
38,202411,14
39,202411,14
41,202411,14
42,202411,14
43,202411,14
44,202411,14
45,202411,14
46,202411,14
48,202411,14
49,202411,14
50,202411,14
51,202411,14
52,202411,14
53,202411,14
55,202411,14
56,202411,14
57,202411,14
58,202411,14
59,202411,14
61,202411,14
62,202411,14
63,202411,14
64,202411,14
65,202411,14
66,202411,14
67,202411,14
69,202411,14
71,202411,14
72,202411,14
73,202411,14
74,202411,14
75,202411,14
76,202411,14
77,202411,14
78,202411,14
79,202411,14
80,202411,14
81,202411,14
82,202411,14
83,202411,14
84,202411,14
85,202411,14
86,202411,14
87,202411,14
88,202411,14
89,202411,14
90,202411,14
91,202411,14
92,202411,14
94,202411,14
95,202411,14
96,202411,14
97,202411,14
98,202411,14
99,202411,14
100,202411,14
101,202411,14
102,202411,14
103,202411,14
104,202411,14
105,202411,14
107,202411,14
109,202411,14
112,202411,14
113,202411,14
114,202411,14
115,202411,14
116,202411,14
117,202411,14
118,202411,14
119,202411,14
120,202411,14
121,202411,14
122,202411,14
123,202411,14
125,202411,14
126,202411,14
127,202411,14
128,202411,14
129,202411,14
130,202411,14
131,202411,14
133,202411,14
135,202411,14
136,202411,14
137,202411,14
138,202411,14
139,202411,14
140,202411,14
141,202411,14
142,202411,14
143,202411,14
144,202411,14
146,202411,14
147,202411,14
148,202411,14
149,202411,14
150,202411,14
151,202411,14
152,202411,14
153,202411,14
154,202411,14
156,202411,14
157,202411,14
158,202411,14
159,202411,14
161,202411,14
162,202411,14
163,202411,14
164,202411,14
165,202411,14
167,202411,14
168,202411,14
169,202411,14
170,202411,14
171,202411,14
172,202411,14
173,202411,14
174,202411,14
175,202411,14
176,202411,14
178,202411,14
179,202411,14
180,202411,14
182,202411,14
183,202411,14
184,202411,14
185,202411,14
186,202411,14
187,202411,14
189,202411,14
190,202411,14
191,202411,14
192,202411,14
193,202411,14
194,202411,14
195,202411,14
197,202411,14
199,202411,14
200,202411,14
201,202411,14
202,202411,14
203,202411,14
204,202411,14
206,202411,14
207,202411,14
208,202411,14
209,202411,14
210,202411,14
211,202411,14
212,202411,14
213,202411,14
214,202411,14
215,202411,14
217,202411,14
219,202411,14
222,202411,14
223,202411,14
224,202411,14
226,202411,14
227,202411,14
230,202411,14
231,202411,14
234,202411,14
235,202411,14
237,202411,14
238,202411,14
240,202411,14
241,202411,14
243,202411,14
244,202411,14
245,202411,14
246,202411,14
247,202411,14
249,202411,14
250,202411,14
251,202411,14
252,202411,14
254,202411,14
255,202411,14
256,202411,14
258,202411,14
259,202411,14
262,202411,14
263,202411,14
264,202411,14
266,202411,14
267,202411,14
268,202411,14
270,202411,14
271,202411,14
272,202411,14
274,202411,14
275,202411,14
276,202411,14
277,202411,14
279,202411,14
280,202411,14
281,202411,14
282,202411,14
283,202411,14
285,202411,14
286,202411,14
287,202411,14
289,202411,14
291,202411,14
292,202411,14
293,202411,14
294,202411,14
295,202411,14
297,202411,14
298,202411,14
299,202411,14
300,202411,14
301,202411,14
302,202411,14
303,202411,14
304,202411,14
305,202411,14
306,202411,14
308,202411,14
309,202411,14
310,202411,14
311,202411,14
312,202411,14
313,202411,14
314,202411,14
315,202411,14
316,202411,14
317,202411,14
318,202411,14
319,202411,14
320,202411,14
321,202411,14
323,202411,14
324,202411,14
327,202411,14
328,202411,14
329,202411,14
330,202411,14
331,202411,14
332,202411,14
333,202411,14
334,202411,14
336,202411,14
337,202411,14
338,202411,14
339,202411,14
341,202411,14
342,202411,14
343,202411,14
344,202411,14
345,202411,14
346,202411,14
347,202411,14
348,202411,14
349,202411,14
351,202411,14
352,202411,14
354,202411,14
355,202411,14
356,202411,14
357,202411,14
358,202411,14
359,202411,14
362,202411,14
363,202411,14
364,202411,14
365,202411,14
367,202411,14
368,202411,14
369,202411,14
370,202411,14
371,202411,14
372,202411,14
373,202411,14
374,202411,14
375,202411,14
376,202411,14
377,202411,14
378,202411,14
379,202411,14
381,202411,14
382,202411,14
383,202411,14
384,202411,14
385,202411,14
386,202411,14
388,202411,14
389,202411,14
390,202411,14
391,202411,14
392,202411,14
393,202411,14
394,202411,14
395,202411,14
396,202411,14
398,202411,14
399,202411,14
400,202411,14
401,202411,14
402,202411,14
403,202411,14
404,202411,14
405,202411,14
406,202411,14
407,202411,14
411,202411,14
414,202411,14
415,202411,14
416,202411,14
418,202411,14
421,202411,14
422,202411,14
423,202411,14
424,202411,14
425,202411,14
426,202411,14
427,202411,14
428,202411,14
429,202411,14
431,202411,14
433,202411,14
434,202411,14
435,202411,14
436,202411,14
437,202411,14
438,202411,14
439,202411,14
442,202411,14
444,202411,14
445,202411,14
446,202411,14
447,202411,14
448,202411,14
450,202411,14
451,202411,14
452,202411,14
453,202411,14
454,202411,14
455,202411,14
456,202411,14
458,202411,14
460,202411,13
461,202411,13
462,202411,13
464,202411,12
465,202411,12
466,202411,12
467,202411,12
468,202411,12
469,202411,11
470,202411,11
471,202411,11
473,202411,10
475,202411,10
476,202411,10
477,202411,10
478,202411,9
479,202411,8
480,202411,8
481,202411,8
482,202411,8
484,202411,8
485,202411,7
486,202411,7
487,202411,7
488,202411,7
489,202411,7
490,202411,7
491,202411,7
492,202411,7
493,202411,7
494,202411,6
495,202411,6
496,202411,6
497,202411,6
498,202411,6
499,202411,6
500,202411,6
502,202411,5
503,202411,5
504,202411,5
505,202411,5
506,202411,4
507,202411,4
508,202411,4
509,202411,4
510,202411,4
511,202411,3
512,202411,3
513,202411,3
514,202411,3
515,202411,3
516,202411,2
517,202411,2
518,202411,2
519,202411,2
520,202411,2
521,202411,2
522,202411,2
523,202411,2
524,202411,2
525,202411,2
526,202411,2
527,202411,2
528,202411,1
529,202411,1
530,202411,1
531,202411,1
532,202411,1
533,202411,1
534,202411,1
535,202411,1
536,202411,0
537,202411,0
538,202411,0
539,202411,0
540,202411,0
541,202411,0
542,202411,0
2,202412,15
3,202412,15
4,202412,15
5,202412,15
8,202412,15
9,202412,15
10,202412,15
11,202412,15
12,202412,15
14,202412,15
16,202412,15
17,202412,15
19,202412,15
20,202412,15
21,202412,15
22,202412,15
23,202412,15
24,202412,15
26,202412,15
27,202412,15
28,202412,15
29,202412,15
30,202412,15
31,202412,15
32,202412,15
33,202412,15
35,202412,15
36,202412,15
37,202412,15
38,202412,15
39,202412,15
41,202412,15
42,202412,15
43,202412,15
44,202412,15
45,202412,15
46,202412,15
48,202412,15
49,202412,15
50,202412,15
51,202412,15
52,202412,15
53,202412,15
55,202412,15
56,202412,15
57,202412,15
58,202412,15
59,202412,15
61,202412,15
62,202412,15
63,202412,15
64,202412,15
65,202412,15
66,202412,15
67,202412,15
69,202412,15
71,202412,15
72,202412,15
73,202412,15
74,202412,15
75,202412,15
76,202412,15
77,202412,15
78,202412,15
79,202412,15
80,202412,15
81,202412,15
82,202412,15
83,202412,15
84,202412,15
85,202412,15
86,202412,15
87,202412,15
88,202412,15
89,202412,15
90,202412,15
91,202412,15
92,202412,15
94,202412,15
95,202412,15
96,202412,15
97,202412,15
98,202412,15
99,202412,15
100,202412,15
101,202412,15
102,202412,15
103,202412,15
104,202412,15
105,202412,15
107,202412,15
109,202412,15
112,202412,15
113,202412,15
114,202412,15
115,202412,15
116,202412,15
117,202412,15
118,202412,15
119,202412,15
120,202412,15
121,202412,15
122,202412,15
123,202412,15
125,202412,15
126,202412,15
127,202412,15
128,202412,15
129,202412,15
130,202412,15
131,202412,15
133,202412,15
135,202412,15
136,202412,15
137,202412,15
138,202412,15
139,202412,15
140,202412,15
141,202412,15
142,202412,15
143,202412,15
144,202412,15
146,202412,15
147,202412,15
148,202412,15
149,202412,15
150,202412,15
151,202412,15
152,202412,15
153,202412,15
154,202412,15
156,202412,15
157,202412,15
158,202412,15
159,202412,15
161,202412,15
162,202412,15
163,202412,15
164,202412,15
165,202412,15
167,202412,15
168,202412,15
169,202412,15
170,202412,15
171,202412,15
172,202412,15
173,202412,15
174,202412,15
175,202412,15
176,202412,15
178,202412,15
179,202412,15
180,202412,15
182,202412,15
183,202412,15
184,202412,15
185,202412,15
186,202412,15
187,202412,15
189,202412,15
190,202412,15
191,202412,15
192,202412,15
193,202412,15
194,202412,15
195,202412,15
197,202412,15
199,202412,15
200,202412,15
201,202412,15
202,202412,15
203,202412,15
204,202412,15
206,202412,15
207,202412,15
208,202412,15
209,202412,15
210,202412,15
211,202412,15
212,202412,15
213,202412,15
214,202412,15
215,202412,15
217,202412,15
219,202412,15
222,202412,15
223,202412,15
224,202412,15
226,202412,15
227,202412,15
230,202412,15
231,202412,15
234,202412,15
235,202412,15
237,202412,15
238,202412,15
240,202412,15
241,202412,15
243,202412,15
244,202412,15
245,202412,15
246,202412,15
247,202412,15
249,202412,15
250,202412,15
251,202412,15
252,202412,15
254,202412,15
255,202412,15
256,202412,15
258,202412,15
259,202412,15
262,202412,15
263,202412,15
264,202412,15
266,202412,15
267,202412,15
268,202412,15
270,202412,15
271,202412,15
272,202412,15
274,202412,15
275,202412,15
276,202412,15
277,202412,15
279,202412,15
280,202412,15
281,202412,15
282,202412,15
283,202412,15
285,202412,15
286,202412,15
287,202412,15
289,202412,15
291,202412,15
292,202412,15
293,202412,15
294,202412,15
295,202412,15
297,202412,15
298,202412,15
299,202412,15
300,202412,15
301,202412,15
302,202412,15
303,202412,15
304,202412,15
305,202412,15
306,202412,15
308,202412,15
309,202412,15
310,202412,15
311,202412,15
312,202412,15
313,202412,15
314,202412,15
315,202412,15
316,202412,15
317,202412,15
318,202412,15
319,202412,15
320,202412,15
321,202412,15
323,202412,15
324,202412,15
327,202412,15
328,202412,15
329,202412,15
330,202412,15
331,202412,15
332,202412,15
333,202412,15
334,202412,15
336,202412,15
337,202412,15
338,202412,15
339,202412,15
341,202412,15
342,202412,15
343,202412,15
344,202412,15
345,202412,15
346,202412,15
347,202412,15
348,202412,15
351,202412,15
352,202412,15
354,202412,15
355,202412,15
356,202412,15
357,202412,15
358,202412,15
359,202412,15
362,202412,15
363,202412,15
364,202412,15
365,202412,15
367,202412,15
368,202412,15
369,202412,15
370,202412,15
371,202412,15
372,202412,15
373,202412,15
374,202412,15
375,202412,15
376,202412,15
377,202412,15
378,202412,15
379,202412,15
381,202412,15
382,202412,15
383,202412,15
385,202412,15
386,202412,15
388,202412,15
389,202412,15
390,202412,15
391,202412,15
392,202412,15
393,202412,15
395,202412,15
396,202412,15
398,202412,15
399,202412,15
401,202412,15
402,202412,15
403,202412,15
404,202412,15
405,202412,15
406,202412,15
407,202412,15
411,202412,15
414,202412,15
415,202412,15
416,202412,15
418,202412,15
421,202412,15
422,202412,15
423,202412,15
424,202412,15
425,202412,15
426,202412,15
427,202412,15
428,202412,15
431,202412,15
433,202412,15
434,202412,15
435,202412,15
436,202412,15
437,202412,15
438,202412,15
439,202412,15
442,202412,15
444,202412,15
445,202412,15
446,202412,15
447,202412,15
448,202412,15
450,202412,15
451,202412,15
452,202412,15
453,202412,15
454,202412,15
455,202412,15
456,202412,15
458,202412,15
460,202412,14
461,202412,14
462,202412,14
464,202412,13
465,202412,13
466,202412,13
467,202412,13
468,202412,13
469,202412,12
470,202412,12
471,202412,12
473,202412,11
475,202412,11
476,202412,11
477,202412,11
478,202412,10
479,202412,9
480,202412,9
481,202412,9
482,202412,9
484,202412,9
485,202412,8
486,202412,8
487,202412,8
488,202412,8
489,202412,8
490,202412,8
491,202412,8
492,202412,8
493,202412,8
494,202412,7
495,202412,7
496,202412,7
497,202412,7
498,202412,7
499,202412,7
500,202412,7
502,202412,6
503,202412,6
504,202412,6
505,202412,6
506,202412,5
507,202412,5
508,202412,5
509,202412,5
510,202412,5
511,202412,4
512,202412,4
513,202412,4
514,202412,4
515,202412,4
516,202412,3
517,202412,3
518,202412,3
519,202412,3
520,202412,3
521,202412,3
522,202412,3
523,202412,3
524,202412,3
525,202412,3
527,202412,3
528,202412,2
529,202412,2
530,202412,2
531,202412,2
532,202412,2
533,202412,2
534,202412,2
535,202412,2
536,202412,1
537,202412,1
538,202412,1
539,202412,1
540,202412,1
541,202412,1
542,202412,1
543,202412,0
544,202412,0
545,202412,0
546,202412,0
547,202412,0
548,202412,0
549,202412,0
550,202412,0
2,202501,16
3,202501,16
4,202501,16
5,202501,16
8,202501,16
9,202501,16
10,202501,16
11,202501,16
12,202501,16
14,202501,16
16,202501,16
17,202501,16
19,202501,16
20,202501,16
21,202501,16
22,202501,16
23,202501,16
24,202501,16
26,202501,16
27,202501,16
28,202501,16
29,202501,16
30,202501,16
31,202501,16
32,202501,16
33,202501,16
35,202501,16
36,202501,16
37,202501,16
38,202501,16
39,202501,16
41,202501,16
42,202501,16
43,202501,16
44,202501,16
45,202501,16
46,202501,16
48,202501,16
49,202501,16
50,202501,16
51,202501,16
52,202501,16
53,202501,16
55,202501,16
56,202501,16
57,202501,16
58,202501,16
59,202501,16
61,202501,16
62,202501,16
63,202501,16
64,202501,16
65,202501,16
66,202501,16
67,202501,16
69,202501,16
71,202501,16
72,202501,16
73,202501,16
74,202501,16
75,202501,16
76,202501,16
77,202501,16
78,202501,16
79,202501,16
80,202501,16
81,202501,16
82,202501,16
83,202501,16
84,202501,16
85,202501,16
86,202501,16
87,202501,16
88,202501,16
89,202501,16
90,202501,16
91,202501,16
92,202501,16
94,202501,16
95,202501,16
96,202501,16
97,202501,16
98,202501,16
99,202501,16
100,202501,16
101,202501,16
102,202501,16
103,202501,16
104,202501,16
105,202501,16
107,202501,16
109,202501,16
112,202501,16
113,202501,16
114,202501,16
115,202501,16
116,202501,16
117,202501,16
118,202501,16
119,202501,16
120,202501,16
121,202501,16
122,202501,16
123,202501,16
125,202501,16
126,202501,16
127,202501,16
128,202501,16
129,202501,16
130,202501,16
131,202501,16
133,202501,16
135,202501,16
136,202501,16
137,202501,16
138,202501,16
139,202501,16
140,202501,16
141,202501,16
142,202501,16
143,202501,16
144,202501,16
146,202501,16
147,202501,16
148,202501,16
149,202501,16
150,202501,16
151,202501,16
152,202501,16
153,202501,16
156,202501,16
157,202501,16
158,202501,16
159,202501,16
161,202501,16
162,202501,16
163,202501,16
164,202501,16
165,202501,16
167,202501,16
168,202501,16
169,202501,16
170,202501,16
171,202501,16
173,202501,16
174,202501,16
175,202501,16
176,202501,16
178,202501,16
179,202501,16
180,202501,16
182,202501,16
183,202501,16
184,202501,16
185,202501,16
186,202501,16
187,202501,16
189,202501,16
190,202501,16
191,202501,16
192,202501,16
193,202501,16
194,202501,16
195,202501,16
197,202501,16
199,202501,16
200,202501,16
201,202501,16
202,202501,16
203,202501,16
204,202501,16
207,202501,16
208,202501,16
209,202501,16
210,202501,16
211,202501,16
212,202501,16
213,202501,16
214,202501,16
215,202501,16
217,202501,16
219,202501,16
222,202501,16
223,202501,16
224,202501,16
226,202501,16
227,202501,16
230,202501,16
231,202501,16
234,202501,16
235,202501,16
237,202501,16
238,202501,16
240,202501,16
241,202501,16
243,202501,16
244,202501,16
245,202501,16
246,202501,16
247,202501,16
249,202501,16
250,202501,16
251,202501,16
252,202501,16
254,202501,16
255,202501,16
256,202501,16
258,202501,16
259,202501,16
262,202501,16
263,202501,16
264,202501,16
266,202501,16
267,202501,16
268,202501,16
270,202501,16
271,202501,16
272,202501,16
274,202501,16
275,202501,16
276,202501,16
277,202501,16
279,202501,16
280,202501,16
281,202501,16
282,202501,16
283,202501,16
285,202501,16
286,202501,16
287,202501,16
289,202501,16
291,202501,16
292,202501,16
293,202501,16
294,202501,16
295,202501,16
297,202501,16
298,202501,16
299,202501,16
300,202501,16
301,202501,16
302,202501,16
303,202501,16
304,202501,16
305,202501,16
306,202501,16
308,202501,16
309,202501,16
310,202501,16
311,202501,16
312,202501,16
313,202501,16
314,202501,16
315,202501,16
316,202501,16
317,202501,16
318,202501,16
319,202501,16
320,202501,16
321,202501,16
323,202501,16
324,202501,16
327,202501,16
328,202501,16
329,202501,16
330,202501,16
331,202501,16
332,202501,16
333,202501,16
334,202501,16
336,202501,16
337,202501,16
338,202501,16
339,202501,16
341,202501,16
342,202501,16
343,202501,16
344,202501,16
345,202501,16
346,202501,16
347,202501,16
348,202501,16
351,202501,16
352,202501,16
354,202501,16
355,202501,16
356,202501,16
357,202501,16
358,202501,16
359,202501,16
362,202501,16
363,202501,16
364,202501,16
365,202501,16
367,202501,16
368,202501,16
369,202501,16
370,202501,16
371,202501,16
372,202501,16
373,202501,16
374,202501,16
375,202501,16
376,202501,16
377,202501,16
378,202501,16
379,202501,16
381,202501,16
382,202501,16
385,202501,16
386,202501,16
388,202501,16
389,202501,16
390,202501,16
391,202501,16
392,202501,16
393,202501,16
395,202501,16
396,202501,16
398,202501,16
399,202501,16
401,202501,16
402,202501,16
403,202501,16
404,202501,16
405,202501,16
406,202501,16
407,202501,16
411,202501,16
414,202501,16
415,202501,16
418,202501,16
421,202501,16
422,202501,16
423,202501,16
424,202501,16
425,202501,16
426,202501,16
427,202501,16
428,202501,16
431,202501,16
433,202501,16
434,202501,16
435,202501,16
436,202501,16
437,202501,16
438,202501,16
439,202501,16
442,202501,16
444,202501,16
445,202501,16
446,202501,16
447,202501,16
448,202501,16
450,202501,16
451,202501,16
452,202501,16
453,202501,16
454,202501,16
455,202501,16
456,202501,16
458,202501,16
460,202501,15
461,202501,15
462,202501,15
464,202501,14
465,202501,14
466,202501,14
467,202501,14
468,202501,14
469,202501,13
470,202501,13
471,202501,13
473,202501,12
475,202501,12
476,202501,12
477,202501,12
478,202501,11
479,202501,10
480,202501,10
481,202501,10
482,202501,10
484,202501,10
485,202501,9
486,202501,9
487,202501,9
488,202501,9
489,202501,9
490,202501,9
491,202501,9
492,202501,9
493,202501,9
494,202501,8
495,202501,8
496,202501,8
497,202501,8
498,202501,8
499,202501,8
500,202501,8
502,202501,7
503,202501,7
504,202501,7
505,202501,7
506,202501,6
507,202501,6
508,202501,6
509,202501,6
510,202501,6
511,202501,5
512,202501,5
513,202501,5
514,202501,5
515,202501,5
516,202501,4
517,202501,4
518,202501,4
519,202501,4
520,202501,4
521,202501,4
522,202501,4
523,202501,4
524,202501,4
525,202501,4
527,202501,4
528,202501,3
529,202501,3
530,202501,3
531,202501,3
532,202501,3
533,202501,3
534,202501,3
535,202501,3
536,202501,2
537,202501,2
538,202501,2
539,202501,2
540,202501,2
541,202501,2
542,202501,2
543,202501,1
544,202501,1
545,202501,1
546,202501,1
547,202501,1
548,202501,1
549,202501,1
550,202501,1
551,202501,0
552,202501,0
553,202501,0
554,202501,0
555,202501,0
556,202501,0
557,202501,0
558,202501,0
559,202501,0
2,202502,17
3,202502,17
4,202502,17
5,202502,17
8,202502,17
9,202502,17
10,202502,17
11,202502,17
12,202502,17
14,202502,17
16,202502,17
17,202502,17
19,202502,17
20,202502,17
21,202502,17
22,202502,17
23,202502,17
24,202502,17
26,202502,17
27,202502,17
28,202502,17
29,202502,17
30,202502,17
31,202502,17
32,202502,17
33,202502,17
35,202502,17
36,202502,17
37,202502,17
38,202502,17
39,202502,17
41,202502,17
43,202502,17
44,202502,17
45,202502,17
46,202502,17
48,202502,17
49,202502,17
50,202502,17
51,202502,17
52,202502,17
53,202502,17
55,202502,17
56,202502,17
57,202502,17
59,202502,17
61,202502,17
62,202502,17
63,202502,17
64,202502,17
65,202502,17
66,202502,17
67,202502,17
69,202502,17
71,202502,17
72,202502,17
73,202502,17
74,202502,17
75,202502,17
76,202502,17
77,202502,17
78,202502,17
79,202502,17
80,202502,17
81,202502,17
82,202502,17
83,202502,17
84,202502,17
85,202502,17
86,202502,17
87,202502,17
88,202502,17
89,202502,17
91,202502,17
92,202502,17
94,202502,17
95,202502,17
96,202502,17
97,202502,17
98,202502,17
99,202502,17
100,202502,17
101,202502,17
102,202502,17
103,202502,17
104,202502,17
105,202502,17
107,202502,17
109,202502,17
112,202502,17
113,202502,17
114,202502,17
115,202502,17
116,202502,17
117,202502,17
118,202502,17
119,202502,17
120,202502,17
121,202502,17
122,202502,17
123,202502,17
125,202502,17
126,202502,17
127,202502,17
128,202502,17
129,202502,17
130,202502,17
131,202502,17
133,202502,17
135,202502,17
136,202502,17
137,202502,17
138,202502,17
139,202502,17
140,202502,17
141,202502,17
142,202502,17
143,202502,17
144,202502,17
146,202502,17
147,202502,17
148,202502,17
149,202502,17
150,202502,17
151,202502,17
152,202502,17
153,202502,17
156,202502,17
157,202502,17
158,202502,17
159,202502,17
161,202502,17
162,202502,17
163,202502,17
164,202502,17
165,202502,17
167,202502,17
168,202502,17
169,202502,17
170,202502,17
171,202502,17
173,202502,17
174,202502,17
175,202502,17
176,202502,17
178,202502,17
179,202502,17
180,202502,17
182,202502,17
183,202502,17
184,202502,17
185,202502,17
186,202502,17
187,202502,17
189,202502,17
190,202502,17
191,202502,17
192,202502,17
193,202502,17
194,202502,17
195,202502,17
197,202502,17
199,202502,17
200,202502,17
201,202502,17
202,202502,17
203,202502,17
204,202502,17
207,202502,17
208,202502,17
209,202502,17
210,202502,17
211,202502,17
212,202502,17
213,202502,17
214,202502,17
215,202502,17
217,202502,17
219,202502,17
222,202502,17
223,202502,17
224,202502,17
226,202502,17
227,202502,17
230,202502,17
231,202502,17
234,202502,17
235,202502,17
237,202502,17
238,202502,17
240,202502,17
241,202502,17
243,202502,17
244,202502,17
245,202502,17
246,202502,17
247,202502,17
249,202502,17
250,202502,17
251,202502,17
252,202502,17
254,202502,17
255,202502,17
256,202502,17
258,202502,17
259,202502,17
262,202502,17
263,202502,17
264,202502,17
266,202502,17
267,202502,17
268,202502,17
270,202502,17
271,202502,17
272,202502,17
274,202502,17
275,202502,17
276,202502,17
277,202502,17
279,202502,17
280,202502,17
281,202502,17
282,202502,17
283,202502,17
285,202502,17
286,202502,17
287,202502,17
289,202502,17
291,202502,17
293,202502,17
294,202502,17
295,202502,17
297,202502,17
298,202502,17
299,202502,17
300,202502,17
301,202502,17
302,202502,17
303,202502,17
304,202502,17
305,202502,17
306,202502,17
308,202502,17
309,202502,17
310,202502,17
311,202502,17
312,202502,17
313,202502,17
314,202502,17
315,202502,17
316,202502,17
317,202502,17
318,202502,17
319,202502,17
320,202502,17
321,202502,17
323,202502,17
324,202502,17
327,202502,17
328,202502,17
329,202502,17
330,202502,17
331,202502,17
332,202502,17
333,202502,17
334,202502,17
336,202502,17
337,202502,17
338,202502,17
339,202502,17
341,202502,17
342,202502,17
343,202502,17
344,202502,17
345,202502,17
346,202502,17
347,202502,17
348,202502,17
351,202502,17
352,202502,17
354,202502,17
355,202502,17
356,202502,17
357,202502,17
358,202502,17
359,202502,17
362,202502,17
363,202502,17
364,202502,17
365,202502,17
367,202502,17
368,202502,17
369,202502,17
370,202502,17
371,202502,17
372,202502,17
373,202502,17
374,202502,17
375,202502,17
376,202502,17
377,202502,17
378,202502,17
379,202502,17
381,202502,17
382,202502,17
385,202502,17
386,202502,17
388,202502,17
389,202502,17
390,202502,17
391,202502,17
392,202502,17
393,202502,17
395,202502,17
396,202502,17
398,202502,17
399,202502,17
401,202502,17
402,202502,17
403,202502,17
404,202502,17
405,202502,17
406,202502,17
407,202502,17
411,202502,17
414,202502,17
415,202502,17
418,202502,17
421,202502,17
422,202502,17
423,202502,17
424,202502,17
425,202502,17
426,202502,17
427,202502,17
428,202502,17
431,202502,17
433,202502,17
434,202502,17
435,202502,17
436,202502,17
437,202502,17
438,202502,17
439,202502,17
442,202502,17
444,202502,17
445,202502,17
446,202502,17
447,202502,17
448,202502,17
450,202502,17
451,202502,17
452,202502,17
453,202502,17
454,202502,17
455,202502,17
456,202502,17
458,202502,17
460,202502,16
461,202502,16
462,202502,16
464,202502,15
465,202502,15
466,202502,15
467,202502,15
468,202502,15
469,202502,14
470,202502,14
471,202502,14
473,202502,13
475,202502,13
476,202502,13
477,202502,13
478,202502,12
479,202502,11
480,202502,11
481,202502,11
482,202502,11
484,202502,11
485,202502,10
486,202502,10
487,202502,10
488,202502,10
489,202502,10
490,202502,10
491,202502,10
492,202502,10
493,202502,10
494,202502,9
495,202502,9
496,202502,9
497,202502,9
498,202502,9
499,202502,9
500,202502,9
502,202502,8
503,202502,8
504,202502,8
505,202502,8
506,202502,7
507,202502,7
508,202502,7
509,202502,7
510,202502,7
511,202502,6
512,202502,6
514,202502,6
515,202502,6
516,202502,5
517,202502,5
518,202502,5
519,202502,5
520,202502,5
521,202502,5
522,202502,5
523,202502,5
524,202502,5
525,202502,5
527,202502,5
528,202502,4
529,202502,4
530,202502,4
531,202502,4
532,202502,4
533,202502,4
534,202502,4
535,202502,4
536,202502,3
537,202502,3
538,202502,3
539,202502,3
540,202502,3
541,202502,3
542,202502,3
543,202502,2
544,202502,2
545,202502,2
546,202502,2
547,202502,2
548,202502,2
549,202502,2
550,202502,2
551,202502,1
552,202502,1
553,202502,1
554,202502,1
555,202502,1
556,202502,1
557,202502,1
558,202502,1
559,202502,1
560,202502,0
561,202502,0
562,202502,0
563,202502,0
564,202502,0
565,202502,0
566,202502,0
567,202502,0
568,202502,0
569,202502,0
570,202502,0
571,202502,0
2,202503,18
3,202503,18
4,202503,18
5,202503,18
8,202503,18
9,202503,18
10,202503,18
11,202503,18
12,202503,18
14,202503,18
16,202503,18
17,202503,18
19,202503,18
20,202503,18
21,202503,18
22,202503,18
23,202503,18
24,202503,18
26,202503,18
27,202503,18
28,202503,18
29,202503,18
30,202503,18
31,202503,18
32,202503,18
33,202503,18
35,202503,18
37,202503,18
38,202503,18
39,202503,18
41,202503,18
43,202503,18
45,202503,18
46,202503,18
48,202503,18
49,202503,18
50,202503,18
51,202503,18
52,202503,18
53,202503,18
55,202503,18
56,202503,18
57,202503,18
59,202503,18
61,202503,18
62,202503,18
63,202503,18
64,202503,18
65,202503,18
66,202503,18
67,202503,18
69,202503,18
71,202503,18
72,202503,18
73,202503,18
74,202503,18
75,202503,18
76,202503,18
77,202503,18
79,202503,18
80,202503,18
81,202503,18
82,202503,18
84,202503,18
85,202503,18
86,202503,18
87,202503,18
88,202503,18
89,202503,18
91,202503,18
92,202503,18
94,202503,18
95,202503,18
96,202503,18
98,202503,18
99,202503,18
100,202503,18
101,202503,18
102,202503,18
103,202503,18
104,202503,18
105,202503,18
107,202503,18
109,202503,18
112,202503,18
113,202503,18
114,202503,18
115,202503,18
116,202503,18
117,202503,18
118,202503,18
119,202503,18
120,202503,18
121,202503,18
122,202503,18
123,202503,18
125,202503,18
126,202503,18
127,202503,18
128,202503,18
129,202503,18
130,202503,18
131,202503,18
133,202503,18
135,202503,18
136,202503,18
137,202503,18
138,202503,18
139,202503,18
140,202503,18
141,202503,18
142,202503,18
143,202503,18
144,202503,18
146,202503,18
147,202503,18
148,202503,18
149,202503,18
150,202503,18
151,202503,18
152,202503,18
153,202503,18
156,202503,18
157,202503,18
158,202503,18
161,202503,18
162,202503,18
164,202503,18
165,202503,18
168,202503,18
169,202503,18
170,202503,18
171,202503,18
173,202503,18
174,202503,18
175,202503,18
176,202503,18
178,202503,18
179,202503,18
180,202503,18
182,202503,18
183,202503,18
184,202503,18
185,202503,18
186,202503,18
187,202503,18
189,202503,18
190,202503,18
191,202503,18
192,202503,18
193,202503,18
194,202503,18
195,202503,18
197,202503,18
199,202503,18
200,202503,18
201,202503,18
202,202503,18
203,202503,18
204,202503,18
207,202503,18
208,202503,18
209,202503,18
210,202503,18
211,202503,18
212,202503,18
213,202503,18
214,202503,18
215,202503,18
217,202503,18
219,202503,18
222,202503,18
223,202503,18
224,202503,18
226,202503,18
227,202503,18
230,202503,18
231,202503,18
234,202503,18
235,202503,18
237,202503,18
238,202503,18
240,202503,18
241,202503,18
243,202503,18
244,202503,18
245,202503,18
246,202503,18
247,202503,18
249,202503,18
250,202503,18
251,202503,18
252,202503,18
254,202503,18
255,202503,18
256,202503,18
258,202503,18
259,202503,18
262,202503,18
263,202503,18
264,202503,18
266,202503,18
267,202503,18
268,202503,18
270,202503,18
271,202503,18
272,202503,18
274,202503,18
275,202503,18
276,202503,18
277,202503,18
279,202503,18
280,202503,18
281,202503,18
282,202503,18
283,202503,18
285,202503,18
286,202503,18
287,202503,18
289,202503,18
291,202503,18
293,202503,18
294,202503,18
295,202503,18
297,202503,18
298,202503,18
299,202503,18
300,202503,18
301,202503,18
302,202503,18
303,202503,18
304,202503,18
305,202503,18
306,202503,18
308,202503,18
309,202503,18
310,202503,18
311,202503,18
312,202503,18
313,202503,18
314,202503,18
315,202503,18
316,202503,18
317,202503,18
318,202503,18
319,202503,18
320,202503,18
321,202503,18
323,202503,18
324,202503,18
327,202503,18
328,202503,18
329,202503,18
330,202503,18
331,202503,18
332,202503,18
334,202503,18
337,202503,18
338,202503,18
339,202503,18
341,202503,18
342,202503,18
343,202503,18
344,202503,18
345,202503,18
346,202503,18
347,202503,18
348,202503,18
351,202503,18
352,202503,18
354,202503,18
355,202503,18
356,202503,18
357,202503,18
358,202503,18
359,202503,18
362,202503,18
363,202503,18
364,202503,18
365,202503,18
367,202503,18
368,202503,18
369,202503,18
370,202503,18
371,202503,18
372,202503,18
373,202503,18
374,202503,18
375,202503,18
376,202503,18
377,202503,18
378,202503,18
379,202503,18
381,202503,18
382,202503,18
385,202503,18
386,202503,18
388,202503,18
389,202503,18
390,202503,18
391,202503,18
392,202503,18
393,202503,18
395,202503,18
396,202503,18
398,202503,18
401,202503,18
402,202503,18
403,202503,18
404,202503,18
405,202503,18
406,202503,18
407,202503,18
411,202503,18
414,202503,18
415,202503,18
418,202503,18
421,202503,18
422,202503,18
423,202503,18
424,202503,18
425,202503,18
426,202503,18
427,202503,18
428,202503,18
431,202503,18
433,202503,18
434,202503,18
435,202503,18
436,202503,18
437,202503,18
438,202503,18
439,202503,18
442,202503,18
444,202503,18
445,202503,18
446,202503,18
447,202503,18
448,202503,18
450,202503,18
451,202503,18
452,202503,18
453,202503,18
454,202503,18
455,202503,18
456,202503,18
458,202503,18
460,202503,17
461,202503,17
462,202503,17
464,202503,16
465,202503,16
466,202503,16
467,202503,16
468,202503,16
469,202503,15
470,202503,15
471,202503,15
473,202503,14
475,202503,14
476,202503,14
477,202503,14
478,202503,13
479,202503,12
480,202503,12
481,202503,12
482,202503,12
484,202503,12
485,202503,11
486,202503,11
487,202503,11
488,202503,11
489,202503,11
490,202503,11
491,202503,11
492,202503,11
493,202503,11
494,202503,10
495,202503,10
496,202503,10
497,202503,10
498,202503,10
499,202503,10
500,202503,10
502,202503,9
503,202503,9
504,202503,9
505,202503,9
506,202503,8
507,202503,8
508,202503,8
509,202503,8
510,202503,8
511,202503,7
512,202503,7
514,202503,7
515,202503,7
516,202503,6
517,202503,6
518,202503,6
519,202503,6
520,202503,6
521,202503,6
522,202503,6
523,202503,6
524,202503,6
525,202503,6
527,202503,6
528,202503,5
529,202503,5
531,202503,5
532,202503,5
533,202503,5
534,202503,5
535,202503,5
536,202503,4
537,202503,4
538,202503,4
539,202503,4
540,202503,4
541,202503,4
542,202503,4
544,202503,3
545,202503,3
546,202503,3
547,202503,3
548,202503,3
549,202503,3
550,202503,3
551,202503,2
552,202503,2
553,202503,2
554,202503,2
555,202503,2
556,202503,2
557,202503,2
558,202503,2
559,202503,2
560,202503,1
561,202503,1
562,202503,1
563,202503,1
564,202503,1
565,202503,1
566,202503,1
567,202503,1
568,202503,1
569,202503,1
570,202503,1
571,202503,1
572,202503,0
573,202503,0
574,202503,0
575,202503,0
576,202503,0
577,202503,0
578,202503,0
579,202503,0
580,202503,0
2,202504,19
3,202504,19
4,202504,19
5,202504,19
8,202504,19
9,202504,19
10,202504,19
11,202504,19
12,202504,19
14,202504,19
16,202504,19
17,202504,19
19,202504,19
20,202504,19
21,202504,19
22,202504,19
23,202504,19
24,202504,19
26,202504,19
27,202504,19
28,202504,19
29,202504,19
30,202504,19
31,202504,19
32,202504,19
33,202504,19
35,202504,19
37,202504,19
38,202504,19
39,202504,19
41,202504,19
43,202504,19
45,202504,19
46,202504,19
48,202504,19
49,202504,19
50,202504,19
51,202504,19
52,202504,19
53,202504,19
55,202504,19
56,202504,19
57,202504,19
59,202504,19
61,202504,19
62,202504,19
63,202504,19
64,202504,19
65,202504,19
66,202504,19
67,202504,19
69,202504,19
71,202504,19
72,202504,19
73,202504,19
74,202504,19
76,202504,19
77,202504,19
79,202504,19
80,202504,19
81,202504,19
82,202504,19
84,202504,19
85,202504,19
86,202504,19
87,202504,19
88,202504,19
89,202504,19
91,202504,19
92,202504,19
94,202504,19
95,202504,19
96,202504,19
98,202504,19
99,202504,19
100,202504,19
101,202504,19
102,202504,19
103,202504,19
104,202504,19
105,202504,19
107,202504,19
109,202504,19
112,202504,19
113,202504,19
114,202504,19
115,202504,19
116,202504,19
117,202504,19
118,202504,19
119,202504,19
120,202504,19
121,202504,19
122,202504,19
123,202504,19
125,202504,19
126,202504,19
127,202504,19
128,202504,19
129,202504,19
130,202504,19
131,202504,19
133,202504,19
135,202504,19
136,202504,19
137,202504,19
139,202504,19
140,202504,19
141,202504,19
142,202504,19
143,202504,19
144,202504,19
146,202504,19
147,202504,19
148,202504,19
149,202504,19
150,202504,19
151,202504,19
152,202504,19
153,202504,19
156,202504,19
157,202504,19
158,202504,19
161,202504,19
162,202504,19
164,202504,19
165,202504,19
168,202504,19
169,202504,19
170,202504,19
171,202504,19
173,202504,19
174,202504,19
175,202504,19
176,202504,19
178,202504,19
179,202504,19
180,202504,19
182,202504,19
183,202504,19
184,202504,19
185,202504,19
186,202504,19
187,202504,19
189,202504,19
190,202504,19
191,202504,19
192,202504,19
193,202504,19
194,202504,19
195,202504,19
197,202504,19
199,202504,19
200,202504,19
201,202504,19
202,202504,19
203,202504,19
204,202504,19
207,202504,19
208,202504,19
209,202504,19
210,202504,19
211,202504,19
212,202504,19
213,202504,19
214,202504,19
215,202504,19
217,202504,19
219,202504,19
222,202504,19
223,202504,19
224,202504,19
226,202504,19
227,202504,19
230,202504,19
231,202504,19
234,202504,19
235,202504,19
237,202504,19
238,202504,19
240,202504,19
241,202504,19
243,202504,19
244,202504,19
245,202504,19
246,202504,19
247,202504,19
250,202504,19
251,202504,19
252,202504,19
254,202504,19
255,202504,19
256,202504,19
258,202504,19
259,202504,19
262,202504,19
263,202504,19
264,202504,19
266,202504,19
267,202504,19
268,202504,19
270,202504,19
271,202504,19
272,202504,19
274,202504,19
275,202504,19
276,202504,19
277,202504,19
279,202504,19
280,202504,19
281,202504,19
282,202504,19
283,202504,19
285,202504,19
286,202504,19
287,202504,19
289,202504,19
291,202504,19
293,202504,19
294,202504,19
295,202504,19
297,202504,19
298,202504,19
299,202504,19
300,202504,19
301,202504,19
302,202504,19
303,202504,19
304,202504,19
305,202504,19
306,202504,19
308,202504,19
309,202504,19
310,202504,19
311,202504,19
312,202504,19
313,202504,19
314,202504,19
315,202504,19
316,202504,19
317,202504,19
318,202504,19
319,202504,19
320,202504,19
321,202504,19
323,202504,19
324,202504,19
327,202504,19
328,202504,19
329,202504,19
330,202504,19
331,202504,19
332,202504,19
334,202504,19
337,202504,19
338,202504,19
339,202504,19
341,202504,19
342,202504,19
343,202504,19
344,202504,19
345,202504,19
346,202504,19
347,202504,19
348,202504,19
351,202504,19
352,202504,19
354,202504,19
355,202504,19
356,202504,19
357,202504,19
358,202504,19
359,202504,19
362,202504,19
363,202504,19
364,202504,19
365,202504,19
367,202504,19
368,202504,19
369,202504,19
370,202504,19
371,202504,19
372,202504,19
373,202504,19
374,202504,19
375,202504,19
376,202504,19
377,202504,19
378,202504,19
379,202504,19
382,202504,19
385,202504,19
386,202504,19
388,202504,19
389,202504,19
390,202504,19
391,202504,19
392,202504,19
393,202504,19
395,202504,19
396,202504,19
398,202504,19
401,202504,19
402,202504,19
403,202504,19
404,202504,19
405,202504,19
406,202504,19
407,202504,19
411,202504,19
414,202504,19
415,202504,19
418,202504,19
421,202504,19
422,202504,19
423,202504,19
424,202504,19
425,202504,19
426,202504,19
427,202504,19
428,202504,19
431,202504,19
434,202504,19
435,202504,19
436,202504,19
437,202504,19
438,202504,19
439,202504,19
442,202504,19
444,202504,19
445,202504,19
446,202504,19
447,202504,19
450,202504,19
451,202504,19
452,202504,19
453,202504,19
454,202504,19
455,202504,19
456,202504,19
458,202504,19
460,202504,18
461,202504,18
462,202504,18
464,202504,17
465,202504,17
466,202504,17
467,202504,17
468,202504,17
469,202504,16
473,202504,15
475,202504,15
476,202504,15
477,202504,15
478,202504,14
479,202504,13
480,202504,13
481,202504,13
482,202504,13
484,202504,13
485,202504,12
486,202504,12
487,202504,12
488,202504,12
489,202504,12
490,202504,12
491,202504,12
492,202504,12
493,202504,12
494,202504,11
495,202504,11
496,202504,11
497,202504,11
498,202504,11
499,202504,11
500,202504,11
502,202504,10
503,202504,10
504,202504,10
505,202504,10
506,202504,9
507,202504,9
508,202504,9
509,202504,9
510,202504,9
511,202504,8
512,202504,8
514,202504,8
515,202504,8
516,202504,7
518,202504,7
519,202504,7
520,202504,7
521,202504,7
522,202504,7
523,202504,7
524,202504,7
525,202504,7
527,202504,7
528,202504,6
529,202504,6
531,202504,6
532,202504,6
533,202504,6
534,202504,6
535,202504,6
536,202504,5
537,202504,5
538,202504,5
539,202504,5
540,202504,5
541,202504,5
542,202504,5
544,202504,4
545,202504,4
547,202504,4
548,202504,4
549,202504,4
550,202504,4
551,202504,3
552,202504,3
553,202504,3
554,202504,3
555,202504,3
556,202504,3
557,202504,3
558,202504,3
559,202504,3
560,202504,2
561,202504,2
562,202504,2
563,202504,2
564,202504,2
565,202504,2
566,202504,2
567,202504,2
568,202504,2
569,202504,2
570,202504,2
571,202504,2
572,202504,1
573,202504,1
574,202504,1
575,202504,1
576,202504,1
577,202504,1
578,202504,1
579,202504,1
580,202504,1
581,202504,0
582,202504,0
583,202504,0
584,202504,0
585,202504,0
586,202504,0
587,202504,0
588,202504,0
2,202505,20
3,202505,20
4,202505,20
5,202505,20
8,202505,20
9,202505,20
10,202505,20
11,202505,20
12,202505,20
14,202505,20
16,202505,20
17,202505,20
19,202505,20
20,202505,20
21,202505,20
22,202505,20
23,202505,20
24,202505,20
26,202505,20
27,202505,20
28,202505,20
29,202505,20
30,202505,20
31,202505,20
32,202505,20
35,202505,20
37,202505,20
38,202505,20
39,202505,20
41,202505,20
43,202505,20
45,202505,20
46,202505,20
48,202505,20
49,202505,20
50,202505,20
51,202505,20
52,202505,20
53,202505,20
55,202505,20
56,202505,20
57,202505,20
59,202505,20
61,202505,20
62,202505,20
63,202505,20
64,202505,20
65,202505,20
67,202505,20
69,202505,20
71,202505,20
72,202505,20
73,202505,20
74,202505,20
76,202505,20
77,202505,20
79,202505,20
80,202505,20
81,202505,20
82,202505,20
84,202505,20
85,202505,20
86,202505,20
87,202505,20
88,202505,20
89,202505,20
91,202505,20
92,202505,20
94,202505,20
95,202505,20
96,202505,20
98,202505,20
99,202505,20
100,202505,20
101,202505,20
102,202505,20
103,202505,20
104,202505,20
105,202505,20
107,202505,20
109,202505,20
112,202505,20
113,202505,20
114,202505,20
115,202505,20
116,202505,20
117,202505,20
118,202505,20
119,202505,20
120,202505,20
121,202505,20
122,202505,20
123,202505,20
125,202505,20
126,202505,20
127,202505,20
128,202505,20
129,202505,20
130,202505,20
131,202505,20
133,202505,20
135,202505,20
136,202505,20
137,202505,20
139,202505,20
140,202505,20
141,202505,20
142,202505,20
143,202505,20
144,202505,20
146,202505,20
147,202505,20
148,202505,20
149,202505,20
150,202505,20
151,202505,20
152,202505,20
153,202505,20
156,202505,20
157,202505,20
158,202505,20
161,202505,20
162,202505,20
164,202505,20
165,202505,20
168,202505,20
169,202505,20
171,202505,20
173,202505,20
174,202505,20
175,202505,20
176,202505,20
178,202505,20
179,202505,20
180,202505,20
182,202505,20
183,202505,20
184,202505,20
185,202505,20
186,202505,20
187,202505,20
189,202505,20
190,202505,20
191,202505,20
192,202505,20
193,202505,20
194,202505,20
195,202505,20
197,202505,20
199,202505,20
200,202505,20
201,202505,20
202,202505,20
203,202505,20
204,202505,20
207,202505,20
208,202505,20
209,202505,20
210,202505,20
211,202505,20
212,202505,20
213,202505,20
214,202505,20
215,202505,20
217,202505,20
219,202505,20
222,202505,20
223,202505,20
224,202505,20
226,202505,20
227,202505,20
230,202505,20
231,202505,20
234,202505,20
235,202505,20
237,202505,20
238,202505,20
240,202505,20
241,202505,20
244,202505,20
245,202505,20
246,202505,20
247,202505,20
250,202505,20
251,202505,20
252,202505,20
254,202505,20
255,202505,20
256,202505,20
258,202505,20
259,202505,20
262,202505,20
263,202505,20
264,202505,20
266,202505,20
267,202505,20
268,202505,20
270,202505,20
271,202505,20
272,202505,20
274,202505,20
275,202505,20
276,202505,20
277,202505,20
279,202505,20
280,202505,20
281,202505,20
282,202505,20
283,202505,20
285,202505,20
286,202505,20
287,202505,20
289,202505,20
291,202505,20
293,202505,20
294,202505,20
295,202505,20
297,202505,20
298,202505,20
299,202505,20
300,202505,20
301,202505,20
302,202505,20
303,202505,20
304,202505,20
305,202505,20
306,202505,20
308,202505,20
309,202505,20
310,202505,20
311,202505,20
312,202505,20
313,202505,20
314,202505,20
315,202505,20
316,202505,20
317,202505,20
318,202505,20
319,202505,20
320,202505,20
321,202505,20
323,202505,20
327,202505,20
328,202505,20
329,202505,20
330,202505,20
331,202505,20
332,202505,20
334,202505,20
337,202505,20
338,202505,20
339,202505,20
341,202505,20
342,202505,20
343,202505,20
344,202505,20
345,202505,20
346,202505,20
347,202505,20
348,202505,20
351,202505,20
352,202505,20
354,202505,20
355,202505,20
356,202505,20
357,202505,20
358,202505,20
359,202505,20
362,202505,20
363,202505,20
364,202505,20
365,202505,20
367,202505,20
368,202505,20
369,202505,20
370,202505,20
371,202505,20
372,202505,20
373,202505,20
374,202505,20
375,202505,20
376,202505,20
377,202505,20
378,202505,20
379,202505,20
382,202505,20
385,202505,20
386,202505,20
388,202505,20
389,202505,20
390,202505,20
391,202505,20
392,202505,20
393,202505,20
395,202505,20
396,202505,20
398,202505,20
401,202505,20
402,202505,20
403,202505,20
404,202505,20
405,202505,20
406,202505,20
407,202505,20
411,202505,20
414,202505,20
415,202505,20
418,202505,20
421,202505,20
422,202505,20
423,202505,20
424,202505,20
425,202505,20
426,202505,20
427,202505,20
428,202505,20
431,202505,20
434,202505,20
436,202505,20
437,202505,20
438,202505,20
439,202505,20
442,202505,20
444,202505,20
445,202505,20
446,202505,20
447,202505,20
450,202505,20
451,202505,20
452,202505,20
453,202505,20
454,202505,20
455,202505,20
456,202505,20
458,202505,20
461,202505,19
462,202505,19
464,202505,18
465,202505,18
466,202505,18
467,202505,18
468,202505,18
469,202505,17
473,202505,16
475,202505,16
476,202505,16
477,202505,16
478,202505,15
479,202505,14
480,202505,14
481,202505,14
482,202505,14
484,202505,14
485,202505,13
486,202505,13
487,202505,13
488,202505,13
489,202505,13
490,202505,13
491,202505,13
492,202505,13
493,202505,13
494,202505,12
495,202505,12
496,202505,12
497,202505,12
498,202505,12
499,202505,12
500,202505,12
502,202505,11
503,202505,11
504,202505,11
505,202505,11
506,202505,10
507,202505,10
508,202505,10
509,202505,10
510,202505,10
511,202505,9
512,202505,9
514,202505,9
515,202505,9
516,202505,8
518,202505,8
519,202505,8
520,202505,8
521,202505,8
522,202505,8
523,202505,8
524,202505,8
525,202505,8
527,202505,8
528,202505,7
529,202505,7
531,202505,7
532,202505,7
533,202505,7
534,202505,7
535,202505,7
536,202505,6
537,202505,6
538,202505,6
539,202505,6
540,202505,6
541,202505,6
542,202505,6
544,202505,5
545,202505,5
547,202505,5
548,202505,5
549,202505,5
550,202505,5
551,202505,4
552,202505,4
553,202505,4
554,202505,4
555,202505,4
556,202505,4
557,202505,4
558,202505,4
559,202505,4
560,202505,3
561,202505,3
562,202505,3
563,202505,3
564,202505,3
565,202505,3
566,202505,3
567,202505,3
568,202505,3
569,202505,3
570,202505,3
571,202505,3
572,202505,2
573,202505,2
574,202505,2
575,202505,2
576,202505,2
577,202505,2
578,202505,2
579,202505,2
580,202505,2
581,202505,1
582,202505,1
583,202505,1
584,202505,1
585,202505,1
586,202505,1
587,202505,1
588,202505,1
589,202505,0
590,202505,0
591,202505,0
592,202505,0
593,202505,0
594,202505,0
595,202505,0
596,202505,0
597,202505,0
598,202505,0
599,202505,0
600,202505,0
601,202505,0
602,202505,0
603,202505,0
604,202505,0
605,202505,0
606,202505,0
607,202505,0
608,202505,0
2,202506,21
3,202506,21
4,202506,21
5,202506,21
8,202506,21
9,202506,21
10,202506,21
11,202506,21
12,202506,21
14,202506,21
16,202506,21
17,202506,21
19,202506,21
20,202506,21
21,202506,21
22,202506,21
23,202506,21
24,202506,21
26,202506,21
27,202506,21
28,202506,21
29,202506,21
30,202506,21
31,202506,21
32,202506,21
35,202506,21
37,202506,21
38,202506,21
39,202506,21
41,202506,21
43,202506,21
45,202506,21
46,202506,21
48,202506,21
50,202506,21
51,202506,21
52,202506,21
53,202506,21
55,202506,21
56,202506,21
57,202506,21
59,202506,21
61,202506,21
62,202506,21
63,202506,21
64,202506,21
65,202506,21
67,202506,21
69,202506,21
72,202506,21
73,202506,21
74,202506,21
76,202506,21
77,202506,21
79,202506,21
80,202506,21
81,202506,21
82,202506,21
84,202506,21
85,202506,21
86,202506,21
87,202506,21
88,202506,21
89,202506,21
91,202506,21
92,202506,21
94,202506,21
95,202506,21
96,202506,21
98,202506,21
99,202506,21
100,202506,21
101,202506,21
102,202506,21
103,202506,21
104,202506,21
105,202506,21
107,202506,21
109,202506,21
112,202506,21
113,202506,21
114,202506,21
115,202506,21
116,202506,21
117,202506,21
118,202506,21
119,202506,21
121,202506,21
122,202506,21
123,202506,21
125,202506,21
126,202506,21
127,202506,21
128,202506,21
129,202506,21
130,202506,21
131,202506,21
133,202506,21
135,202506,21
136,202506,21
137,202506,21
139,202506,21
140,202506,21
141,202506,21
142,202506,21
143,202506,21
144,202506,21
146,202506,21
147,202506,21
148,202506,21
149,202506,21
150,202506,21
151,202506,21
152,202506,21
153,202506,21
156,202506,21
157,202506,21
158,202506,21
161,202506,21
162,202506,21
164,202506,21
165,202506,21
168,202506,21
169,202506,21
171,202506,21
173,202506,21
174,202506,21
175,202506,21
176,202506,21
178,202506,21
179,202506,21
180,202506,21
182,202506,21
183,202506,21
184,202506,21
185,202506,21
186,202506,21
187,202506,21
189,202506,21
190,202506,21
191,202506,21
192,202506,21
193,202506,21
194,202506,21
195,202506,21
197,202506,21
199,202506,21
200,202506,21
201,202506,21
203,202506,21
204,202506,21
207,202506,21
208,202506,21
209,202506,21
210,202506,21
211,202506,21
212,202506,21
213,202506,21
214,202506,21
215,202506,21
217,202506,21
219,202506,21
222,202506,21
223,202506,21
224,202506,21
226,202506,21
227,202506,21
230,202506,21
231,202506,21
234,202506,21
235,202506,21
237,202506,21
238,202506,21
240,202506,21
241,202506,21
244,202506,21
245,202506,21
246,202506,21
247,202506,21
250,202506,21
251,202506,21
252,202506,21
254,202506,21
255,202506,21
256,202506,21
258,202506,21
259,202506,21
262,202506,21
263,202506,21
264,202506,21
266,202506,21
267,202506,21
268,202506,21
270,202506,21
271,202506,21
272,202506,21
274,202506,21
275,202506,21
276,202506,21
277,202506,21
279,202506,21
280,202506,21
281,202506,21
282,202506,21
283,202506,21
285,202506,21
286,202506,21
287,202506,21
289,202506,21
291,202506,21
293,202506,21
294,202506,21
295,202506,21
297,202506,21
298,202506,21
299,202506,21
300,202506,21
301,202506,21
302,202506,21
303,202506,21
304,202506,21
305,202506,21
306,202506,21
308,202506,21
309,202506,21
310,202506,21
311,202506,21
312,202506,21
313,202506,21
314,202506,21
315,202506,21
316,202506,21
317,202506,21
318,202506,21
319,202506,21
320,202506,21
321,202506,21
323,202506,21
327,202506,21
328,202506,21
329,202506,21
330,202506,21
331,202506,21
332,202506,21
334,202506,21
337,202506,21
338,202506,21
339,202506,21
341,202506,21
344,202506,21
345,202506,21
346,202506,21
347,202506,21
348,202506,21
351,202506,21
352,202506,21
354,202506,21
355,202506,21
356,202506,21
357,202506,21
358,202506,21
359,202506,21
362,202506,21
363,202506,21
364,202506,21
365,202506,21
367,202506,21
368,202506,21
369,202506,21
370,202506,21
371,202506,21
372,202506,21
373,202506,21
374,202506,21
375,202506,21
376,202506,21
377,202506,21
378,202506,21
379,202506,21
382,202506,21
385,202506,21
386,202506,21
388,202506,21
389,202506,21
390,202506,21
391,202506,21
392,202506,21
393,202506,21
395,202506,21
396,202506,21
398,202506,21
401,202506,21
402,202506,21
403,202506,21
404,202506,21
405,202506,21
406,202506,21
407,202506,21
411,202506,21
414,202506,21
415,202506,21
418,202506,21
421,202506,21
422,202506,21
423,202506,21
424,202506,21
425,202506,21
426,202506,21
427,202506,21
428,202506,21
431,202506,21
434,202506,21
436,202506,21
437,202506,21
438,202506,21
439,202506,21
442,202506,21
444,202506,21
445,202506,21
446,202506,21
447,202506,21
450,202506,21
451,202506,21
452,202506,21
453,202506,21
454,202506,21
455,202506,21
456,202506,21
458,202506,21
461,202506,20
462,202506,20
464,202506,19
465,202506,19
466,202506,19
467,202506,19
468,202506,19
469,202506,18
473,202506,17
475,202506,17
476,202506,17
477,202506,17
478,202506,16
479,202506,15
480,202506,15
481,202506,15
482,202506,15
484,202506,15
485,202506,14
486,202506,14
487,202506,14
488,202506,14
489,202506,14
490,202506,14
491,202506,14
492,202506,14
493,202506,14
494,202506,13
495,202506,13
496,202506,13
497,202506,13
498,202506,13
499,202506,13
500,202506,13
502,202506,12
503,202506,12
504,202506,12
505,202506,12
506,202506,11
507,202506,11
508,202506,11
509,202506,11
510,202506,11
511,202506,10
512,202506,10
514,202506,10
515,202506,10
516,202506,9
518,202506,9
519,202506,9
520,202506,9
521,202506,9
522,202506,9
523,202506,9
524,202506,9
525,202506,9
527,202506,9
528,202506,8
529,202506,8
531,202506,8
532,202506,8
533,202506,8
534,202506,8
535,202506,8
536,202506,7
537,202506,7
538,202506,7
539,202506,7
540,202506,7
541,202506,7
542,202506,7
544,202506,6
545,202506,6
547,202506,6
548,202506,6
549,202506,6
550,202506,6
551,202506,5
552,202506,5
553,202506,5
554,202506,5
555,202506,5
556,202506,5
557,202506,5
558,202506,5
559,202506,5
560,202506,4
561,202506,4
562,202506,4
563,202506,4
565,202506,4
567,202506,4
568,202506,4
569,202506,4
570,202506,4
571,202506,4
572,202506,3
573,202506,3
574,202506,3
575,202506,3
576,202506,3
577,202506,3
578,202506,3
579,202506,3
580,202506,3
581,202506,2
582,202506,2
583,202506,2
584,202506,2
585,202506,2
586,202506,2
587,202506,2
589,202506,1
590,202506,1
591,202506,1
592,202506,1
593,202506,1
594,202506,1
595,202506,1
596,202506,1
597,202506,1
598,202506,1
599,202506,1
600,202506,1
601,202506,1
602,202506,1
603,202506,1
604,202506,1
605,202506,1
606,202506,1
607,202506,1
608,202506,1
609,202506,0
610,202506,0
611,202506,0
612,202506,0
613,202506,0
614,202506,0
615,202506,0
616,202506,0
617,202506,0
618,202506,0
619,202506,0
620,202506,0
621,202506,0
622,202506,0
623,202506,0
2,202507,22
3,202507,22
4,202507,22
5,202507,22
8,202507,22
9,202507,22
10,202507,22
11,202507,22
12,202507,22
14,202507,22
16,202507,22
17,202507,22
19,202507,22
20,202507,22
21,202507,22
22,202507,22
23,202507,22
24,202507,22
27,202507,22
28,202507,22
29,202507,22
30,202507,22
31,202507,22
32,202507,22
35,202507,22
37,202507,22
38,202507,22
39,202507,22
41,202507,22
43,202507,22
45,202507,22
46,202507,22
48,202507,22
50,202507,22
51,202507,22
52,202507,22
53,202507,22
55,202507,22
56,202507,22
57,202507,22
59,202507,22
61,202507,22
62,202507,22
63,202507,22
64,202507,22
65,202507,22
67,202507,22
69,202507,22
72,202507,22
73,202507,22
74,202507,22
76,202507,22
77,202507,22
79,202507,22
80,202507,22
81,202507,22
82,202507,22
84,202507,22
85,202507,22
86,202507,22
87,202507,22
88,202507,22
89,202507,22
91,202507,22
92,202507,22
94,202507,22
95,202507,22
96,202507,22
98,202507,22
99,202507,22
100,202507,22
101,202507,22
102,202507,22
103,202507,22
104,202507,22
105,202507,22
107,202507,22
109,202507,22
112,202507,22
113,202507,22
114,202507,22
115,202507,22
116,202507,22
117,202507,22
118,202507,22
119,202507,22
121,202507,22
122,202507,22
123,202507,22
125,202507,22
126,202507,22
127,202507,22
128,202507,22
129,202507,22
130,202507,22
131,202507,22
133,202507,22
135,202507,22
136,202507,22
137,202507,22
139,202507,22
140,202507,22
141,202507,22
142,202507,22
143,202507,22
144,202507,22
146,202507,22
147,202507,22
148,202507,22
149,202507,22
150,202507,22
151,202507,22
152,202507,22
153,202507,22
156,202507,22
157,202507,22
158,202507,22
161,202507,22
162,202507,22
164,202507,22
165,202507,22
168,202507,22
169,202507,22
171,202507,22
173,202507,22
174,202507,22
175,202507,22
176,202507,22
178,202507,22
180,202507,22
182,202507,22
183,202507,22
184,202507,22
185,202507,22
186,202507,22
187,202507,22
189,202507,22
190,202507,22
191,202507,22
192,202507,22
193,202507,22
194,202507,22
195,202507,22
197,202507,22
199,202507,22
200,202507,22
201,202507,22
203,202507,22
204,202507,22
207,202507,22
208,202507,22
209,202507,22
210,202507,22
211,202507,22
212,202507,22
213,202507,22
214,202507,22
215,202507,22
217,202507,22
219,202507,22
222,202507,22
223,202507,22
224,202507,22
226,202507,22
227,202507,22
230,202507,22
231,202507,22
234,202507,22
235,202507,22
237,202507,22
238,202507,22
240,202507,22
244,202507,22
245,202507,22
246,202507,22
247,202507,22
250,202507,22
251,202507,22
252,202507,22
254,202507,22
255,202507,22
256,202507,22
258,202507,22
259,202507,22
262,202507,22
263,202507,22
264,202507,22
266,202507,22
267,202507,22
268,202507,22
270,202507,22
271,202507,22
272,202507,22
274,202507,22
276,202507,22
277,202507,22
279,202507,22
280,202507,22
281,202507,22
282,202507,22
283,202507,22
285,202507,22
286,202507,22
287,202507,22
289,202507,22
291,202507,22
293,202507,22
294,202507,22
295,202507,22
297,202507,22
298,202507,22
299,202507,22
300,202507,22
302,202507,22
303,202507,22
304,202507,22
305,202507,22
306,202507,22
308,202507,22
309,202507,22
310,202507,22
311,202507,22
312,202507,22
313,202507,22
314,202507,22
315,202507,22
316,202507,22
317,202507,22
318,202507,22
319,202507,22
320,202507,22
321,202507,22
323,202507,22
327,202507,22
328,202507,22
329,202507,22
330,202507,22
331,202507,22
332,202507,22
334,202507,22
337,202507,22
338,202507,22
339,202507,22
341,202507,22
345,202507,22
346,202507,22
347,202507,22
348,202507,22
351,202507,22
352,202507,22
354,202507,22
355,202507,22
356,202507,22
357,202507,22
358,202507,22
359,202507,22
362,202507,22
363,202507,22
364,202507,22
365,202507,22
367,202507,22
368,202507,22
369,202507,22
370,202507,22
371,202507,22
372,202507,22
373,202507,22
374,202507,22
375,202507,22
376,202507,22
377,202507,22
378,202507,22
379,202507,22
382,202507,22
385,202507,22
386,202507,22
388,202507,22
389,202507,22
390,202507,22
391,202507,22
392,202507,22
393,202507,22
395,202507,22
396,202507,22
398,202507,22
401,202507,22
402,202507,22
403,202507,22
404,202507,22
405,202507,22
406,202507,22
407,202507,22
411,202507,22
414,202507,22
415,202507,22
418,202507,22
421,202507,22
422,202507,22
423,202507,22
424,202507,22
425,202507,22
426,202507,22
427,202507,22
428,202507,22
431,202507,22
434,202507,22
436,202507,22
437,202507,22
438,202507,22
439,202507,22
442,202507,22
444,202507,22
445,202507,22
446,202507,22
447,202507,22
450,202507,22
451,202507,22
452,202507,22
453,202507,22
454,202507,22
455,202507,22
456,202507,22
458,202507,22
461,202507,21
462,202507,21
464,202507,20
465,202507,20
466,202507,20
467,202507,20
468,202507,20
469,202507,19
473,202507,18
475,202507,18
476,202507,18
477,202507,18
478,202507,17
479,202507,16
480,202507,16
481,202507,16
482,202507,16
484,202507,16
485,202507,15
486,202507,15
487,202507,15
488,202507,15
489,202507,15
490,202507,15
491,202507,15
492,202507,15
493,202507,15
494,202507,14
495,202507,14
496,202507,14
497,202507,14
498,202507,14
499,202507,14
500,202507,14
502,202507,13
503,202507,13
504,202507,13
505,202507,13
506,202507,12
507,202507,12
508,202507,12
509,202507,12
510,202507,12
511,202507,11
512,202507,11
514,202507,11
515,202507,11
516,202507,10
518,202507,10
519,202507,10
520,202507,10
521,202507,10
522,202507,10
523,202507,10
524,202507,10
525,202507,10
527,202507,10
528,202507,9
529,202507,9
532,202507,9
533,202507,9
534,202507,9
535,202507,9
536,202507,8
537,202507,8
538,202507,8
539,202507,8
540,202507,8
541,202507,8
542,202507,8
544,202507,7
545,202507,7
547,202507,7
548,202507,7
549,202507,7
550,202507,7
551,202507,6
552,202507,6
553,202507,6
554,202507,6
555,202507,6
557,202507,6
558,202507,6
559,202507,6
560,202507,5
561,202507,5
562,202507,5
563,202507,5
565,202507,5
567,202507,5
568,202507,5
569,202507,5
570,202507,5
571,202507,5
572,202507,4
573,202507,4
574,202507,4
575,202507,4
577,202507,4
578,202507,4
579,202507,4
580,202507,4
581,202507,3
582,202507,3
583,202507,3
584,202507,3
585,202507,3
586,202507,3
587,202507,3
589,202507,2
590,202507,2
591,202507,2
592,202507,2
593,202507,2
594,202507,2
595,202507,2
596,202507,2
597,202507,2
598,202507,2
599,202507,2
600,202507,2
601,202507,2
602,202507,2
603,202507,2
604,202507,2
605,202507,2
606,202507,2
607,202507,2
608,202507,2
609,202507,1
610,202507,1
611,202507,1
612,202507,1
613,202507,1
614,202507,1
615,202507,1
616,202507,1
617,202507,1
618,202507,1
619,202507,1
620,202507,1
621,202507,1
622,202507,1
623,202507,1
624,202507,0
625,202507,0
626,202507,0
627,202507,0
628,202507,0
629,202507,0
630,202507,0
631,202507,0
632,202507,0
633,202507,0
2,202508,23
3,202508,23
4,202508,23
5,202508,23
8,202508,23
9,202508,23
10,202508,23
11,202508,23
12,202508,23
14,202508,23
16,202508,23
17,202508,23
19,202508,23
20,202508,23
21,202508,23
22,202508,23
23,202508,23
24,202508,23
27,202508,23
28,202508,23
29,202508,23
30,202508,23
31,202508,23
32,202508,23
35,202508,23
37,202508,23
38,202508,23
39,202508,23
43,202508,23
45,202508,23
46,202508,23
48,202508,23
50,202508,23
51,202508,23
52,202508,23
53,202508,23
55,202508,23
56,202508,23
57,202508,23
59,202508,23
61,202508,23
62,202508,23
63,202508,23
64,202508,23
65,202508,23
67,202508,23
69,202508,23
72,202508,23
73,202508,23
74,202508,23
76,202508,23
77,202508,23
79,202508,23
80,202508,23
81,202508,23
82,202508,23
84,202508,23
85,202508,23
86,202508,23
87,202508,23
88,202508,23
89,202508,23
91,202508,23
92,202508,23
94,202508,23
95,202508,23
96,202508,23
98,202508,23
99,202508,23
100,202508,23
101,202508,23
102,202508,23
103,202508,23
104,202508,23
105,202508,23
107,202508,23
109,202508,23
112,202508,23
113,202508,23
114,202508,23
115,202508,23
116,202508,23
117,202508,23
118,202508,23
119,202508,23
121,202508,23
122,202508,23
123,202508,23
125,202508,23
126,202508,23
127,202508,23
128,202508,23
129,202508,23
130,202508,23
131,202508,23
133,202508,23
135,202508,23
136,202508,23
137,202508,23
139,202508,23
140,202508,23
141,202508,23
142,202508,23
143,202508,23
144,202508,23
146,202508,23
147,202508,23
148,202508,23
149,202508,23
150,202508,23
151,202508,23
152,202508,23
153,202508,23
156,202508,23
157,202508,23
158,202508,23
161,202508,23
162,202508,23
164,202508,23
165,202508,23
168,202508,23
169,202508,23
171,202508,23
173,202508,23
174,202508,23
175,202508,23
176,202508,23
178,202508,23
180,202508,23
182,202508,23
183,202508,23
184,202508,23
185,202508,23
186,202508,23
189,202508,23
190,202508,23
191,202508,23
192,202508,23
193,202508,23
194,202508,23
195,202508,23
197,202508,23
199,202508,23
200,202508,23
201,202508,23
203,202508,23
204,202508,23
207,202508,23
208,202508,23
209,202508,23
210,202508,23
211,202508,23
212,202508,23
213,202508,23
214,202508,23
215,202508,23
217,202508,23
219,202508,23
222,202508,23
223,202508,23
224,202508,23
226,202508,23
227,202508,23
230,202508,23
231,202508,23
234,202508,23
235,202508,23
237,202508,23
238,202508,23
240,202508,23
244,202508,23
245,202508,23
246,202508,23
247,202508,23
250,202508,23
251,202508,23
252,202508,23
254,202508,23
255,202508,23
256,202508,23
258,202508,23
259,202508,23
262,202508,23
264,202508,23
266,202508,23
267,202508,23
268,202508,23
270,202508,23
271,202508,23
272,202508,23
274,202508,23
276,202508,23
277,202508,23
279,202508,23
280,202508,23
281,202508,23
282,202508,23
283,202508,23
285,202508,23
286,202508,23
287,202508,23
289,202508,23
291,202508,23
293,202508,23
294,202508,23
295,202508,23
297,202508,23
298,202508,23
299,202508,23
300,202508,23
302,202508,23
303,202508,23
304,202508,23
305,202508,23
306,202508,23
308,202508,23
309,202508,23
310,202508,23
311,202508,23
312,202508,23
313,202508,23
314,202508,23
315,202508,23
316,202508,23
317,202508,23
318,202508,23
319,202508,23
320,202508,23
321,202508,23
323,202508,23
327,202508,23
328,202508,23
329,202508,23
330,202508,23
331,202508,23
332,202508,23
334,202508,23
337,202508,23
338,202508,23
339,202508,23
341,202508,23
345,202508,23
346,202508,23
347,202508,23
348,202508,23
351,202508,23
352,202508,23
354,202508,23
355,202508,23
356,202508,23
357,202508,23
358,202508,23
359,202508,23
362,202508,23
363,202508,23
364,202508,23
365,202508,23
367,202508,23
368,202508,23
369,202508,23
370,202508,23
371,202508,23
372,202508,23
373,202508,23
374,202508,23
375,202508,23
376,202508,23
377,202508,23
378,202508,23
379,202508,23
382,202508,23
385,202508,23
386,202508,23
388,202508,23
389,202508,23
390,202508,23
391,202508,23
392,202508,23
393,202508,23
395,202508,23
396,202508,23
398,202508,23
401,202508,23
402,202508,23
403,202508,23
404,202508,23
405,202508,23
406,202508,23
407,202508,23
411,202508,23
414,202508,23
415,202508,23
418,202508,23
421,202508,23
422,202508,23
423,202508,23
424,202508,23
425,202508,23
426,202508,23
427,202508,23
428,202508,23
431,202508,23
434,202508,23
436,202508,23
437,202508,23
438,202508,23
439,202508,23
442,202508,23
444,202508,23
445,202508,23
446,202508,23
447,202508,23
450,202508,23
451,202508,23
452,202508,23
453,202508,23
454,202508,23
455,202508,23
456,202508,23
458,202508,23
461,202508,22
462,202508,22
464,202508,21
465,202508,21
466,202508,21
468,202508,21
469,202508,20
473,202508,19
475,202508,19
476,202508,19
477,202508,19
478,202508,18
479,202508,17
480,202508,17
481,202508,17
482,202508,17
484,202508,17
485,202508,16
486,202508,16
487,202508,16
488,202508,16
489,202508,16
490,202508,16
491,202508,16
492,202508,16
493,202508,16
494,202508,15
495,202508,15
496,202508,15
497,202508,15
498,202508,15
499,202508,15
500,202508,15
502,202508,14
503,202508,14
504,202508,14
505,202508,14
506,202508,13
507,202508,13
508,202508,13
509,202508,13
510,202508,13
511,202508,12
514,202508,12
515,202508,12
516,202508,11
518,202508,11
519,202508,11
520,202508,11
521,202508,11
522,202508,11
523,202508,11
524,202508,11
525,202508,11
527,202508,11
528,202508,10
529,202508,10
532,202508,10
533,202508,10
534,202508,10
535,202508,10
536,202508,9
537,202508,9
538,202508,9
539,202508,9
540,202508,9
541,202508,9
542,202508,9
544,202508,8
545,202508,8
548,202508,8
549,202508,8
550,202508,8
551,202508,7
552,202508,7
553,202508,7
554,202508,7
555,202508,7
557,202508,7
558,202508,7
559,202508,7
560,202508,6
561,202508,6
562,202508,6
563,202508,6
565,202508,6
567,202508,6
568,202508,6
569,202508,6
570,202508,6
571,202508,6
572,202508,5
573,202508,5
574,202508,5
575,202508,5
577,202508,5
578,202508,5
579,202508,5
580,202508,5
581,202508,4
583,202508,4
584,202508,4
585,202508,4
586,202508,4
587,202508,4
589,202508,3
590,202508,3
591,202508,3
592,202508,3
593,202508,3
594,202508,3
596,202508,3
597,202508,3
598,202508,3
599,202508,3
600,202508,3
601,202508,3
602,202508,3
603,202508,3
604,202508,3
605,202508,3
606,202508,3
607,202508,3
608,202508,3
609,202508,2
610,202508,2
611,202508,2
612,202508,2
613,202508,2
614,202508,2
615,202508,2
616,202508,2
617,202508,2
618,202508,2
619,202508,2
621,202508,2
622,202508,2
623,202508,2
624,202508,1
625,202508,1
626,202508,1
627,202508,1
628,202508,1
629,202508,1
630,202508,1
631,202508,1
632,202508,1
633,202508,1
634,202508,0
635,202508,0
636,202508,0
637,202508,0
638,202508,0
639,202508,0
640,202508,0
641,202508,0
642,202508,0
2,202509,24
4,202509,24
5,202509,24
8,202509,24
9,202509,24
10,202509,24
11,202509,24
12,202509,24
14,202509,24
16,202509,24
17,202509,24
19,202509,24
20,202509,24
21,202509,24
22,202509,24
23,202509,24
24,202509,24
27,202509,24
28,202509,24
29,202509,24
30,202509,24
31,202509,24
32,202509,24
35,202509,24
37,202509,24
38,202509,24
39,202509,24
43,202509,24
45,202509,24
46,202509,24
48,202509,24
50,202509,24
51,202509,24
52,202509,24
53,202509,24
55,202509,24
56,202509,24
57,202509,24
59,202509,24
61,202509,24
62,202509,24
63,202509,24
64,202509,24
65,202509,24
67,202509,24
69,202509,24
72,202509,24
73,202509,24
74,202509,24
76,202509,24
77,202509,24
79,202509,24
80,202509,24
81,202509,24
82,202509,24
84,202509,24
85,202509,24
86,202509,24
87,202509,24
88,202509,24
89,202509,24
91,202509,24
92,202509,24
94,202509,24
95,202509,24
96,202509,24
98,202509,24
99,202509,24
100,202509,24
101,202509,24
102,202509,24
103,202509,24
104,202509,24
105,202509,24
107,202509,24
109,202509,24
112,202509,24
113,202509,24
114,202509,24
115,202509,24
116,202509,24
117,202509,24
118,202509,24
119,202509,24
121,202509,24
122,202509,24
123,202509,24
125,202509,24
126,202509,24
127,202509,24
128,202509,24
129,202509,24
130,202509,24
131,202509,24
133,202509,24
135,202509,24
136,202509,24
137,202509,24
139,202509,24
140,202509,24
141,202509,24
143,202509,24
144,202509,24
146,202509,24
147,202509,24
148,202509,24
149,202509,24
150,202509,24
151,202509,24
152,202509,24
153,202509,24
156,202509,24
157,202509,24
158,202509,24
161,202509,24
162,202509,24
164,202509,24
165,202509,24
168,202509,24
169,202509,24
171,202509,24
173,202509,24
174,202509,24
175,202509,24
176,202509,24
178,202509,24
180,202509,24
182,202509,24
183,202509,24
184,202509,24
185,202509,24
186,202509,24
189,202509,24
190,202509,24
191,202509,24
192,202509,24
193,202509,24
194,202509,24
195,202509,24
197,202509,24
199,202509,24
200,202509,24
201,202509,24
203,202509,24
204,202509,24
207,202509,24
208,202509,24
209,202509,24
210,202509,24
211,202509,24
212,202509,24
213,202509,24
214,202509,24
215,202509,24
217,202509,24
219,202509,24
222,202509,24
223,202509,24
224,202509,24
226,202509,24
227,202509,24
230,202509,24
231,202509,24
234,202509,24
235,202509,24
237,202509,24
238,202509,24
240,202509,24
244,202509,24
245,202509,24
246,202509,24
247,202509,24
250,202509,24
251,202509,24
252,202509,24
254,202509,24
255,202509,24
256,202509,24
258,202509,24
259,202509,24
262,202509,24
264,202509,24
266,202509,24
267,202509,24
268,202509,24
270,202509,24
271,202509,24
272,202509,24
274,202509,24
276,202509,24
277,202509,24
279,202509,24
280,202509,24
281,202509,24
282,202509,24
283,202509,24
285,202509,24
286,202509,24
287,202509,24
289,202509,24
291,202509,24
293,202509,24
294,202509,24
295,202509,24
297,202509,24
298,202509,24
299,202509,24
300,202509,24
302,202509,24
303,202509,24
304,202509,24
305,202509,24
306,202509,24
308,202509,24
309,202509,24
310,202509,24
311,202509,24
312,202509,24
313,202509,24
314,202509,24
315,202509,24
316,202509,24
317,202509,24
318,202509,24
319,202509,24
320,202509,24
321,202509,24
323,202509,24
327,202509,24
328,202509,24
329,202509,24
330,202509,24
331,202509,24
332,202509,24
334,202509,24
337,202509,24
338,202509,24
339,202509,24
341,202509,24
345,202509,24
346,202509,24
347,202509,24
348,202509,24
351,202509,24
352,202509,24
354,202509,24
355,202509,24
356,202509,24
357,202509,24
358,202509,24
359,202509,24
362,202509,24
363,202509,24
364,202509,24
365,202509,24
368,202509,24
369,202509,24
370,202509,24
371,202509,24
372,202509,24
373,202509,24
374,202509,24
375,202509,24
376,202509,24
377,202509,24
378,202509,24
379,202509,24
382,202509,24
385,202509,24
386,202509,24
388,202509,24
389,202509,24
391,202509,24
392,202509,24
393,202509,24
395,202509,24
396,202509,24
398,202509,24
401,202509,24
402,202509,24
404,202509,24
405,202509,24
406,202509,24
407,202509,24
411,202509,24
414,202509,24
415,202509,24
418,202509,24
421,202509,24
422,202509,24
423,202509,24
424,202509,24
425,202509,24
426,202509,24
427,202509,24
428,202509,24
431,202509,24
434,202509,24
436,202509,24
437,202509,24
438,202509,24
439,202509,24
442,202509,24
444,202509,24
445,202509,24
446,202509,24
450,202509,24
451,202509,24
452,202509,24
453,202509,24
454,202509,24
455,202509,24
456,202509,24
458,202509,24
461,202509,23
462,202509,23
464,202509,22
465,202509,22
466,202509,22
468,202509,22
469,202509,21
473,202509,20
475,202509,20
476,202509,20
477,202509,20
478,202509,19
479,202509,18
480,202509,18
481,202509,18
482,202509,18
484,202509,18
485,202509,17
486,202509,17
487,202509,17
488,202509,17
489,202509,17
490,202509,17
491,202509,17
492,202509,17
493,202509,17
494,202509,16
495,202509,16
496,202509,16
497,202509,16
498,202509,16
499,202509,16
500,202509,16
502,202509,15
503,202509,15
504,202509,15
505,202509,15
506,202509,14
507,202509,14
508,202509,14
509,202509,14
510,202509,14
511,202509,13
514,202509,13
515,202509,13
516,202509,12
518,202509,12
519,202509,12
520,202509,12
521,202509,12
522,202509,12
523,202509,12
524,202509,12
525,202509,12
527,202509,12
528,202509,11
529,202509,11
532,202509,11
533,202509,11
534,202509,11
535,202509,11
536,202509,10
537,202509,10
538,202509,10
539,202509,10
540,202509,10
541,202509,10
542,202509,10
544,202509,9
545,202509,9
548,202509,9
550,202509,9
551,202509,8
552,202509,8
553,202509,8
554,202509,8
555,202509,8
557,202509,8
558,202509,8
559,202509,8
560,202509,7
561,202509,7
562,202509,7
563,202509,7
565,202509,7
567,202509,7
568,202509,7
569,202509,7
570,202509,7
571,202509,7
572,202509,6
573,202509,6
574,202509,6
575,202509,6
577,202509,6
578,202509,6
579,202509,6
580,202509,6
581,202509,5
583,202509,5
584,202509,5
585,202509,5
586,202509,5
587,202509,5
589,202509,4
590,202509,4
591,202509,4
592,202509,4
593,202509,4
594,202509,4
596,202509,4
597,202509,4
598,202509,4
599,202509,4
600,202509,4
601,202509,4
602,202509,4
603,202509,4
604,202509,4
605,202509,4
606,202509,4
607,202509,4
608,202509,4
609,202509,3
610,202509,3
611,202509,3
612,202509,3
613,202509,3
614,202509,3
615,202509,3
616,202509,3
617,202509,3
618,202509,3
619,202509,3
621,202509,3
622,202509,3
623,202509,3
624,202509,2
625,202509,2
626,202509,2
629,202509,2
630,202509,2
631,202509,2
632,202509,2
633,202509,2
634,202509,1
635,202509,1
636,202509,1
637,202509,1
638,202509,1
639,202509,1
640,202509,1
641,202509,1
642,202509,1
643,202509,0
644,202509,0
645,202509,0
646,202509,0
647,202509,0
648,202509,0
649,202509,0
650,202509,0
651,202509,0
652,202509,0
653,202509,0
654,202509,0
655,202509,0
656,202509,0
657,202509,0
658,202509,0
659,202509,0
2,202510,25
4,202510,25
5,202510,25
8,202510,25
9,202510,25
10,202510,25
11,202510,25
12,202510,25
14,202510,25
16,202510,25
17,202510,25
19,202510,25
20,202510,25
21,202510,25
22,202510,25
23,202510,25
27,202510,25
28,202510,25
29,202510,25
30,202510,25
31,202510,25
32,202510,25
35,202510,25
37,202510,25
38,202510,25
39,202510,25
43,202510,25
45,202510,25
46,202510,25
48,202510,25
50,202510,25
51,202510,25
52,202510,25
53,202510,25
55,202510,25
56,202510,25
57,202510,25
59,202510,25
61,202510,25
62,202510,25
63,202510,25
64,202510,25
65,202510,25
67,202510,25
69,202510,25
72,202510,25
73,202510,25
74,202510,25
76,202510,25
77,202510,25
79,202510,25
80,202510,25
81,202510,25
82,202510,25
84,202510,25
85,202510,25
86,202510,25
88,202510,25
89,202510,25
91,202510,25
92,202510,25
94,202510,25
95,202510,25
96,202510,25
98,202510,25
99,202510,25
100,202510,25
101,202510,25
102,202510,25
103,202510,25
104,202510,25
105,202510,25
107,202510,25
109,202510,25
112,202510,25
113,202510,25
114,202510,25
115,202510,25
116,202510,25
117,202510,25
118,202510,25
119,202510,25
121,202510,25
122,202510,25
123,202510,25
125,202510,25
126,202510,25
127,202510,25
128,202510,25
129,202510,25
130,202510,25
131,202510,25
133,202510,25
135,202510,25
136,202510,25
137,202510,25
139,202510,25
140,202510,25
141,202510,25
143,202510,25
144,202510,25
146,202510,25
147,202510,25
148,202510,25
149,202510,25
150,202510,25
151,202510,25
152,202510,25
153,202510,25
156,202510,25
157,202510,25
158,202510,25
161,202510,25
162,202510,25
164,202510,25
165,202510,25
168,202510,25
169,202510,25
171,202510,25
173,202510,25
174,202510,25
175,202510,25
176,202510,25
178,202510,25
180,202510,25
182,202510,25
183,202510,25
184,202510,25
185,202510,25
186,202510,25
189,202510,25
190,202510,25
191,202510,25
192,202510,25
193,202510,25
194,202510,25
195,202510,25
197,202510,25
199,202510,25
200,202510,25
201,202510,25
203,202510,25
204,202510,25
207,202510,25
208,202510,25
209,202510,25
210,202510,25
211,202510,25
212,202510,25
213,202510,25
214,202510,25
215,202510,25
217,202510,25
219,202510,25
222,202510,25
223,202510,25
224,202510,25
226,202510,25
227,202510,25
230,202510,25
231,202510,25
234,202510,25
235,202510,25
237,202510,25
238,202510,25
240,202510,25
244,202510,25
245,202510,25
246,202510,25
247,202510,25
250,202510,25
251,202510,25
252,202510,25
254,202510,25
255,202510,25
256,202510,25
258,202510,25
259,202510,25
262,202510,25
264,202510,25
266,202510,25
267,202510,25
270,202510,25
271,202510,25
272,202510,25
274,202510,25
276,202510,25
277,202510,25
279,202510,25
280,202510,25
281,202510,25
282,202510,25
283,202510,25
285,202510,25
286,202510,25
287,202510,25
289,202510,25
291,202510,25
293,202510,25
294,202510,25
295,202510,25
297,202510,25
298,202510,25
299,202510,25
300,202510,25
302,202510,25
303,202510,25
304,202510,25
305,202510,25
306,202510,25
308,202510,25
309,202510,25
310,202510,25
311,202510,25
312,202510,25
313,202510,25
314,202510,25
315,202510,25
316,202510,25
317,202510,25
318,202510,25
319,202510,25
320,202510,25
321,202510,25
323,202510,25
327,202510,25
328,202510,25
329,202510,25
331,202510,25
332,202510,25
334,202510,25
337,202510,25
338,202510,25
339,202510,25
341,202510,25
345,202510,25
346,202510,25
347,202510,25
348,202510,25
351,202510,25
352,202510,25
354,202510,25
355,202510,25
356,202510,25
357,202510,25
358,202510,25
359,202510,25
362,202510,25
363,202510,25
364,202510,25
365,202510,25
368,202510,25
369,202510,25
370,202510,25
371,202510,25
372,202510,25
373,202510,25
374,202510,25
375,202510,25
376,202510,25
377,202510,25
378,202510,25
379,202510,25
382,202510,25
385,202510,25
386,202510,25
388,202510,25
389,202510,25
391,202510,25
392,202510,25
393,202510,25
395,202510,25
396,202510,25
398,202510,25
401,202510,25
402,202510,25
404,202510,25
405,202510,25
406,202510,25
407,202510,25
411,202510,25
414,202510,25
415,202510,25
418,202510,25
421,202510,25
422,202510,25
423,202510,25
424,202510,25
425,202510,25
426,202510,25
427,202510,25
428,202510,25
431,202510,25
434,202510,25
436,202510,25
437,202510,25
438,202510,25
439,202510,25
442,202510,25
444,202510,25
445,202510,25
446,202510,25
450,202510,25
451,202510,25
452,202510,25
453,202510,25
454,202510,25
455,202510,25
456,202510,25
458,202510,25
461,202510,24
462,202510,24
464,202510,23
465,202510,23
466,202510,23
468,202510,23
469,202510,22
473,202510,21
475,202510,21
476,202510,21
477,202510,21
478,202510,20
479,202510,19
480,202510,19
481,202510,19
482,202510,19
484,202510,19
485,202510,18
486,202510,18
487,202510,18
488,202510,18
489,202510,18
490,202510,18
491,202510,18
492,202510,18
493,202510,18
494,202510,17
495,202510,17
496,202510,17
497,202510,17
498,202510,17
499,202510,17
500,202510,17
502,202510,16
503,202510,16
504,202510,16
505,202510,16
506,202510,15
507,202510,15
508,202510,15
509,202510,15
510,202510,15
511,202510,14
514,202510,14
516,202510,13
518,202510,13
519,202510,13
520,202510,13
521,202510,13
522,202510,13
523,202510,13
524,202510,13
525,202510,13
527,202510,13
528,202510,12
529,202510,12
532,202510,12
533,202510,12
534,202510,12
535,202510,12
536,202510,11
537,202510,11
538,202510,11
539,202510,11
540,202510,11
541,202510,11
542,202510,11
544,202510,10
545,202510,10
548,202510,10
550,202510,10
551,202510,9
552,202510,9
553,202510,9
554,202510,9
555,202510,9
557,202510,9
558,202510,9
559,202510,9
560,202510,8
561,202510,8
563,202510,8
565,202510,8
567,202510,8
568,202510,8
569,202510,8
570,202510,8
571,202510,8
573,202510,7
574,202510,7
575,202510,7
577,202510,7
578,202510,7
579,202510,7
580,202510,7
581,202510,6
583,202510,6
584,202510,6
585,202510,6
586,202510,6
587,202510,6
589,202510,5
590,202510,5
591,202510,5
592,202510,5
593,202510,5
596,202510,5
597,202510,5
598,202510,5
599,202510,5
600,202510,5
601,202510,5
602,202510,5
603,202510,5
604,202510,5
605,202510,5
606,202510,5
607,202510,5
608,202510,5
609,202510,4
610,202510,4
612,202510,4
613,202510,4
614,202510,4
615,202510,4
616,202510,4
617,202510,4
618,202510,4
621,202510,4
622,202510,4
623,202510,4
624,202510,3
625,202510,3
626,202510,3
629,202510,3
630,202510,3
631,202510,3
632,202510,3
633,202510,3
634,202510,2
635,202510,2
636,202510,2
637,202510,2
638,202510,2
639,202510,2
640,202510,2
641,202510,2
642,202510,2
643,202510,1
644,202510,1
645,202510,1
646,202510,1
647,202510,1
648,202510,1
649,202510,1
650,202510,1
651,202510,1
652,202510,1
653,202510,1
654,202510,1
655,202510,1
656,202510,1
657,202510,1
658,202510,1
659,202510,1
660,202510,0
661,202510,0
662,202510,0
663,202510,0
664,202510,0
665,202510,0
666,202510,0
667,202510,0
668,202510,0
669,202510,0
2,202511,26
4,202511,26
5,202511,26
8,202511,26
9,202511,26
10,202511,26
11,202511,26
12,202511,26
14,202511,26
16,202511,26
17,202511,26
19,202511,26
20,202511,26
21,202511,26
22,202511,26
23,202511,26
27,202511,26
28,202511,26
29,202511,26
30,202511,26
31,202511,26
32,202511,26
35,202511,26
37,202511,26
38,202511,26
39,202511,26
43,202511,26
45,202511,26
46,202511,26
48,202511,26
50,202511,26
51,202511,26
52,202511,26
53,202511,26
55,202511,26
56,202511,26
57,202511,26
59,202511,26
61,202511,26
62,202511,26
63,202511,26
64,202511,26
65,202511,26
67,202511,26
69,202511,26
72,202511,26
73,202511,26
74,202511,26
76,202511,26
77,202511,26
79,202511,26
80,202511,26
81,202511,26
82,202511,26
84,202511,26
85,202511,26
86,202511,26
88,202511,26
89,202511,26
91,202511,26
92,202511,26
94,202511,26
95,202511,26
96,202511,26
98,202511,26
99,202511,26
100,202511,26
101,202511,26
102,202511,26
103,202511,26
104,202511,26
105,202511,26
107,202511,26
109,202511,26
112,202511,26
113,202511,26
114,202511,26
115,202511,26
116,202511,26
117,202511,26
118,202511,26
119,202511,26
121,202511,26
122,202511,26
123,202511,26
125,202511,26
126,202511,26
127,202511,26
128,202511,26
129,202511,26
130,202511,26
131,202511,26
133,202511,26
135,202511,26
136,202511,26
137,202511,26
139,202511,26
140,202511,26
141,202511,26
143,202511,26
144,202511,26
146,202511,26
147,202511,26
148,202511,26
149,202511,26
150,202511,26
151,202511,26
152,202511,26
153,202511,26
156,202511,26
157,202511,26
158,202511,26
161,202511,26
162,202511,26
164,202511,26
165,202511,26
168,202511,26
169,202511,26
171,202511,26
173,202511,26
174,202511,26
175,202511,26
176,202511,26
178,202511,26
180,202511,26
182,202511,26
183,202511,26
184,202511,26
185,202511,26
186,202511,26
189,202511,26
190,202511,26
191,202511,26
192,202511,26
193,202511,26
194,202511,26
195,202511,26
197,202511,26
199,202511,26
200,202511,26
201,202511,26
203,202511,26
204,202511,26
207,202511,26
208,202511,26
209,202511,26
210,202511,26
211,202511,26
212,202511,26
213,202511,26
214,202511,26
215,202511,26
217,202511,26
219,202511,26
222,202511,26
223,202511,26
224,202511,26
226,202511,26
227,202511,26
230,202511,26
231,202511,26
234,202511,26
235,202511,26
237,202511,26
238,202511,26
240,202511,26
244,202511,26
245,202511,26
246,202511,26
247,202511,26
250,202511,26
251,202511,26
252,202511,26
254,202511,26
255,202511,26
256,202511,26
259,202511,26
262,202511,26
264,202511,26
266,202511,26
267,202511,26
270,202511,26
271,202511,26
272,202511,26
274,202511,26
276,202511,26
277,202511,26
279,202511,26
280,202511,26
281,202511,26
282,202511,26
283,202511,26
285,202511,26
286,202511,26
287,202511,26
289,202511,26
291,202511,26
293,202511,26
294,202511,26
295,202511,26
297,202511,26
298,202511,26
299,202511,26
300,202511,26
302,202511,26
303,202511,26
304,202511,26
305,202511,26
306,202511,26
308,202511,26
309,202511,26
310,202511,26
311,202511,26
312,202511,26
313,202511,26
314,202511,26
315,202511,26
316,202511,26
317,202511,26
318,202511,26
319,202511,26
320,202511,26
321,202511,26
323,202511,26
327,202511,26
328,202511,26
329,202511,26
331,202511,26
332,202511,26
334,202511,26
337,202511,26
338,202511,26
339,202511,26
345,202511,26
346,202511,26
347,202511,26
348,202511,26
351,202511,26
352,202511,26
354,202511,26
355,202511,26
356,202511,26
357,202511,26
358,202511,26
359,202511,26
362,202511,26
363,202511,26
364,202511,26
365,202511,26
368,202511,26
369,202511,26
370,202511,26
371,202511,26
372,202511,26
373,202511,26
374,202511,26
375,202511,26
376,202511,26
377,202511,26
378,202511,26
379,202511,26
382,202511,26
385,202511,26
386,202511,26
388,202511,26
389,202511,26
391,202511,26
392,202511,26
393,202511,26
395,202511,26
396,202511,26
398,202511,26
401,202511,26
402,202511,26
404,202511,26
405,202511,26
406,202511,26
407,202511,26
411,202511,26
414,202511,26
415,202511,26
418,202511,26
421,202511,26
422,202511,26
423,202511,26
424,202511,26
425,202511,26
426,202511,26
427,202511,26
428,202511,26
431,202511,26
434,202511,26
436,202511,26
437,202511,26
438,202511,26
439,202511,26
442,202511,26
444,202511,26
445,202511,26
446,202511,26
450,202511,26
451,202511,26
452,202511,26
453,202511,26
454,202511,26
455,202511,26
456,202511,26
458,202511,26
461,202511,25
462,202511,25
464,202511,24
465,202511,24
466,202511,24
468,202511,24
469,202511,23
473,202511,22
475,202511,22
476,202511,22
477,202511,22
478,202511,21
479,202511,20
480,202511,20
481,202511,20
482,202511,20
484,202511,20
485,202511,19
486,202511,19
487,202511,19
488,202511,19
489,202511,19
490,202511,19
491,202511,19
492,202511,19
493,202511,19
494,202511,18
495,202511,18
496,202511,18
497,202511,18
498,202511,18
499,202511,18
500,202511,18
502,202511,17
503,202511,17
504,202511,17
505,202511,17
507,202511,16
508,202511,16
509,202511,16
510,202511,16
511,202511,15
514,202511,15
516,202511,14
518,202511,14
519,202511,14
520,202511,14
521,202511,14
522,202511,14
523,202511,14
524,202511,14
525,202511,14
527,202511,14
528,202511,13
529,202511,13
532,202511,13
533,202511,13
534,202511,13
535,202511,13
537,202511,12
538,202511,12
539,202511,12
540,202511,12
541,202511,12
542,202511,12
544,202511,11
545,202511,11
548,202511,11
550,202511,11
551,202511,10
552,202511,10
553,202511,10
554,202511,10
555,202511,10
557,202511,10
558,202511,10
559,202511,10
560,202511,9
561,202511,9
563,202511,9
565,202511,9
567,202511,9
568,202511,9
569,202511,9
570,202511,9
571,202511,9
573,202511,8
574,202511,8
575,202511,8
577,202511,8
578,202511,8
579,202511,8
580,202511,8
581,202511,7
583,202511,7
584,202511,7
585,202511,7
586,202511,7
587,202511,7
589,202511,6
590,202511,6
591,202511,6
592,202511,6
593,202511,6
596,202511,6
597,202511,6
598,202511,6
599,202511,6
600,202511,6
601,202511,6
602,202511,6
603,202511,6
604,202511,6
605,202511,6
607,202511,6
608,202511,6
609,202511,5
610,202511,5
612,202511,5
613,202511,5
614,202511,5
615,202511,5
616,202511,5
617,202511,5
618,202511,5
621,202511,5
622,202511,5
623,202511,5
624,202511,4
625,202511,4
626,202511,4
629,202511,4
630,202511,4
631,202511,4
632,202511,4
633,202511,4
634,202511,3
635,202511,3
636,202511,3
637,202511,3
638,202511,3
639,202511,3
640,202511,3
641,202511,3
642,202511,3
643,202511,2
644,202511,2
645,202511,2
646,202511,2
647,202511,2
648,202511,2
649,202511,2
650,202511,2
651,202511,2
652,202511,2
653,202511,2
654,202511,2
655,202511,2
656,202511,2
657,202511,2
658,202511,2
659,202511,2
660,202511,1
661,202511,1
662,202511,1
663,202511,1
664,202511,1
665,202511,1
666,202511,1
667,202511,1
668,202511,1
669,202511,1
670,202511,0
671,202511,0
672,202511,0
673,202511,0
674,202511,0
675,202511,0
676,202511,0
677,202511,0
678,202511,0
2,202512,27
4,202512,27
5,202512,27
9,202512,27
10,202512,27
11,202512,27
12,202512,27
14,202512,27
16,202512,27
17,202512,27
19,202512,27
20,202512,27
21,202512,27
22,202512,27
23,202512,27
27,202512,27
28,202512,27
29,202512,27
30,202512,27
31,202512,27
32,202512,27
35,202512,27
37,202512,27
38,202512,27
39,202512,27
43,202512,27
45,202512,27
46,202512,27
48,202512,27
50,202512,27
51,202512,27
52,202512,27
55,202512,27
56,202512,27
57,202512,27
59,202512,27
61,202512,27
62,202512,27
63,202512,27
64,202512,27
65,202512,27
67,202512,27
69,202512,27
72,202512,27
73,202512,27
74,202512,27
76,202512,27
77,202512,27
79,202512,27
80,202512,27
81,202512,27
82,202512,27
84,202512,27
85,202512,27
86,202512,27
88,202512,27
89,202512,27
91,202512,27
94,202512,27
95,202512,27
96,202512,27
98,202512,27
99,202512,27
100,202512,27
101,202512,27
102,202512,27
103,202512,27
104,202512,27
105,202512,27
107,202512,27
109,202512,27
112,202512,27
113,202512,27
114,202512,27
115,202512,27
116,202512,27
117,202512,27
118,202512,27
119,202512,27
121,202512,27
122,202512,27
123,202512,27
125,202512,27
126,202512,27
127,202512,27
128,202512,27
129,202512,27
130,202512,27
131,202512,27
133,202512,27
135,202512,27
136,202512,27
137,202512,27
139,202512,27
140,202512,27
141,202512,27
143,202512,27
144,202512,27
146,202512,27
147,202512,27
148,202512,27
149,202512,27
150,202512,27
151,202512,27
152,202512,27
153,202512,27
156,202512,27
157,202512,27
158,202512,27
161,202512,27
162,202512,27
164,202512,27
165,202512,27
168,202512,27
169,202512,27
171,202512,27
173,202512,27
174,202512,27
175,202512,27
176,202512,27
178,202512,27
180,202512,27
182,202512,27
183,202512,27
184,202512,27
185,202512,27
186,202512,27
189,202512,27
190,202512,27
191,202512,27
192,202512,27
193,202512,27
194,202512,27
195,202512,27
197,202512,27
199,202512,27
201,202512,27
203,202512,27
204,202512,27
207,202512,27
208,202512,27
209,202512,27
210,202512,27
211,202512,27
212,202512,27
213,202512,27
214,202512,27
215,202512,27
217,202512,27
219,202512,27
222,202512,27
223,202512,27
224,202512,27
226,202512,27
227,202512,27
230,202512,27
231,202512,27
234,202512,27
235,202512,27
237,202512,27
238,202512,27
240,202512,27
244,202512,27
245,202512,27
246,202512,27
247,202512,27
250,202512,27
251,202512,27
252,202512,27
254,202512,27
255,202512,27
256,202512,27
259,202512,27
262,202512,27
264,202512,27
266,202512,27
267,202512,27
270,202512,27
271,202512,27
272,202512,27
274,202512,27
276,202512,27
277,202512,27
279,202512,27
280,202512,27
281,202512,27
282,202512,27
283,202512,27
285,202512,27
286,202512,27
287,202512,27
289,202512,27
291,202512,27
294,202512,27
295,202512,27
297,202512,27
298,202512,27
299,202512,27
300,202512,27
302,202512,27
303,202512,27
304,202512,27
305,202512,27
306,202512,27
308,202512,27
309,202512,27
310,202512,27
311,202512,27
312,202512,27
313,202512,27
314,202512,27
315,202512,27
316,202512,27
317,202512,27
318,202512,27
319,202512,27
320,202512,27
321,202512,27
323,202512,27
327,202512,27
328,202512,27
329,202512,27
331,202512,27
332,202512,27
334,202512,27
337,202512,27
338,202512,27
339,202512,27
345,202512,27
346,202512,27
347,202512,27
348,202512,27
351,202512,27
352,202512,27
354,202512,27
355,202512,27
357,202512,27
358,202512,27
359,202512,27
362,202512,27
363,202512,27
364,202512,27
365,202512,27
368,202512,27
369,202512,27
370,202512,27
371,202512,27
372,202512,27
373,202512,27
374,202512,27
375,202512,27
376,202512,27
377,202512,27
378,202512,27
379,202512,27
382,202512,27
385,202512,27
386,202512,27
388,202512,27
389,202512,27
391,202512,27
392,202512,27
393,202512,27
395,202512,27
396,202512,27
398,202512,27
401,202512,27
402,202512,27
404,202512,27
405,202512,27
407,202512,27
411,202512,27
414,202512,27
415,202512,27
418,202512,27
421,202512,27
422,202512,27
423,202512,27
424,202512,27
425,202512,27
426,202512,27
427,202512,27
428,202512,27
431,202512,27
434,202512,27
436,202512,27
437,202512,27
438,202512,27
439,202512,27
442,202512,27
444,202512,27
445,202512,27
446,202512,27
450,202512,27
451,202512,27
452,202512,27
453,202512,27
454,202512,27
455,202512,27
456,202512,27
458,202512,27
461,202512,26
462,202512,26
464,202512,25
465,202512,25
466,202512,25
468,202512,25
469,202512,24
473,202512,23
475,202512,23
476,202512,23
477,202512,23
478,202512,22
479,202512,21
480,202512,21
481,202512,21
482,202512,21
484,202512,21
485,202512,20
486,202512,20
487,202512,20
488,202512,20
489,202512,20
490,202512,20
491,202512,20
492,202512,20
493,202512,20
494,202512,19
495,202512,19
496,202512,19
497,202512,19
498,202512,19
499,202512,19
500,202512,19
502,202512,18
503,202512,18
504,202512,18
505,202512,18
507,202512,17
508,202512,17
509,202512,17
510,202512,17
511,202512,16
514,202512,16
516,202512,15
518,202512,15
519,202512,15
520,202512,15
521,202512,15
522,202512,15
523,202512,15
524,202512,15
525,202512,15
527,202512,15
528,202512,14
529,202512,14
532,202512,14
533,202512,14
534,202512,14
535,202512,14
537,202512,13
538,202512,13
539,202512,13
540,202512,13
541,202512,13
542,202512,13
544,202512,12
545,202512,12
548,202512,12
550,202512,12
551,202512,11
552,202512,11
553,202512,11
554,202512,11
555,202512,11
557,202512,11
558,202512,11
559,202512,11
560,202512,10
561,202512,10
563,202512,10
565,202512,10
567,202512,10
568,202512,10
569,202512,10
570,202512,10
571,202512,10
573,202512,9
574,202512,9
575,202512,9
577,202512,9
578,202512,9
579,202512,9
580,202512,9
581,202512,8
583,202512,8
584,202512,8
585,202512,8
586,202512,8
587,202512,8
589,202512,7
590,202512,7
591,202512,7
592,202512,7
593,202512,7
596,202512,7
597,202512,7
598,202512,7
599,202512,7
600,202512,7
601,202512,7
602,202512,7
603,202512,7
604,202512,7
605,202512,7
607,202512,7
608,202512,7
609,202512,6
610,202512,6
612,202512,6
613,202512,6
614,202512,6
615,202512,6
616,202512,6
617,202512,6
618,202512,6
621,202512,6
622,202512,6
623,202512,6
624,202512,5
626,202512,5
629,202512,5
630,202512,5
631,202512,5
632,202512,5
633,202512,5
634,202512,4
635,202512,4
636,202512,4
637,202512,4
638,202512,4
639,202512,4
640,202512,4
641,202512,4
642,202512,4
643,202512,3
644,202512,3
645,202512,3
646,202512,3
647,202512,3
648,202512,3
649,202512,3
651,202512,3
652,202512,3
653,202512,3
654,202512,3
655,202512,3
656,202512,3
657,202512,3
658,202512,3
659,202512,3
660,202512,2
661,202512,2
662,202512,2
663,202512,2
664,202512,2
665,202512,2
666,202512,2
667,202512,2
668,202512,2
669,202512,2
670,202512,1
671,202512,1
672,202512,1
673,202512,1
674,202512,1
675,202512,1
676,202512,1
677,202512,1
678,202512,1
679,202512,0
680,202512,0
681,202512,0
682,202512,0
683,202512,0
684,202512,0
685,202512,0
686,202512,0
687,202512,0
688,202512,0
689,202512,0
690,202512,0
691,202512,0
692,202512,0
693,202512,0
694,202512,0
695,202512,0
696,202512,0
2,202601,28
4,202601,28
5,202601,28
9,202601,28
10,202601,28
11,202601,28
12,202601,28
14,202601,28
16,202601,28
17,202601,28
19,202601,28
20,202601,28
21,202601,28
22,202601,28
23,202601,28
27,202601,28
28,202601,28
29,202601,28
30,202601,28
31,202601,28
32,202601,28
35,202601,28
37,202601,28
38,202601,28
39,202601,28
43,202601,28
45,202601,28
46,202601,28
48,202601,28
50,202601,28
51,202601,28
52,202601,28
55,202601,28
56,202601,28
57,202601,28
59,202601,28
61,202601,28
62,202601,28
63,202601,28
64,202601,28
65,202601,28
67,202601,28
69,202601,28
72,202601,28
73,202601,28
74,202601,28
76,202601,28
77,202601,28
79,202601,28
80,202601,28
81,202601,28
82,202601,28
84,202601,28
85,202601,28
86,202601,28
88,202601,28
89,202601,28
91,202601,28
94,202601,28
95,202601,28
96,202601,28
98,202601,28
99,202601,28
100,202601,28
101,202601,28
102,202601,28
103,202601,28
104,202601,28
105,202601,28
107,202601,28
109,202601,28
112,202601,28
113,202601,28
114,202601,28
115,202601,28
116,202601,28
117,202601,28
118,202601,28
119,202601,28
121,202601,28
122,202601,28
123,202601,28
125,202601,28
126,202601,28
127,202601,28
128,202601,28
129,202601,28
130,202601,28
131,202601,28
133,202601,28
135,202601,28
136,202601,28
137,202601,28
139,202601,28
140,202601,28
141,202601,28
143,202601,28
144,202601,28
146,202601,28
147,202601,28
148,202601,28
149,202601,28
150,202601,28
151,202601,28
152,202601,28
153,202601,28
156,202601,28
157,202601,28
158,202601,28
161,202601,28
162,202601,28
164,202601,28
165,202601,28
169,202601,28
171,202601,28
173,202601,28
174,202601,28
175,202601,28
176,202601,28
178,202601,28
180,202601,28
182,202601,28
183,202601,28
184,202601,28
185,202601,28
186,202601,28
189,202601,28
190,202601,28
191,202601,28
192,202601,28
193,202601,28
194,202601,28
195,202601,28
197,202601,28
199,202601,28
201,202601,28
203,202601,28
204,202601,28
207,202601,28
208,202601,28
209,202601,28
210,202601,28
211,202601,28
212,202601,28
213,202601,28
214,202601,28
215,202601,28
217,202601,28
219,202601,28
222,202601,28
223,202601,28
224,202601,28
226,202601,28
227,202601,28
230,202601,28
231,202601,28
234,202601,28
235,202601,28
237,202601,28
238,202601,28
240,202601,28
244,202601,28
245,202601,28
246,202601,28
247,202601,28
250,202601,28
251,202601,28
252,202601,28
254,202601,28
255,202601,28
256,202601,28
259,202601,28
262,202601,28
264,202601,28
266,202601,28
267,202601,28
270,202601,28
271,202601,28
272,202601,28
274,202601,28
276,202601,28
277,202601,28
279,202601,28
280,202601,28
281,202601,28
282,202601,28
283,202601,28
285,202601,28
286,202601,28
287,202601,28
289,202601,28
291,202601,28
294,202601,28
295,202601,28
297,202601,28
298,202601,28
299,202601,28
300,202601,28
302,202601,28
303,202601,28
304,202601,28
305,202601,28
308,202601,28
309,202601,28
310,202601,28
311,202601,28
312,202601,28
313,202601,28
314,202601,28
315,202601,28
316,202601,28
317,202601,28
318,202601,28
319,202601,28
320,202601,28
321,202601,28
323,202601,28
327,202601,28
328,202601,28
331,202601,28
334,202601,28
337,202601,28
338,202601,28
339,202601,28
345,202601,28
346,202601,28
347,202601,28
348,202601,28
351,202601,28
352,202601,28
354,202601,28
355,202601,28
357,202601,28
358,202601,28
359,202601,28
362,202601,28
363,202601,28
364,202601,28
365,202601,28
368,202601,28
370,202601,28
371,202601,28
373,202601,28
374,202601,28
375,202601,28
376,202601,28
377,202601,28
378,202601,28
379,202601,28
382,202601,28
385,202601,28
388,202601,28
389,202601,28
391,202601,28
392,202601,28
393,202601,28
395,202601,28
396,202601,28
398,202601,28
401,202601,28
402,202601,28
404,202601,28
405,202601,28
407,202601,28
411,202601,28
414,202601,28
415,202601,28
421,202601,28
422,202601,28
423,202601,28
424,202601,28
425,202601,28
426,202601,28
427,202601,28
428,202601,28
431,202601,28
434,202601,28
436,202601,28
437,202601,28
438,202601,28
439,202601,28
442,202601,28
444,202601,28
445,202601,28
446,202601,28
450,202601,28
451,202601,28
452,202601,28
453,202601,28
454,202601,28
455,202601,28
456,202601,28
458,202601,28
461,202601,27
462,202601,27
464,202601,26
465,202601,26
466,202601,26
468,202601,26
469,202601,25
473,202601,24
475,202601,24
476,202601,24
477,202601,24
478,202601,23
479,202601,22
480,202601,22
481,202601,22
482,202601,22
484,202601,22
485,202601,21
486,202601,21
487,202601,21
488,202601,21
489,202601,21
490,202601,21
491,202601,21
492,202601,21
493,202601,21
494,202601,20
495,202601,20
496,202601,20
497,202601,20
498,202601,20
499,202601,20
500,202601,20
502,202601,19
503,202601,19
504,202601,19
505,202601,19
507,202601,18
508,202601,18
509,202601,18
510,202601,18
511,202601,17
514,202601,17
516,202601,16
518,202601,16
519,202601,16
520,202601,16
521,202601,16
522,202601,16
523,202601,16
524,202601,16
525,202601,16
527,202601,16
528,202601,15
529,202601,15
532,202601,15
533,202601,15
534,202601,15
535,202601,15
537,202601,14
538,202601,14
539,202601,14
540,202601,14
541,202601,14
542,202601,14
544,202601,13
545,202601,13
548,202601,13
550,202601,13
551,202601,12
552,202601,12
553,202601,12
554,202601,12
555,202601,12
557,202601,12
558,202601,12
559,202601,12
560,202601,11
561,202601,11
563,202601,11
565,202601,11
567,202601,11
568,202601,11
569,202601,11
570,202601,11
571,202601,11
574,202601,10
575,202601,10
577,202601,10
578,202601,10
579,202601,10
580,202601,10
581,202601,9
583,202601,9
584,202601,9
585,202601,9
586,202601,9
587,202601,9
589,202601,8
590,202601,8
591,202601,8
592,202601,8
593,202601,8
596,202601,8
597,202601,8
598,202601,8
599,202601,8
600,202601,8
601,202601,8
602,202601,8
603,202601,8
604,202601,8
605,202601,8
607,202601,8
608,202601,8
609,202601,7
610,202601,7
613,202601,7
614,202601,7
615,202601,7
616,202601,7
617,202601,7
618,202601,7
621,202601,7
622,202601,7
623,202601,7
624,202601,6
626,202601,6
629,202601,6
630,202601,6
631,202601,6
632,202601,6
633,202601,6
634,202601,5
635,202601,5
636,202601,5
637,202601,5
638,202601,5
639,202601,5
640,202601,5
641,202601,5
642,202601,5
643,202601,4
644,202601,4
645,202601,4
646,202601,4
647,202601,4
648,202601,4
649,202601,4
651,202601,4
652,202601,4
653,202601,4
654,202601,4
655,202601,4
656,202601,4
657,202601,4
658,202601,4
659,202601,4
660,202601,3
661,202601,3
662,202601,3
663,202601,3
664,202601,3
666,202601,3
667,202601,3
668,202601,3
669,202601,3
670,202601,2
671,202601,2
672,202601,2
673,202601,2
674,202601,2
675,202601,2
676,202601,2
677,202601,2
678,202601,2
679,202601,1
680,202601,1
681,202601,1
682,202601,1
683,202601,1
684,202601,1
685,202601,1
686,202601,1
687,202601,1
688,202601,1
689,202601,1
690,202601,1
691,202601,1
692,202601,1
693,202601,1
694,202601,1
695,202601,1
696,202601,1
697,202601,0
698,202601,0
699,202601,0
700,202601,0
701,202601,0
702,202601,0
703,202601,0
704,202601,0
705,202601,0
706,202601,0
707,202601,0
708,202601,0
709,202601,0
710,202601,0
2,202602,29
4,202602,29
5,202602,29
9,202602,29
10,202602,29
11,202602,29
12,202602,29
14,202602,29
16,202602,29
17,202602,29
19,202602,29
20,202602,29
21,202602,29
22,202602,29
23,202602,29
27,202602,29
28,202602,29
29,202602,29
30,202602,29
31,202602,29
32,202602,29
35,202602,29
37,202602,29
38,202602,29
39,202602,29
43,202602,29
45,202602,29
46,202602,29
48,202602,29
50,202602,29
51,202602,29
52,202602,29
55,202602,29
56,202602,29
57,202602,29
59,202602,29
61,202602,29
62,202602,29
63,202602,29
64,202602,29
65,202602,29
67,202602,29
69,202602,29
72,202602,29
73,202602,29
74,202602,29
76,202602,29
77,202602,29
79,202602,29
80,202602,29
81,202602,29
82,202602,29
84,202602,29
85,202602,29
86,202602,29
88,202602,29
89,202602,29
91,202602,29
94,202602,29
95,202602,29
96,202602,29
98,202602,29
99,202602,29
100,202602,29
101,202602,29
102,202602,29
103,202602,29
104,202602,29
105,202602,29
107,202602,29
109,202602,29
113,202602,29
114,202602,29
115,202602,29
116,202602,29
117,202602,29
118,202602,29
119,202602,29
121,202602,29
122,202602,29
123,202602,29
125,202602,29
126,202602,29
127,202602,29
128,202602,29
129,202602,29
130,202602,29
131,202602,29
133,202602,29
135,202602,29
136,202602,29
137,202602,29
139,202602,29
140,202602,29
141,202602,29
143,202602,29
144,202602,29
146,202602,29
147,202602,29
148,202602,29
149,202602,29
150,202602,29
151,202602,29
152,202602,29
153,202602,29
156,202602,29
157,202602,29
158,202602,29
161,202602,29
162,202602,29
164,202602,29
165,202602,29
169,202602,29
171,202602,29
173,202602,29
174,202602,29
175,202602,29
176,202602,29
178,202602,29
180,202602,29
182,202602,29
183,202602,29
184,202602,29
185,202602,29
186,202602,29
189,202602,29
190,202602,29
191,202602,29
192,202602,29
193,202602,29
194,202602,29
195,202602,29
197,202602,29
199,202602,29
201,202602,29
203,202602,29
204,202602,29
207,202602,29
208,202602,29
209,202602,29
210,202602,29
211,202602,29
212,202602,29
213,202602,29
214,202602,29
215,202602,29
217,202602,29
219,202602,29
222,202602,29
223,202602,29
224,202602,29
227,202602,29
230,202602,29
231,202602,29
234,202602,29
235,202602,29
237,202602,29
238,202602,29
240,202602,29
244,202602,29
245,202602,29
246,202602,29
247,202602,29
250,202602,29
251,202602,29
252,202602,29
254,202602,29
255,202602,29
256,202602,29
259,202602,29
262,202602,29
264,202602,29
266,202602,29
267,202602,29
270,202602,29
271,202602,29
272,202602,29
274,202602,29
276,202602,29
277,202602,29
279,202602,29
280,202602,29
281,202602,29
282,202602,29
283,202602,29
285,202602,29
286,202602,29
287,202602,29
289,202602,29
291,202602,29
294,202602,29
295,202602,29
297,202602,29
298,202602,29
299,202602,29
300,202602,29
302,202602,29
303,202602,29
304,202602,29
305,202602,29
308,202602,29
309,202602,29
310,202602,29
311,202602,29
312,202602,29
313,202602,29
314,202602,29
315,202602,29
316,202602,29
317,202602,29
319,202602,29
320,202602,29
321,202602,29
323,202602,29
327,202602,29
328,202602,29
331,202602,29
334,202602,29
337,202602,29
338,202602,29
339,202602,29
345,202602,29
346,202602,29
347,202602,29
348,202602,29
351,202602,29
352,202602,29
354,202602,29
355,202602,29
357,202602,29
358,202602,29
359,202602,29
362,202602,29
363,202602,29
364,202602,29
365,202602,29
368,202602,29
370,202602,29
371,202602,29
373,202602,29
374,202602,29
375,202602,29
376,202602,29
377,202602,29
378,202602,29
379,202602,29
382,202602,29
385,202602,29
388,202602,29
389,202602,29
391,202602,29
392,202602,29
393,202602,29
395,202602,29
396,202602,29
398,202602,29
401,202602,29
402,202602,29
404,202602,29
405,202602,29
407,202602,29
414,202602,29
415,202602,29
421,202602,29
422,202602,29
423,202602,29
424,202602,29
425,202602,29
426,202602,29
427,202602,29
428,202602,29
434,202602,29
436,202602,29
437,202602,29
438,202602,29
439,202602,29
442,202602,29
444,202602,29
445,202602,29
446,202602,29
450,202602,29
451,202602,29
452,202602,29
453,202602,29
454,202602,29
455,202602,29
456,202602,29
458,202602,29
461,202602,28
462,202602,28
464,202602,27
465,202602,27
466,202602,27
468,202602,27
469,202602,26
473,202602,25
475,202602,25
476,202602,25
477,202602,25
478,202602,24
479,202602,23
480,202602,23
481,202602,23
482,202602,23
484,202602,23
485,202602,22
486,202602,22
487,202602,22
488,202602,22
489,202602,22
490,202602,22
491,202602,22
492,202602,22
493,202602,22
494,202602,21
495,202602,21
496,202602,21
497,202602,21
498,202602,21
499,202602,21
500,202602,21
502,202602,20
503,202602,20
504,202602,20
505,202602,20
507,202602,19
508,202602,19
509,202602,19
510,202602,19
511,202602,18
514,202602,18
516,202602,17
518,202602,17
519,202602,17
520,202602,17
521,202602,17
522,202602,17
523,202602,17
524,202602,17
525,202602,17
527,202602,17
528,202602,16
529,202602,16
532,202602,16
533,202602,16
534,202602,16
535,202602,16
537,202602,15
538,202602,15
539,202602,15
540,202602,15
541,202602,15
542,202602,15
544,202602,14
545,202602,14
548,202602,14
550,202602,14
551,202602,13
552,202602,13
553,202602,13
554,202602,13
555,202602,13
557,202602,13
558,202602,13
559,202602,13
560,202602,12
561,202602,12
563,202602,12
565,202602,12
567,202602,12
568,202602,12
569,202602,12
570,202602,12
571,202602,12
574,202602,11
577,202602,11
578,202602,11
579,202602,11
580,202602,11
581,202602,10
583,202602,10
584,202602,10
585,202602,10
586,202602,10
587,202602,10
589,202602,9
590,202602,9
591,202602,9
592,202602,9
593,202602,9
596,202602,9
597,202602,9
598,202602,9
599,202602,9
600,202602,9
601,202602,9
602,202602,9
603,202602,9
604,202602,9
605,202602,9
607,202602,9
608,202602,9
609,202602,8
610,202602,8
613,202602,8
614,202602,8
615,202602,8
616,202602,8
617,202602,8
618,202602,8
621,202602,8
622,202602,8
623,202602,8
624,202602,7
626,202602,7
629,202602,7
630,202602,7
631,202602,7
632,202602,7
633,202602,7
634,202602,6
635,202602,6
636,202602,6
637,202602,6
638,202602,6
639,202602,6
640,202602,6
641,202602,6
642,202602,6
643,202602,5
644,202602,5
645,202602,5
646,202602,5
647,202602,5
648,202602,5
649,202602,5
651,202602,5
652,202602,5
653,202602,5
654,202602,5
655,202602,5
656,202602,5
657,202602,5
658,202602,5
659,202602,5
660,202602,4
661,202602,4
662,202602,4
663,202602,4
664,202602,4
666,202602,4
667,202602,4
668,202602,4
669,202602,4
670,202602,3
671,202602,3
672,202602,3
673,202602,3
674,202602,3
675,202602,3
676,202602,3
677,202602,3
678,202602,3
679,202602,2
680,202602,2
681,202602,2
682,202602,2
683,202602,2
684,202602,2
685,202602,2
686,202602,2
687,202602,2
688,202602,2
689,202602,2
690,202602,2
691,202602,2
692,202602,2
693,202602,2
694,202602,2
695,202602,2
696,202602,2
697,202602,1
698,202602,1
699,202602,1
700,202602,1
701,202602,1
702,202602,1
703,202602,1
704,202602,1
705,202602,1
706,202602,1
707,202602,1
708,202602,1
709,202602,1
710,202602,1
711,202602,0
712,202602,0
713,202602,0
714,202602,0
715,202602,0
716,202602,0
717,202602,0
718,202602,0
719,202602,0
720,202602,0
721,202602,0
722,202602,0
723,202602,0
724,202602,0
725,202602,0
726,202602,0
727,202602,0
728,202602,0
2,202603,30
4,202603,30
5,202603,30
9,202603,30
10,202603,30
11,202603,30
12,202603,30
14,202603,30
16,202603,30
17,202603,30
19,202603,30
20,202603,30
21,202603,30
22,202603,30
23,202603,30
27,202603,30
28,202603,30
29,202603,30
30,202603,30
31,202603,30
32,202603,30
35,202603,30
37,202603,30
38,202603,30
39,202603,30
43,202603,30
45,202603,30
46,202603,30
48,202603,30
50,202603,30
51,202603,30
52,202603,30
55,202603,30
56,202603,30
57,202603,30
59,202603,30
61,202603,30
62,202603,30
63,202603,30
64,202603,30
65,202603,30
67,202603,30
69,202603,30
72,202603,30
73,202603,30
74,202603,30
76,202603,30
77,202603,30
79,202603,30
80,202603,30
81,202603,30
84,202603,30
85,202603,30
86,202603,30
88,202603,30
89,202603,30
91,202603,30
94,202603,30
95,202603,30
96,202603,30
98,202603,30
99,202603,30
100,202603,30
101,202603,30
102,202603,30
103,202603,30
104,202603,30
105,202603,30
107,202603,30
109,202603,30
113,202603,30
114,202603,30
115,202603,30
116,202603,30
117,202603,30
118,202603,30
119,202603,30
121,202603,30
122,202603,30
123,202603,30
125,202603,30
126,202603,30
127,202603,30
128,202603,30
129,202603,30
130,202603,30
131,202603,30
133,202603,30
135,202603,30
136,202603,30
137,202603,30
139,202603,30
140,202603,30
141,202603,30
143,202603,30
144,202603,30
146,202603,30
147,202603,30
148,202603,30
149,202603,30
150,202603,30
151,202603,30
152,202603,30
153,202603,30
157,202603,30
158,202603,30
161,202603,30
162,202603,30
164,202603,30
165,202603,30
169,202603,30
171,202603,30
173,202603,30
174,202603,30
175,202603,30
176,202603,30
178,202603,30
180,202603,30
182,202603,30
183,202603,30
184,202603,30
185,202603,30
186,202603,30
189,202603,30
190,202603,30
191,202603,30
192,202603,30
193,202603,30
194,202603,30
195,202603,30
197,202603,30
199,202603,30
201,202603,30
203,202603,30
204,202603,30
207,202603,30
208,202603,30
209,202603,30
210,202603,30
211,202603,30
212,202603,30
213,202603,30
214,202603,30
215,202603,30
217,202603,30
219,202603,30
222,202603,30
223,202603,30
224,202603,30
227,202603,30
230,202603,30
231,202603,30
234,202603,30
235,202603,30
237,202603,30
238,202603,30
240,202603,30
244,202603,30
245,202603,30
246,202603,30
247,202603,30
250,202603,30
251,202603,30
252,202603,30
254,202603,30
255,202603,30
256,202603,30
259,202603,30
262,202603,30
264,202603,30
266,202603,30
267,202603,30
270,202603,30
271,202603,30
272,202603,30
274,202603,30
276,202603,30
277,202603,30
279,202603,30
280,202603,30
281,202603,30
282,202603,30
283,202603,30
285,202603,30
286,202603,30
287,202603,30
289,202603,30
291,202603,30
294,202603,30
295,202603,30
297,202603,30
298,202603,30
299,202603,30
300,202603,30
302,202603,30
303,202603,30
304,202603,30
305,202603,30
308,202603,30
309,202603,30
310,202603,30
311,202603,30
312,202603,30
313,202603,30
314,202603,30
315,202603,30
316,202603,30
317,202603,30
319,202603,30
320,202603,30
321,202603,30
323,202603,30
327,202603,30
328,202603,30
331,202603,30
334,202603,30
337,202603,30
338,202603,30
339,202603,30
345,202603,30
346,202603,30
347,202603,30
348,202603,30
351,202603,30
352,202603,30
354,202603,30
355,202603,30
357,202603,30
358,202603,30
359,202603,30
362,202603,30
363,202603,30
364,202603,30
365,202603,30
368,202603,30
370,202603,30
371,202603,30
373,202603,30
374,202603,30
375,202603,30
377,202603,30
378,202603,30
379,202603,30
382,202603,30
385,202603,30
388,202603,30
389,202603,30
391,202603,30
392,202603,30
393,202603,30
395,202603,30
396,202603,30
398,202603,30
401,202603,30
402,202603,30
404,202603,30
405,202603,30
407,202603,30
414,202603,30
415,202603,30
421,202603,30
422,202603,30
423,202603,30
424,202603,30
425,202603,30
426,202603,30
427,202603,30
428,202603,30
434,202603,30
436,202603,30
437,202603,30
438,202603,30
439,202603,30
442,202603,30
444,202603,30
445,202603,30
446,202603,30
450,202603,30
451,202603,30
452,202603,30
453,202603,30
454,202603,30
455,202603,30
456,202603,30
458,202603,30
461,202603,29
462,202603,29
464,202603,28
465,202603,28
466,202603,28
468,202603,28
469,202603,27
473,202603,26
475,202603,26
476,202603,26
477,202603,26
478,202603,25
479,202603,24
480,202603,24
481,202603,24
482,202603,24
484,202603,24
485,202603,23
486,202603,23
487,202603,23
488,202603,23
489,202603,23
490,202603,23
491,202603,23
492,202603,23
493,202603,23
494,202603,22
495,202603,22
496,202603,22
497,202603,22
498,202603,22
499,202603,22
500,202603,22
502,202603,21
503,202603,21
504,202603,21
505,202603,21
507,202603,20
508,202603,20
509,202603,20
510,202603,20
511,202603,19
514,202603,19
516,202603,18
518,202603,18
519,202603,18
520,202603,18
521,202603,18
522,202603,18
523,202603,18
524,202603,18
525,202603,18
527,202603,18
528,202603,17
529,202603,17
533,202603,17
534,202603,17
535,202603,17
537,202603,16
538,202603,16
539,202603,16
540,202603,16
541,202603,16
542,202603,16
544,202603,15
545,202603,15
550,202603,15
551,202603,14
552,202603,14
553,202603,14
554,202603,14
555,202603,14
557,202603,14
558,202603,14
559,202603,14
560,202603,13
561,202603,13
563,202603,13
565,202603,13
567,202603,13
568,202603,13
569,202603,13
570,202603,13
571,202603,13
574,202603,12
577,202603,12
578,202603,12
579,202603,12
580,202603,12
581,202603,11
583,202603,11
584,202603,11
585,202603,11
586,202603,11
587,202603,11
589,202603,10
590,202603,10
591,202603,10
592,202603,10
593,202603,10
596,202603,10
597,202603,10
598,202603,10
599,202603,10
600,202603,10
601,202603,10
602,202603,10
603,202603,10
604,202603,10
605,202603,10
607,202603,10
608,202603,10
609,202603,9
610,202603,9
613,202603,9
614,202603,9
615,202603,9
616,202603,9
617,202603,9
618,202603,9
621,202603,9
622,202603,9
623,202603,9
624,202603,8
626,202603,8
629,202603,8
630,202603,8
631,202603,8
632,202603,8
633,202603,8
634,202603,7
635,202603,7
636,202603,7
637,202603,7
638,202603,7
639,202603,7
640,202603,7
641,202603,7
642,202603,7
643,202603,6
644,202603,6
645,202603,6
647,202603,6
648,202603,6
649,202603,6
651,202603,6
652,202603,6
653,202603,6
654,202603,6
655,202603,6
656,202603,6
657,202603,6
658,202603,6
659,202603,6
660,202603,5
661,202603,5
662,202603,5
663,202603,5
664,202603,5
666,202603,5
667,202603,5
668,202603,5
669,202603,5
670,202603,4
671,202603,4
672,202603,4
673,202603,4
674,202603,4
675,202603,4
676,202603,4
678,202603,4
679,202603,3
680,202603,3
681,202603,3
682,202603,3
683,202603,3
685,202603,3
686,202603,3
687,202603,3
688,202603,3
689,202603,3
690,202603,3
691,202603,3
692,202603,3
693,202603,3
694,202603,3
695,202603,3
696,202603,3
697,202603,2
698,202603,2
699,202603,2
700,202603,2
701,202603,2
702,202603,2
703,202603,2
704,202603,2
705,202603,2
706,202603,2
707,202603,2
708,202603,2
709,202603,2
710,202603,2
711,202603,1
712,202603,1
713,202603,1
714,202603,1
715,202603,1
716,202603,1
717,202603,1
718,202603,1
719,202603,1
720,202603,1
721,202603,1
722,202603,1
723,202603,1
724,202603,1
725,202603,1
726,202603,1
727,202603,1
728,202603,1
729,202603,0
730,202603,0
731,202603,0
732,202603,0
733,202603,0
734,202603,0
735,202603,0
736,202603,0
737,202603,0
738,202603,0
739,202603,0
740,202603,0
741,202603,0
742,202603,0
2,202604,31
4,202604,31
5,202604,31
9,202604,31
10,202604,31
11,202604,31
12,202604,31
14,202604,31
16,202604,31
17,202604,31
19,202604,31
20,202604,31
21,202604,31
22,202604,31
23,202604,31
27,202604,31
28,202604,31
29,202604,31
30,202604,31
31,202604,31
32,202604,31
35,202604,31
37,202604,31
38,202604,31
39,202604,31
43,202604,31
45,202604,31
46,202604,31
48,202604,31
50,202604,31
51,202604,31
52,202604,31
55,202604,31
57,202604,31
59,202604,31
61,202604,31
62,202604,31
63,202604,31
64,202604,31
65,202604,31
67,202604,31
69,202604,31
72,202604,31
73,202604,31
74,202604,31
76,202604,31
77,202604,31
79,202604,31
80,202604,31
81,202604,31
84,202604,31
85,202604,31
86,202604,31
88,202604,31
89,202604,31
91,202604,31
94,202604,31
95,202604,31
96,202604,31
98,202604,31
99,202604,31
100,202604,31
101,202604,31
102,202604,31
103,202604,31
104,202604,31
105,202604,31
107,202604,31
109,202604,31
113,202604,31
114,202604,31
115,202604,31
116,202604,31
117,202604,31
118,202604,31
119,202604,31
121,202604,31
122,202604,31
123,202604,31
125,202604,31
126,202604,31
127,202604,31
128,202604,31
129,202604,31
130,202604,31
131,202604,31
133,202604,31
135,202604,31
136,202604,31
137,202604,31
139,202604,31
140,202604,31
141,202604,31
143,202604,31
144,202604,31
146,202604,31
147,202604,31
148,202604,31
149,202604,31
150,202604,31
151,202604,31
152,202604,31
153,202604,31
157,202604,31
158,202604,31
161,202604,31
162,202604,31
164,202604,31
165,202604,31
169,202604,31
171,202604,31
173,202604,31
174,202604,31
175,202604,31
176,202604,31
178,202604,31
180,202604,31
182,202604,31
183,202604,31
184,202604,31
185,202604,31
186,202604,31
189,202604,31
190,202604,31
191,202604,31
192,202604,31
193,202604,31
194,202604,31
195,202604,31
197,202604,31
201,202604,31
203,202604,31
204,202604,31
207,202604,31
208,202604,31
209,202604,31
210,202604,31
211,202604,31
212,202604,31
213,202604,31
214,202604,31
215,202604,31
217,202604,31
219,202604,31
222,202604,31
223,202604,31
224,202604,31
227,202604,31
230,202604,31
231,202604,31
234,202604,31
235,202604,31
237,202604,31
238,202604,31
240,202604,31
244,202604,31
245,202604,31
246,202604,31
247,202604,31
250,202604,31
251,202604,31
252,202604,31
254,202604,31
255,202604,31
256,202604,31
259,202604,31
262,202604,31
266,202604,31
267,202604,31
270,202604,31
271,202604,31
272,202604,31
274,202604,31
276,202604,31
277,202604,31
279,202604,31
280,202604,31
281,202604,31
282,202604,31
283,202604,31
285,202604,31
286,202604,31
287,202604,31
289,202604,31
291,202604,31
294,202604,31
295,202604,31
297,202604,31
298,202604,31
299,202604,31
300,202604,31
302,202604,31
303,202604,31
304,202604,31
305,202604,31
308,202604,31
309,202604,31
310,202604,31
311,202604,31
312,202604,31
313,202604,31
314,202604,31
315,202604,31
316,202604,31
317,202604,31
320,202604,31
321,202604,31
323,202604,31
327,202604,31
328,202604,31
331,202604,31
334,202604,31
337,202604,31
338,202604,31
339,202604,31
345,202604,31
346,202604,31
347,202604,31
348,202604,31
351,202604,31
352,202604,31
354,202604,31
355,202604,31
357,202604,31
358,202604,31
359,202604,31
362,202604,31
363,202604,31
364,202604,31
365,202604,31
368,202604,31
370,202604,31
371,202604,31
373,202604,31
374,202604,31
375,202604,31
377,202604,31
378,202604,31
379,202604,31
382,202604,31
385,202604,31
388,202604,31
389,202604,31
391,202604,31
392,202604,31
393,202604,31
395,202604,31
396,202604,31
398,202604,31
401,202604,31
402,202604,31
404,202604,31
405,202604,31
407,202604,31
414,202604,31
415,202604,31
421,202604,31
422,202604,31
423,202604,31
424,202604,31
425,202604,31
426,202604,31
427,202604,31
428,202604,31
434,202604,31
436,202604,31
437,202604,31
438,202604,31
439,202604,31
442,202604,31
444,202604,31
445,202604,31
446,202604,31
450,202604,31
451,202604,31
452,202604,31
453,202604,31
454,202604,31
455,202604,31
456,202604,31
458,202604,31
461,202604,30
462,202604,30
464,202604,29
465,202604,29
466,202604,29
468,202604,29
469,202604,28
473,202604,27
475,202604,27
476,202604,27
477,202604,27
478,202604,26
479,202604,25
480,202604,25
481,202604,25
482,202604,25
484,202604,25
485,202604,24
486,202604,24
487,202604,24
488,202604,24
489,202604,24
490,202604,24
491,202604,24
492,202604,24
493,202604,24
494,202604,23
495,202604,23
496,202604,23
497,202604,23
498,202604,23
499,202604,23
500,202604,23
502,202604,22
503,202604,22
504,202604,22
505,202604,22
507,202604,21
508,202604,21
509,202604,21
510,202604,21
511,202604,20
514,202604,20
516,202604,19
518,202604,19
519,202604,19
520,202604,19
521,202604,19
522,202604,19
523,202604,19
524,202604,19
525,202604,19
527,202604,19
528,202604,18
529,202604,18
533,202604,18
534,202604,18
535,202604,18
537,202604,17
539,202604,17
540,202604,17
541,202604,17
542,202604,17
544,202604,16
545,202604,16
550,202604,16
551,202604,15
552,202604,15
553,202604,15
554,202604,15
555,202604,15
557,202604,15
558,202604,15
559,202604,15
560,202604,14
561,202604,14
563,202604,14
565,202604,14
568,202604,14
569,202604,14
570,202604,14
571,202604,14
574,202604,13
577,202604,13
578,202604,13
579,202604,13
580,202604,13
581,202604,12
583,202604,12
584,202604,12
585,202604,12
586,202604,12
587,202604,12
589,202604,11
590,202604,11
591,202604,11
593,202604,11
596,202604,11
597,202604,11
598,202604,11
599,202604,11
600,202604,11
601,202604,11
602,202604,11
603,202604,11
604,202604,11
605,202604,11
607,202604,11
608,202604,11
609,202604,10
610,202604,10
613,202604,10
614,202604,10
615,202604,10
616,202604,10
617,202604,10
618,202604,10
621,202604,10
622,202604,10
623,202604,10
624,202604,9
626,202604,9
629,202604,9
630,202604,9
631,202604,9
632,202604,9
633,202604,9
634,202604,8
635,202604,8
636,202604,8
637,202604,8
638,202604,8
639,202604,8
640,202604,8
641,202604,8
642,202604,8
643,202604,7
644,202604,7
645,202604,7
647,202604,7
648,202604,7
649,202604,7
651,202604,7
652,202604,7
653,202604,7
654,202604,7
655,202604,7
656,202604,7
657,202604,7
658,202604,7
659,202604,7
660,202604,6
661,202604,6
662,202604,6
663,202604,6
664,202604,6
666,202604,6
667,202604,6
668,202604,6
669,202604,6
670,202604,5
671,202604,5
672,202604,5
673,202604,5
674,202604,5
675,202604,5
676,202604,5
678,202604,5
679,202604,4
680,202604,4
681,202604,4
682,202604,4
683,202604,4
686,202604,4
687,202604,4
688,202604,4
689,202604,4
690,202604,4
691,202604,4
692,202604,4
693,202604,4
694,202604,4
695,202604,4
696,202604,4
697,202604,3
698,202604,3
699,202604,3
700,202604,3
701,202604,3
702,202604,3
703,202604,3
704,202604,3
705,202604,3
706,202604,3
707,202604,3
708,202604,3
709,202604,3
710,202604,3
711,202604,2
712,202604,2
713,202604,2
714,202604,2
716,202604,2
717,202604,2
718,202604,2
719,202604,2
720,202604,2
721,202604,2
722,202604,2
723,202604,2
724,202604,2
725,202604,2
726,202604,2
727,202604,2
728,202604,2
729,202604,1
730,202604,1
731,202604,1
732,202604,1
733,202604,1
734,202604,1
735,202604,1
736,202604,1
737,202604,1
738,202604,1
739,202604,1
740,202604,1
741,202604,1
742,202604,1
743,202604,0
744,202604,0
745,202604,0
746,202604,0
747,202604,0
748,202604,0
749,202604,0
750,202604,0
751,202604,0
752,202604,0
753,202604,0
754,202604,0
755,202604,0
756,202604,0
757,202604,0
758,202604,0
759,202604,0
2,202605,32
4,202605,32
5,202605,32
9,202605,32
10,202605,32
11,202605,32
12,202605,32
14,202605,32
16,202605,32
17,202605,32
19,202605,32
20,202605,32
21,202605,32
22,202605,32
23,202605,32
27,202605,32
28,202605,32
29,202605,32
30,202605,32
31,202605,32
32,202605,32
35,202605,32
37,202605,32
38,202605,32
39,202605,32
43,202605,32
45,202605,32
46,202605,32
48,202605,32
50,202605,32
51,202605,32
52,202605,32
55,202605,32
57,202605,32
59,202605,32
61,202605,32
62,202605,32
63,202605,32
64,202605,32
65,202605,32
67,202605,32
69,202605,32
72,202605,32
73,202605,32
74,202605,32
76,202605,32
77,202605,32
79,202605,32
80,202605,32
81,202605,32
84,202605,32
85,202605,32
86,202605,32
88,202605,32
89,202605,32
91,202605,32
94,202605,32
95,202605,32
96,202605,32
98,202605,32
99,202605,32
100,202605,32
101,202605,32
102,202605,32
103,202605,32
104,202605,32
105,202605,32
107,202605,32
109,202605,32
113,202605,32
114,202605,32
115,202605,32
116,202605,32
117,202605,32
118,202605,32
119,202605,32
121,202605,32
122,202605,32
123,202605,32
125,202605,32
126,202605,32
127,202605,32
128,202605,32
129,202605,32
130,202605,32
131,202605,32
133,202605,32
135,202605,32
136,202605,32
137,202605,32
139,202605,32
140,202605,32
141,202605,32
143,202605,32
144,202605,32
146,202605,32
147,202605,32
148,202605,32
149,202605,32
150,202605,32
151,202605,32
152,202605,32
153,202605,32
157,202605,32
158,202605,32
161,202605,32
162,202605,32
164,202605,32
165,202605,32
169,202605,32
171,202605,32
173,202605,32
174,202605,32
175,202605,32
176,202605,32
178,202605,32
180,202605,32
182,202605,32
183,202605,32
184,202605,32
185,202605,32
186,202605,32
189,202605,32
190,202605,32
191,202605,32
192,202605,32
193,202605,32
194,202605,32
195,202605,32
197,202605,32
201,202605,32
203,202605,32
204,202605,32
207,202605,32
208,202605,32
209,202605,32
210,202605,32
211,202605,32
212,202605,32
213,202605,32
214,202605,32
215,202605,32
217,202605,32
219,202605,32
222,202605,32
223,202605,32
224,202605,32
227,202605,32
230,202605,32
231,202605,32
234,202605,32
235,202605,32
237,202605,32
238,202605,32
240,202605,32
244,202605,32
245,202605,32
246,202605,32
247,202605,32
250,202605,32
251,202605,32
254,202605,32
255,202605,32
256,202605,32
259,202605,32
262,202605,32
266,202605,32
267,202605,32
270,202605,32
271,202605,32
272,202605,32
274,202605,32
276,202605,32
277,202605,32
279,202605,32
280,202605,32
281,202605,32
282,202605,32
283,202605,32
285,202605,32
286,202605,32
287,202605,32
289,202605,32
291,202605,32
294,202605,32
295,202605,32
297,202605,32
298,202605,32
299,202605,32
300,202605,32
302,202605,32
304,202605,32
305,202605,32
308,202605,32
309,202605,32
310,202605,32
311,202605,32
312,202605,32
313,202605,32
314,202605,32
315,202605,32
316,202605,32
317,202605,32
320,202605,32
321,202605,32
323,202605,32
327,202605,32
328,202605,32
334,202605,32
337,202605,32
338,202605,32
339,202605,32
345,202605,32
346,202605,32
347,202605,32
348,202605,32
351,202605,32
354,202605,32
355,202605,32
357,202605,32
358,202605,32
359,202605,32
362,202605,32
363,202605,32
364,202605,32
365,202605,32
368,202605,32
370,202605,32
371,202605,32
373,202605,32
374,202605,32
375,202605,32
377,202605,32
378,202605,32
379,202605,32
382,202605,32
385,202605,32
388,202605,32
389,202605,32
391,202605,32
392,202605,32
393,202605,32
395,202605,32
396,202605,32
398,202605,32
401,202605,32
402,202605,32
404,202605,32
405,202605,32
407,202605,32
414,202605,32
415,202605,32
421,202605,32
422,202605,32
423,202605,32
424,202605,32
425,202605,32
426,202605,32
427,202605,32
428,202605,32
434,202605,32
436,202605,32
437,202605,32
438,202605,32
439,202605,32
442,202605,32
444,202605,32
445,202605,32
446,202605,32
450,202605,32
451,202605,32
452,202605,32
454,202605,32
455,202605,32
456,202605,32
458,202605,32
461,202605,31
462,202605,31
464,202605,30
465,202605,30
466,202605,30
468,202605,30
473,202605,28
475,202605,28
476,202605,28
477,202605,28
478,202605,27
479,202605,26
480,202605,26
481,202605,26
482,202605,26
484,202605,26
485,202605,25
486,202605,25
487,202605,25
488,202605,25
490,202605,25
491,202605,25
492,202605,25
493,202605,25
494,202605,24
495,202605,24
496,202605,24
497,202605,24
498,202605,24
499,202605,24
500,202605,24
502,202605,23
503,202605,23
504,202605,23
505,202605,23
507,202605,22
508,202605,22
509,202605,22
510,202605,22
514,202605,21
516,202605,20
518,202605,20
519,202605,20
520,202605,20
521,202605,20
522,202605,20
523,202605,20
524,202605,20
525,202605,20
527,202605,20
528,202605,19
529,202605,19
533,202605,19
534,202605,19
535,202605,19
537,202605,18
539,202605,18
540,202605,18
541,202605,18
542,202605,18
544,202605,17
545,202605,17
550,202605,17
552,202605,16
553,202605,16
554,202605,16
555,202605,16
557,202605,16
559,202605,16
560,202605,15
561,202605,15
563,202605,15
568,202605,15
569,202605,15
570,202605,15
571,202605,15
574,202605,14
577,202605,14
578,202605,14
579,202605,14
580,202605,14
581,202605,13
583,202605,13
584,202605,13
585,202605,13
586,202605,13
587,202605,13
589,202605,12
590,202605,12
591,202605,12
593,202605,12
596,202605,12
597,202605,12
598,202605,12
599,202605,12
600,202605,12
601,202605,12
602,202605,12
603,202605,12
604,202605,12
605,202605,12
607,202605,12
608,202605,12
609,202605,11
610,202605,11
613,202605,11
614,202605,11
615,202605,11
616,202605,11
617,202605,11
618,202605,11
621,202605,11
622,202605,11
623,202605,11
624,202605,10
626,202605,10
629,202605,10
630,202605,10
631,202605,10
632,202605,10
633,202605,10
634,202605,9
635,202605,9
636,202605,9
637,202605,9
638,202605,9
639,202605,9
640,202605,9
641,202605,9
642,202605,9
643,202605,8
644,202605,8
645,202605,8
648,202605,8
649,202605,8
651,202605,8
652,202605,8
653,202605,8
654,202605,8
655,202605,8
656,202605,8
657,202605,8
658,202605,8
659,202605,8
660,202605,7
661,202605,7
662,202605,7
663,202605,7
664,202605,7
666,202605,7
667,202605,7
668,202605,7
669,202605,7
670,202605,6
671,202605,6
672,202605,6
673,202605,6
674,202605,6
675,202605,6
676,202605,6
678,202605,6
679,202605,5
680,202605,5
681,202605,5
682,202605,5
683,202605,5
686,202605,5
687,202605,5
688,202605,5
689,202605,5
690,202605,5
691,202605,5
692,202605,5
693,202605,5
694,202605,5
695,202605,5
696,202605,5
697,202605,4
698,202605,4
699,202605,4
700,202605,4
701,202605,4
702,202605,4
703,202605,4
704,202605,4
705,202605,4
706,202605,4
707,202605,4
708,202605,4
709,202605,4
710,202605,4
711,202605,3
712,202605,3
713,202605,3
714,202605,3
716,202605,3
717,202605,3
718,202605,3
719,202605,3
720,202605,3
721,202605,3
722,202605,3
723,202605,3
724,202605,3
725,202605,3
726,202605,3
727,202605,3
728,202605,3
729,202605,2
730,202605,2
731,202605,2
732,202605,2
733,202605,2
734,202605,2
735,202605,2
736,202605,2
737,202605,2
738,202605,2
739,202605,2
740,202605,2
741,202605,2
742,202605,2
743,202605,1
744,202605,1
745,202605,1
746,202605,1
747,202605,1
748,202605,1
749,202605,1
750,202605,1
751,202605,1
752,202605,1
753,202605,1
754,202605,1
755,202605,1
756,202605,1
757,202605,1
758,202605,1
759,202605,1
760,202605,0
761,202605,0
762,202605,0
763,202605,0
764,202605,0
765,202605,0
766,202605,0
767,202605,0
768,202605,0
769,202605,0
770,202605,0
771,202605,0
772,202605,0
773,202605,0
774,202605,0
775,202605,0
2,202606,33
4,202606,33
5,202606,33
10,202606,33
11,202606,33
12,202606,33
14,202606,33
16,202606,33
17,202606,33
19,202606,33
20,202606,33
21,202606,33
22,202606,33
23,202606,33
27,202606,33
28,202606,33
29,202606,33
30,202606,33
31,202606,33
32,202606,33
35,202606,33
37,202606,33
38,202606,33
39,202606,33
43,202606,33
45,202606,33
46,202606,33
48,202606,33
50,202606,33
51,202606,33
52,202606,33
55,202606,33
57,202606,33
59,202606,33
61,202606,33
62,202606,33
63,202606,33
64,202606,33
65,202606,33
67,202606,33
69,202606,33
72,202606,33
73,202606,33
74,202606,33
76,202606,33
77,202606,33
79,202606,33
80,202606,33
81,202606,33
84,202606,33
85,202606,33
86,202606,33
88,202606,33
89,202606,33
91,202606,33
94,202606,33
95,202606,33
96,202606,33
98,202606,33
99,202606,33
100,202606,33
101,202606,33
102,202606,33
103,202606,33
104,202606,33
105,202606,33
107,202606,33
109,202606,33
113,202606,33
114,202606,33
115,202606,33
116,202606,33
117,202606,33
118,202606,33
119,202606,33
121,202606,33
122,202606,33
123,202606,33
125,202606,33
126,202606,33
127,202606,33
128,202606,33
129,202606,33
130,202606,33
131,202606,33
133,202606,33
135,202606,33
136,202606,33
137,202606,33
139,202606,33
140,202606,33
141,202606,33
143,202606,33
144,202606,33
146,202606,33
147,202606,33
148,202606,33
149,202606,33
150,202606,33
151,202606,33
152,202606,33
153,202606,33
157,202606,33
158,202606,33
161,202606,33
162,202606,33
164,202606,33
165,202606,33
169,202606,33
171,202606,33
173,202606,33
174,202606,33
175,202606,33
176,202606,33
178,202606,33
180,202606,33
182,202606,33
183,202606,33
184,202606,33
185,202606,33
186,202606,33
189,202606,33
190,202606,33
191,202606,33
192,202606,33
193,202606,33
194,202606,33
195,202606,33
197,202606,33
201,202606,33
203,202606,33
204,202606,33
207,202606,33
208,202606,33
209,202606,33
210,202606,33
211,202606,33
212,202606,33
213,202606,33
214,202606,33
215,202606,33
217,202606,33
219,202606,33
222,202606,33
223,202606,33
224,202606,33
227,202606,33
230,202606,33
231,202606,33
235,202606,33
237,202606,33
238,202606,33
240,202606,33
244,202606,33
245,202606,33
246,202606,33
247,202606,33
250,202606,33
251,202606,33
254,202606,33
255,202606,33
256,202606,33
259,202606,33
262,202606,33
266,202606,33
267,202606,33
270,202606,33
272,202606,33
274,202606,33
276,202606,33
277,202606,33
279,202606,33
280,202606,33
281,202606,33
282,202606,33
283,202606,33
285,202606,33
286,202606,33
287,202606,33
289,202606,33
291,202606,33
294,202606,33
295,202606,33
297,202606,33
298,202606,33
299,202606,33
300,202606,33
302,202606,33
304,202606,33
305,202606,33
308,202606,33
309,202606,33
310,202606,33
311,202606,33
312,202606,33
313,202606,33
314,202606,33
315,202606,33
316,202606,33
317,202606,33
320,202606,33
321,202606,33
323,202606,33
327,202606,33
328,202606,33
334,202606,33
337,202606,33
338,202606,33
339,202606,33
345,202606,33
346,202606,33
347,202606,33
348,202606,33
351,202606,33
354,202606,33
355,202606,33
357,202606,33
358,202606,33
359,202606,33
362,202606,33
363,202606,33
364,202606,33
365,202606,33
368,202606,33
370,202606,33
371,202606,33
373,202606,33
374,202606,33
375,202606,33
377,202606,33
378,202606,33
379,202606,33
382,202606,33
385,202606,33
388,202606,33
389,202606,33
391,202606,33
392,202606,33
393,202606,33
395,202606,33
396,202606,33
398,202606,33
401,202606,33
402,202606,33
404,202606,33
405,202606,33
407,202606,33
414,202606,33
415,202606,33
421,202606,33
422,202606,33
423,202606,33
424,202606,33
425,202606,33
426,202606,33
427,202606,33
428,202606,33
434,202606,33
437,202606,33
438,202606,33
439,202606,33
442,202606,33
444,202606,33
445,202606,33
446,202606,33
450,202606,33
451,202606,33
452,202606,33
454,202606,33
455,202606,33
456,202606,33
458,202606,33
461,202606,32
462,202606,32
464,202606,31
465,202606,31
466,202606,31
468,202606,31
473,202606,29
475,202606,29
476,202606,29
477,202606,29
478,202606,28
479,202606,27
480,202606,27
481,202606,27
482,202606,27
484,202606,27
485,202606,26
486,202606,26
487,202606,26
488,202606,26
490,202606,26
491,202606,26
492,202606,26
493,202606,26
494,202606,25
495,202606,25
496,202606,25
497,202606,25
498,202606,25
499,202606,25
500,202606,25
502,202606,24
503,202606,24
504,202606,24
505,202606,24
507,202606,23
508,202606,23
509,202606,23
510,202606,23
514,202606,22
516,202606,21
518,202606,21
520,202606,21
521,202606,21
522,202606,21
523,202606,21
524,202606,21
525,202606,21
527,202606,21
528,202606,20
529,202606,20
533,202606,20
534,202606,20
535,202606,20
537,202606,19
539,202606,19
540,202606,19
541,202606,19
542,202606,19
544,202606,18
545,202606,18
550,202606,18
552,202606,17
553,202606,17
554,202606,17
555,202606,17
557,202606,17
559,202606,17
560,202606,16
561,202606,16
563,202606,16
568,202606,16
569,202606,16
570,202606,16
571,202606,16
574,202606,15
577,202606,15
578,202606,15
579,202606,15
580,202606,15
581,202606,14
583,202606,14
584,202606,14
585,202606,14
586,202606,14
587,202606,14
589,202606,13
590,202606,13
591,202606,13
593,202606,13
596,202606,13
597,202606,13
598,202606,13
599,202606,13
600,202606,13
601,202606,13
602,202606,13
603,202606,13
604,202606,13
605,202606,13
607,202606,13
608,202606,13
609,202606,12
613,202606,12
614,202606,12
615,202606,12
616,202606,12
617,202606,12
618,202606,12
621,202606,12
622,202606,12
623,202606,12
624,202606,11
626,202606,11
629,202606,11
630,202606,11
631,202606,11
632,202606,11
633,202606,11
634,202606,10
635,202606,10
636,202606,10
637,202606,10
638,202606,10
639,202606,10
640,202606,10
641,202606,10
642,202606,10
643,202606,9
644,202606,9
645,202606,9
648,202606,9
649,202606,9
651,202606,9
652,202606,9
653,202606,9
654,202606,9
655,202606,9
656,202606,9
657,202606,9
658,202606,9
659,202606,9
660,202606,8
661,202606,8
662,202606,8
663,202606,8
664,202606,8
666,202606,8
667,202606,8
668,202606,8
669,202606,8
670,202606,7
671,202606,7
672,202606,7
673,202606,7
674,202606,7
675,202606,7
676,202606,7
678,202606,7
679,202606,6
680,202606,6
681,202606,6
682,202606,6
683,202606,6
686,202606,6
687,202606,6
688,202606,6
689,202606,6
690,202606,6
691,202606,6
692,202606,6
693,202606,6
694,202606,6
695,202606,6
696,202606,6
697,202606,5
698,202606,5
699,202606,5
700,202606,5
701,202606,5
702,202606,5
703,202606,5
704,202606,5
705,202606,5
706,202606,5
707,202606,5
708,202606,5
709,202606,5
710,202606,5
711,202606,4
712,202606,4
713,202606,4
714,202606,4
716,202606,4
717,202606,4
718,202606,4
719,202606,4
720,202606,4
721,202606,4
722,202606,4
723,202606,4
724,202606,4
725,202606,4
726,202606,4
727,202606,4
728,202606,4
729,202606,3
730,202606,3
731,202606,3
732,202606,3
733,202606,3
734,202606,3
735,202606,3
736,202606,3
737,202606,3
738,202606,3
739,202606,3
740,202606,3
741,202606,3
742,202606,3
743,202606,2
744,202606,2
745,202606,2
747,202606,2
748,202606,2
749,202606,2
750,202606,2
751,202606,2
752,202606,2
753,202606,2
754,202606,2
755,202606,2
756,202606,2
757,202606,2
758,202606,2
759,202606,2
760,202606,1
761,202606,1
762,202606,1
763,202606,1
764,202606,1
765,202606,1
766,202606,1
767,202606,1
768,202606,1
769,202606,1
770,202606,1
771,202606,1
772,202606,1
773,202606,1
774,202606,1
775,202606,1
776,202606,0
777,202606,0
778,202606,0
779,202606,0
780,202606,0
781,202606,0
782,202606,0
783,202606,0
784,202606,0
785,202606,0
786,202606,0
787,202606,0
788,202606,0
789,202606,0
790,202606,0
791,202606,0
792,202606,0
793,202606,0
794,202606,0
795,202606,0
796,202606,0
797,202606,0
2,202607,34
4,202607,34
5,202607,34
10,202607,34
11,202607,34
12,202607,34
14,202607,34
16,202607,34
17,202607,34
19,202607,34
20,202607,34
21,202607,34
22,202607,34
23,202607,34
27,202607,34
28,202607,34
29,202607,34
30,202607,34
31,202607,34
32,202607,34
35,202607,34
37,202607,34
38,202607,34
39,202607,34
43,202607,34
45,202607,34
46,202607,34
48,202607,34
50,202607,34
51,202607,34
52,202607,34
55,202607,34
57,202607,34
59,202607,34
61,202607,34
62,202607,34
63,202607,34
64,202607,34
65,202607,34
67,202607,34
69,202607,34
72,202607,34
73,202607,34
74,202607,34
76,202607,34
77,202607,34
79,202607,34
80,202607,34
81,202607,34
84,202607,34
85,202607,34
86,202607,34
88,202607,34
89,202607,34
91,202607,34
95,202607,34
96,202607,34
98,202607,34
99,202607,34
100,202607,34
101,202607,34
102,202607,34
103,202607,34
104,202607,34
105,202607,34
107,202607,34
109,202607,34
113,202607,34
114,202607,34
115,202607,34
116,202607,34
117,202607,34
118,202607,34
119,202607,34
121,202607,34
122,202607,34
123,202607,34
125,202607,34
126,202607,34
127,202607,34
128,202607,34
129,202607,34
130,202607,34
131,202607,34
133,202607,34
135,202607,34
136,202607,34
137,202607,34
140,202607,34
141,202607,34
143,202607,34
144,202607,34
146,202607,34
147,202607,34
148,202607,34
149,202607,34
150,202607,34
151,202607,34
152,202607,34
153,202607,34
157,202607,34
158,202607,34
161,202607,34
162,202607,34
164,202607,34
165,202607,34
169,202607,34
171,202607,34
173,202607,34
174,202607,34
175,202607,34
176,202607,34
178,202607,34
180,202607,34
182,202607,34
183,202607,34
184,202607,34
185,202607,34
186,202607,34
189,202607,34
190,202607,34
191,202607,34
192,202607,34
193,202607,34
195,202607,34
197,202607,34
201,202607,34
203,202607,34
204,202607,34
207,202607,34
208,202607,34
209,202607,34
210,202607,34
211,202607,34
212,202607,34
213,202607,34
214,202607,34
215,202607,34
217,202607,34
219,202607,34
222,202607,34
223,202607,34
224,202607,34
227,202607,34
230,202607,34
231,202607,34
235,202607,34
237,202607,34
238,202607,34
240,202607,34
244,202607,34
245,202607,34
246,202607,34
247,202607,34
250,202607,34
251,202607,34
254,202607,34
255,202607,34
256,202607,34
259,202607,34
262,202607,34
266,202607,34
267,202607,34
270,202607,34
272,202607,34
274,202607,34
276,202607,34
277,202607,34
279,202607,34
280,202607,34
281,202607,34
282,202607,34
283,202607,34
285,202607,34
286,202607,34
287,202607,34
289,202607,34
291,202607,34
294,202607,34
295,202607,34
297,202607,34
298,202607,34
299,202607,34
300,202607,34
302,202607,34
304,202607,34
305,202607,34
308,202607,34
309,202607,34
310,202607,34
311,202607,34
312,202607,34
313,202607,34
314,202607,34
315,202607,34
316,202607,34
317,202607,34
320,202607,34
321,202607,34
323,202607,34
327,202607,34
328,202607,34
334,202607,34
337,202607,34
338,202607,34
339,202607,34
345,202607,34
346,202607,34
347,202607,34
348,202607,34
351,202607,34
354,202607,34
355,202607,34
357,202607,34
358,202607,34
359,202607,34
362,202607,34
363,202607,34
364,202607,34
365,202607,34
368,202607,34
370,202607,34
371,202607,34
373,202607,34
374,202607,34
375,202607,34
377,202607,34
378,202607,34
379,202607,34
382,202607,34
385,202607,34
388,202607,34
389,202607,34
391,202607,34
392,202607,34
393,202607,34
395,202607,34
396,202607,34
398,202607,34
401,202607,34
402,202607,34
404,202607,34
405,202607,34
407,202607,34
414,202607,34
415,202607,34
421,202607,34
422,202607,34
423,202607,34
424,202607,34
425,202607,34
426,202607,34
427,202607,34
434,202607,34
437,202607,34
438,202607,34
439,202607,34
442,202607,34
444,202607,34
445,202607,34
446,202607,34
450,202607,34
451,202607,34
452,202607,34
454,202607,34
455,202607,34
456,202607,34
458,202607,34
461,202607,33
462,202607,33
464,202607,32
465,202607,32
466,202607,32
468,202607,32
473,202607,30
475,202607,30
476,202607,30
477,202607,30
478,202607,29
479,202607,28
480,202607,28
481,202607,28
482,202607,28
484,202607,28
485,202607,27
486,202607,27
487,202607,27
488,202607,27
490,202607,27
491,202607,27
492,202607,27
493,202607,27
494,202607,26
495,202607,26
496,202607,26
497,202607,26
498,202607,26
499,202607,26
500,202607,26
502,202607,25
503,202607,25
505,202607,25
507,202607,24
508,202607,24
509,202607,24
510,202607,24
514,202607,23
516,202607,22
518,202607,22
520,202607,22
521,202607,22
522,202607,22
523,202607,22
524,202607,22
525,202607,22
527,202607,22
528,202607,21
529,202607,21
533,202607,21
534,202607,21
535,202607,21
537,202607,20
539,202607,20
540,202607,20
541,202607,20
542,202607,20
544,202607,19
545,202607,19
550,202607,19
552,202607,18
553,202607,18
554,202607,18
555,202607,18
557,202607,18
559,202607,18
560,202607,17
561,202607,17
563,202607,17
568,202607,17
569,202607,17
570,202607,17
571,202607,17
574,202607,16
577,202607,16
578,202607,16
579,202607,16
580,202607,16
581,202607,15
583,202607,15
584,202607,15
586,202607,15
587,202607,15
589,202607,14
591,202607,14
593,202607,14
596,202607,14
597,202607,14
598,202607,14
599,202607,14
600,202607,14
601,202607,14
602,202607,14
603,202607,14
604,202607,14
605,202607,14
607,202607,14
608,202607,14
609,202607,13
613,202607,13
614,202607,13
615,202607,13
616,202607,13
617,202607,13
618,202607,13
621,202607,13
622,202607,13
623,202607,13
624,202607,12
626,202607,12
629,202607,12
630,202607,12
631,202607,12
632,202607,12
633,202607,12
634,202607,11
635,202607,11
636,202607,11
637,202607,11
638,202607,11
639,202607,11
640,202607,11
641,202607,11
642,202607,11
643,202607,10
644,202607,10
645,202607,10
648,202607,10
649,202607,10
651,202607,10
652,202607,10
653,202607,10
654,202607,10
655,202607,10
656,202607,10
657,202607,10
658,202607,10
659,202607,10
660,202607,9
661,202607,9
662,202607,9
663,202607,9
664,202607,9
666,202607,9
667,202607,9
668,202607,9
670,202607,8
671,202607,8
672,202607,8
673,202607,8
674,202607,8
675,202607,8
676,202607,8
678,202607,8
679,202607,7
680,202607,7
681,202607,7
682,202607,7
683,202607,7
686,202607,7
687,202607,7
688,202607,7
689,202607,7
690,202607,7
691,202607,7
692,202607,7
693,202607,7
694,202607,7
695,202607,7
696,202607,7
697,202607,6
698,202607,6
699,202607,6
701,202607,6
702,202607,6
703,202607,6
704,202607,6
705,202607,6
706,202607,6
707,202607,6
708,202607,6
709,202607,6
710,202607,6
711,202607,5
712,202607,5
713,202607,5
714,202607,5
716,202607,5
717,202607,5
718,202607,5
719,202607,5
720,202607,5
721,202607,5
722,202607,5
723,202607,5
724,202607,5
725,202607,5
726,202607,5
727,202607,5
728,202607,5
729,202607,4
730,202607,4
731,202607,4
732,202607,4
734,202607,4
735,202607,4
737,202607,4
738,202607,4
739,202607,4
740,202607,4
741,202607,4
742,202607,4
743,202607,3
744,202607,3
745,202607,3
747,202607,3
748,202607,3
749,202607,3
750,202607,3
751,202607,3
752,202607,3
753,202607,3
754,202607,3
755,202607,3
756,202607,3
757,202607,3
758,202607,3
759,202607,3
760,202607,2
761,202607,2
762,202607,2
763,202607,2
764,202607,2
765,202607,2
766,202607,2
767,202607,2
768,202607,2
769,202607,2
770,202607,2
771,202607,2
772,202607,2
773,202607,2
774,202607,2
775,202607,2
776,202607,1
777,202607,1
778,202607,1
779,202607,1
780,202607,1
781,202607,1
782,202607,1
783,202607,1
784,202607,1
785,202607,1
786,202607,1
787,202607,1
788,202607,1
789,202607,1
790,202607,1
791,202607,1
792,202607,1
793,202607,1
794,202607,1
795,202607,1
796,202607,1
797,202607,1
798,202607,0
799,202607,0
800,202607,0
801,202607,0
802,202607,0
803,202607,0
804,202607,0
805,202607,0
806,202607,0
807,202607,0
808,202607,0
2,202608,35
4,202608,35
5,202608,35
10,202608,35
11,202608,35
12,202608,35
14,202608,35
16,202608,35
17,202608,35
20,202608,35
21,202608,35
22,202608,35
23,202608,35
27,202608,35
28,202608,35
29,202608,35
30,202608,35
31,202608,35
32,202608,35
35,202608,35
37,202608,35
38,202608,35
39,202608,35
43,202608,35
45,202608,35
46,202608,35
48,202608,35
50,202608,35
51,202608,35
52,202608,35
55,202608,35
57,202608,35
59,202608,35
61,202608,35
62,202608,35
63,202608,35
64,202608,35
65,202608,35
67,202608,35
69,202608,35
72,202608,35
73,202608,35
74,202608,35
76,202608,35
77,202608,35
79,202608,35
80,202608,35
81,202608,35
84,202608,35
85,202608,35
86,202608,35
88,202608,35
89,202608,35
91,202608,35
95,202608,35
96,202608,35
98,202608,35
99,202608,35
100,202608,35
101,202608,35
102,202608,35
103,202608,35
104,202608,35
105,202608,35
107,202608,35
109,202608,35
113,202608,35
114,202608,35
115,202608,35
116,202608,35
117,202608,35
118,202608,35
119,202608,35
121,202608,35
122,202608,35
123,202608,35
125,202608,35
126,202608,35
127,202608,35
128,202608,35
129,202608,35
130,202608,35
131,202608,35
133,202608,35
135,202608,35
136,202608,35
137,202608,35
140,202608,35
141,202608,35
143,202608,35
144,202608,35
146,202608,35
147,202608,35
148,202608,35
149,202608,35
150,202608,35
151,202608,35
152,202608,35
153,202608,35
157,202608,35
158,202608,35
161,202608,35
162,202608,35
164,202608,35
165,202608,35
169,202608,35
171,202608,35
173,202608,35
174,202608,35
175,202608,35
176,202608,35
178,202608,35
180,202608,35
182,202608,35
183,202608,35
184,202608,35
185,202608,35
186,202608,35
189,202608,35
190,202608,35
191,202608,35
192,202608,35
193,202608,35
195,202608,35
197,202608,35
201,202608,35
203,202608,35
204,202608,35
207,202608,35
208,202608,35
209,202608,35
210,202608,35
211,202608,35
212,202608,35
213,202608,35
214,202608,35
215,202608,35
217,202608,35
219,202608,35
222,202608,35
223,202608,35
224,202608,35
227,202608,35
230,202608,35
231,202608,35
237,202608,35
238,202608,35
240,202608,35
244,202608,35
245,202608,35
246,202608,35
247,202608,35
250,202608,35
251,202608,35
254,202608,35
255,202608,35
256,202608,35
259,202608,35
262,202608,35
266,202608,35
267,202608,35
270,202608,35
272,202608,35
274,202608,35
276,202608,35
277,202608,35
279,202608,35
280,202608,35
281,202608,35
282,202608,35
283,202608,35
285,202608,35
286,202608,35
287,202608,35
289,202608,35
291,202608,35
294,202608,35
295,202608,35
297,202608,35
298,202608,35
299,202608,35
300,202608,35
302,202608,35
304,202608,35
305,202608,35
308,202608,35
309,202608,35
310,202608,35
311,202608,35
312,202608,35
313,202608,35
314,202608,35
315,202608,35
316,202608,35
317,202608,35
320,202608,35
321,202608,35
327,202608,35
328,202608,35
334,202608,35
337,202608,35
338,202608,35
339,202608,35
345,202608,35
346,202608,35
347,202608,35
348,202608,35
351,202608,35
354,202608,35
355,202608,35
357,202608,35
358,202608,35
359,202608,35
362,202608,35
363,202608,35
364,202608,35
365,202608,35
368,202608,35
370,202608,35
371,202608,35
373,202608,35
374,202608,35
375,202608,35
377,202608,35
379,202608,35
382,202608,35
385,202608,35
388,202608,35
389,202608,35
391,202608,35
392,202608,35
393,202608,35
395,202608,35
396,202608,35
398,202608,35
401,202608,35
402,202608,35
404,202608,35
405,202608,35
407,202608,35
414,202608,35
415,202608,35
421,202608,35
422,202608,35
423,202608,35
424,202608,35
425,202608,35
426,202608,35
427,202608,35
434,202608,35
437,202608,35
438,202608,35
439,202608,35
442,202608,35
444,202608,35
445,202608,35
446,202608,35
450,202608,35
451,202608,35
452,202608,35
454,202608,35
455,202608,35
456,202608,35
458,202608,35
461,202608,34
462,202608,34
464,202608,33
465,202608,33
466,202608,33
468,202608,33
473,202608,31
475,202608,31
476,202608,31
477,202608,31
478,202608,30
479,202608,29
480,202608,29
481,202608,29
482,202608,29
484,202608,29
485,202608,28
486,202608,28
487,202608,28
488,202608,28
490,202608,28
491,202608,28
492,202608,28
493,202608,28
494,202608,27
495,202608,27
496,202608,27
497,202608,27
498,202608,27
499,202608,27
500,202608,27
502,202608,26
503,202608,26
505,202608,26
507,202608,25
508,202608,25
509,202608,25
510,202608,25
514,202608,24
516,202608,23
518,202608,23
520,202608,23
521,202608,23
522,202608,23
523,202608,23
524,202608,23
525,202608,23
527,202608,23
528,202608,22
529,202608,22
533,202608,22
534,202608,22
535,202608,22
537,202608,21
539,202608,21
540,202608,21
541,202608,21
542,202608,21
544,202608,20
545,202608,20
550,202608,20
552,202608,19
553,202608,19
554,202608,19
555,202608,19
557,202608,19
559,202608,19
560,202608,18
561,202608,18
563,202608,18
568,202608,18
569,202608,18
570,202608,18
571,202608,18
574,202608,17
577,202608,17
578,202608,17
579,202608,17
580,202608,17
581,202608,16
583,202608,16
584,202608,16
586,202608,16
587,202608,16
589,202608,15
591,202608,15
593,202608,15
596,202608,15
597,202608,15
598,202608,15
599,202608,15
600,202608,15
601,202608,15
602,202608,15
603,202608,15
604,202608,15
605,202608,15
607,202608,15
608,202608,15
609,202608,14
613,202608,14
614,202608,14
615,202608,14
616,202608,14
617,202608,14
618,202608,14
621,202608,14
622,202608,14
623,202608,14
624,202608,13
626,202608,13
629,202608,13
630,202608,13
631,202608,13
632,202608,13
633,202608,13
634,202608,12
635,202608,12
636,202608,12
637,202608,12
638,202608,12
639,202608,12
640,202608,12
641,202608,12
642,202608,12
643,202608,11
644,202608,11
645,202608,11
648,202608,11
649,202608,11
651,202608,11
652,202608,11
653,202608,11
654,202608,11
655,202608,11
656,202608,11
657,202608,11
658,202608,11
659,202608,11
660,202608,10
661,202608,10
662,202608,10
663,202608,10
664,202608,10
666,202608,10
667,202608,10
668,202608,10
670,202608,9
671,202608,9
672,202608,9
673,202608,9
674,202608,9
675,202608,9
676,202608,9
678,202608,9
679,202608,8
680,202608,8
681,202608,8
682,202608,8
683,202608,8
686,202608,8
687,202608,8
688,202608,8
689,202608,8
690,202608,8
691,202608,8
692,202608,8
693,202608,8
694,202608,8
695,202608,8
696,202608,8
697,202608,7
698,202608,7
699,202608,7
701,202608,7
702,202608,7
703,202608,7
704,202608,7
705,202608,7
706,202608,7
707,202608,7
708,202608,7
709,202608,7
710,202608,7
711,202608,6
712,202608,6
713,202608,6
714,202608,6
716,202608,6
717,202608,6
718,202608,6
719,202608,6
720,202608,6
721,202608,6
722,202608,6
723,202608,6
724,202608,6
725,202608,6
726,202608,6
727,202608,6
728,202608,6
729,202608,5
730,202608,5
731,202608,5
732,202608,5
734,202608,5
735,202608,5
737,202608,5
738,202608,5
739,202608,5
740,202608,5
741,202608,5
742,202608,5
743,202608,4
744,202608,4
745,202608,4
747,202608,4
748,202608,4
749,202608,4
750,202608,4
751,202608,4
752,202608,4
753,202608,4
754,202608,4
755,202608,4
756,202608,4
757,202608,4
758,202608,4
759,202608,4
760,202608,3
761,202608,3
762,202608,3
763,202608,3
764,202608,3
765,202608,3
766,202608,3
767,202608,3
768,202608,3
769,202608,3
770,202608,3
771,202608,3
772,202608,3
773,202608,3
774,202608,3
775,202608,3
776,202608,2
777,202608,2
778,202608,2
779,202608,2
780,202608,2
781,202608,2
782,202608,2
783,202608,2
784,202608,2
786,202608,2
787,202608,2
788,202608,2
789,202608,2
790,202608,2
791,202608,2
792,202608,2
793,202608,2
794,202608,2
795,202608,2
796,202608,2
797,202608,2
798,202608,1
799,202608,1
800,202608,1
801,202608,1
802,202608,1
803,202608,1
804,202608,1
805,202608,1
806,202608,1
807,202608,1
808,202608,1
809,202608,0
810,202608,0
811,202608,0
812,202608,0
813,202608,0
814,202608,0
815,202608,0
816,202608,0
817,202608,0
818,202608,0
819,202608,0
820,202608,0
821,202608,0
822,202608,0
823,202608,0
824,202608,0
825,202608,0
826,202608,0
