CustomerKey,CustomerId,CompanyName,Segment,Channel,ChannelLabel,ChannelGroup,Plan,Country,Industry,SignupMonth,CohortMonth,AcquisitionWindow,IsPreWindow,SegmentImputed,ChannelUnattributed,PlanImputed,IsChurned,ChurnMonth,EntryAcv
1,CUST-00001,Orchard Medical Supply Holdings,SMB,partner,Partner / Reseller,Partner,Growth,US,Food & Beverage,2021-10,2023-09,Pre-window (no CAC),1,0,0,0,1,2024-10,4464.0
2,CUST-00002,Meridian Paper Ltd,SMB,paid_search,Paid Search,Paid,Growth,US,Medical Devices,2022-03,2023-09,Pre-window (no CAC),1,0,0,0,0,,5208.0
3,CUST-00003,Dune Medical Supply Inc,SMB,outbound_sdr,Outbound SDR,Outbound,Starter,US,Medical Devices,2023-06,2023-09,Pre-window (no CAC),1,0,0,0,1,2025-08,3276.0
4,CUST-00004,Orchard Automotive Works,SMB,inbound_content,Inbound / Content,Inbound,Starter,US,Retail,2023-04,2023-09,Pre-window (no CAC),1,0,0,0,0,,3744.0
5,CUST-00005,Ridge Industrial LLC,SMB,events,Events / Field,Inbound,Starter,US,Automotive Parts,2021-12,2023-09,Pre-window (no CAC),1,0,0,0,0,,3276.0
6,CUST-00006,Bluff Wholesale Works,SMB,paid_search,Paid Search,Paid,Starter,US,Food & Beverage,2021-07,2023-09,Pre-window (no CAC),1,0,0,0,1,2024-04,2808.0
7,CUST-00007,Bluff Materials LLC,SMB,partner,Partner / Reseller,Partner,Growth,DE,Medical Devices,2022-09,2023-09,Pre-window (no CAC),1,0,0,0,1,2024-08,4464.0
8,CUST-00008,Halcyon Packaging LLC,SMB,paid_social,Paid Social,Paid,Growth,AU,Automotive Parts,2021-12,2023-09,Pre-window (no CAC),1,0,0,0,1,2025-11,4464.0
9,CUST-00009,Lakeshore Components Group,SMB,inbound_content,Inbound / Content,Inbound,Growth,US,Apparel,2021-11,2023-09,Pre-window (no CAC),1,0,0,0,1,2026-05,6696.0
10,CUST-00010,Granite Hardware Group,Enterprise,paid_search,Paid Search,Paid,Enterprise,SE,Automotive Parts,2023-08,2023-09,Pre-window (no CAC),1,0,0,0,0,,36300.0
11,CUST-00011,Pioneer Materials LLC,SMB,paid_search,Paid Search,Paid,Growth,CA,3PL,2023-05,2023-09,Pre-window (no CAC),1,0,0,0,0,,4464.0
12,CUST-00012,Dune Packaging Ltd,MidMarket,paid_search,Paid Search,Paid,Scale,SE,Retail,2022-02,2023-09,Pre-window (no CAC),1,0,0,0,0,,10560.0
13,CUST-00013,Halcyon Supply LLC,SMB,inbound_content,Inbound / Content,Inbound,Starter,US,Retail,2023-04,2023-09,Pre-window (no CAC),1,0,0,0,1,2024-07,3276.0
14,CUST-00014,Halcyon Hardware Co,SMB,inbound_content,Inbound / Content,Inbound,Growth,CA,Chemicals,2022-09,2023-09,Pre-window (no CAC),1,0,0,0,0,,5208.0
15,CUST-00015,Sterling Automotive Ltd,SMB,paid_search,Paid Search,Paid,Growth,US,Industrial Distribution,2021-07,2023-09,Pre-window (no CAC),1,0,0,0,1,2023-12,6696.0
16,CUST-00016,Cedar Apparel Holdings,SMB,partner,Partner / Reseller,Partner,Growth,US,Chemicals,2021-07,2023-09,Pre-window (no CAC),1,0,0,0,0,,5952.0
17,CUST-00017,Meridian Hardware Works,SMB,paid_search,Paid Search,Paid,Growth,US,Food & Beverage,2023-06,2023-09,Pre-window (no CAC),1,0,0,0,0,,4464.0
18,CUST-00018,Orchard Chemicals Partners,SMB,paid_social,Paid Social,Paid,Growth,CA,3PL,2021-03,2023-09,Pre-window (no CAC),1,0,0,0,1,2024-01,5952.0
19,CUST-00019,Iron Supply Inc,SMB,inbound_content,Inbound / Content,Inbound,Starter,CA,3PL,2023-06,2023-09,Pre-window (no CAC),1,0,0,0,1,2026-07,3276.0
20,CUST-00020,Iron Materials Works,SMB,inbound_content,Inbound / Content,Inbound,Starter,AU,Apparel,2021-07,2023-09,Pre-window (no CAC),1,0,0,0,0,,3744.0
21,CUST-00021,Ridge Components Ltd,MidMarket,paid_search,Paid Search,Paid,Scale,DE,Medical Devices,2022-08,2023-09,Pre-window (no CAC),1,0,0,0,0,,24288.0
22,CUST-00022,Northgate Industrial Works,SMB,events,Events / Field,Inbound,Starter,NL,Food & Beverage,2023-07,2023-09,Pre-window (no CAC),1,0,0,0,0,,4212.0
23,CUST-00023,Anchor Hardware Co,SMB,partner,Partner / Reseller,Partner,Starter,US,Automotive Parts,2023-07,2023-09,Pre-window (no CAC),1,0,0,0,0,,3744.0
24,CUST-00024,Copper Logistics Partners,SMB,paid_social,Paid Social,Paid,Starter,NL,Automotive Parts,2023-06,2023-09,Pre-window (no CAC),1,0,0,0,1,2025-09,3276.0
25,CUST-00025,Ember Materials Holdings,SMB,outbound_sdr,Outbound SDR,Outbound,Growth,US,Automotive Parts,2021-09,2023-09,Pre-window (no CAC),1,0,0,0,1,2023-11,5952.0
26,CUST-00026,Halcyon Distribution Co,SMB,partner,Partner / Reseller,Partner,Growth,US,Automotive Parts,2021-06,2023-09,Pre-window (no CAC),1,0,0,0,1,2025-06,4464.0
27,CUST-00027,Kestrel Medical Supply LLC,SMB,paid_search,Paid Search,Paid,Starter,AU,Food & Beverage,2021-09,2023-09,Pre-window (no CAC),1,0,0,0,0,,1872.0
28,CUST-00028,Granite Components LLC,SMB,paid_social,Paid Social,Paid,Starter,SE,3PL,2021-11,2023-09,Pre-window (no CAC),1,0,0,0,0,,2808.0
29,CUST-00029,Vantage Materials Ltd,MidMarket,inbound_content,Inbound / Content,Inbound,Scale,AU,Industrial Distribution,2023-04,2023-09,Pre-window (no CAC),1,0,0,0,0,,20064.0
30,CUST-00030,Iron Fulfilment Works,MidMarket,paid_search,Paid Search,Paid,Scale,CA,Food & Beverage,2021-06,2023-09,Pre-window (no CAC),1,0,0,0,0,,10560.0
31,CUST-00031,Dune Industrial Inc,Enterprise,events,Events / Field,Inbound,Enterprise,SE,Medical Devices,2022-04,2023-09,Pre-window (no CAC),1,0,0,0,0,,36300.0
32,CUST-00032,Bright Automotive Works,SMB,inbound_content,Inbound / Content,Inbound,Starter,GB,Automotive Parts,2021-09,2023-09,Pre-window (no CAC),1,0,0,1,0,,3744.0
33,CUST-00033,Quarry Apparel Ltd,SMB,partner,Partner / Reseller,Partner,Starter,US,Automotive Parts,2021-04,2023-09,Pre-window (no CAC),1,0,0,0,1,2025-04,3276.0
34,CUST-00034,Northgate Freight Co,SMB,partner,Partner / Reseller,Partner,Starter,US,Apparel,2022-04,2023-09,Pre-window (no CAC),1,0,0,0,1,2023-11,1404.0
35,CUST-00035,Foundry Automotive Holdings,MidMarket,inbound_content,Inbound / Content,Inbound,Scale,DE,Chemicals,2023-03,2023-09,Pre-window (no CAC),1,0,0,0,0,,16896.0
36,CUST-00036,Harbor Distribution Group,SMB,paid_search,Paid Search,Paid,Growth,US,Retail,2022-04,2023-09,Pre-window (no CAC),1,0,0,0,1,2025-02,5952.0
37,CUST-00037,Ember Fulfilment Co,MidMarket,inbound_content,Inbound / Content,Inbound,Scale,SE,Food & Beverage,2022-09,2023-09,Pre-window (no CAC),1,0,0,0,0,,12672.0
38,CUST-00038,Prairie Industrial Works,Enterprise,inbound_content,Inbound / Content,Inbound,Enterprise,US,Apparel,2022-02,2023-09,Pre-window (no CAC),1,0,0,0,0,,24684.0
39,CUST-00039,Prairie Industrial Inc,SMB,paid_search,Paid Search,Paid,Starter,SE,Automotive Parts,2022-06,2023-09,Pre-window (no CAC),1,0,0,0,0,,3276.0
40,CUST-00040,Beacon Medical Supply LLC,SMB,partner,Partner / Reseller,Partner,Growth,CA,Medical Devices,2021-06,2023-09,Pre-window (no CAC),1,0,0,0,1,2024-05,6696.0
41,CUST-00041,Willow Beverage Co,SMB,paid_search,Paid Search,Paid,Starter,GB,Medical Devices,2023-06,2023-09,Pre-window (no CAC),1,0,0,0,1,2025-07,3744.0
42,CUST-00042,Beacon Medical Supply Inc,SMB,paid_search,Paid Search,Paid,Starter,US,Retail,2022-10,2023-09,Pre-window (no CAC),1,0,0,0,1,2025-01,2340.0
43,CUST-00043,Copper Freight LLC,SMB,outbound_sdr,Outbound SDR,Outbound,Starter,US,Retail,2021-10,2023-09,Pre-window (no CAC),1,0,0,0,0,,4212.0
44,CUST-00044,Cedar Freight LLC,SMB,partner,Partner / Reseller,Partner,Starter,SE,Medical Devices,2021-12,2023-09,Pre-window (no CAC),1,0,0,0,1,2025-02,3744.0
45,CUST-00045,Summit Automotive Ltd,SMB,inbound_content,Inbound / Content,Inbound,Starter,US,Apparel,2022-05,2023-09,Pre-window (no CAC),1,0,0,0,0,,3744.0
46,CUST-00046,Orchard Fulfilment LLC,MidMarket,paid_search,Paid Search,Paid,Scale,NL,Food & Beverage,2022-03,2023-09,Pre-window (no CAC),1,0,0,0,0,,10560.0
47,CUST-00047,Prairie Medical Supply Co,SMB,partner,Partner / Reseller,Partner,Starter,US,Medical Devices,2023-04,2023-09,Pre-window (no CAC),1,0,0,0,1,2023-10,2340.0
48,CUST-00048,Northgate Fulfilment Co,SMB,outbound_sdr,Outbound SDR,Outbound,Growth,US,Automotive Parts,2022-10,2023-09,Pre-window (no CAC),1,0,0,0,0,,5208.0
49,CUST-00049,Pioneer Supply LLC,SMB,paid_search,Paid Search,Paid,Growth,US,3PL,2021-07,2023-09,Pre-window (no CAC),1,0,0,0,1,2025-05,6696.0
50,CUST-00050,Kestrel Components LLC,MidMarket,inbound_content,Inbound / Content,Inbound,Scale,GB,Chemicals,2023-06,2023-09,Pre-window (no CAC),1,0,0,0,0,,20064.0
51,CUST-00051,Lakeshore Chemicals Holdings,MidMarket,paid_social,Paid Social,Paid,Scale,NL,Automotive Parts,2022-08,2023-09,Pre-window (no CAC),1,0,0,0,0,,24288.0
52,CUST-00052,Harbor Freight Inc,SMB,unattributed,Unattributed,Unknown,Growth,GB,3PL,2022-09,2023-09,Pre-window (no CAC),1,0,1,0,0,,4464.0
53,CUST-00053,Willow Components Inc,Enterprise,outbound_sdr,Outbound SDR,Outbound,Enterprise,CA,Automotive Parts,2023-02,2023-09,Pre-window (no CAC),1,0,0,0,1,2025-11,39204.0
54,CUST-00054,Orchard Beverage Group,SMB,paid_search,Paid Search,Paid,Starter,GB,Automotive Parts,2023-03,2023-09,Pre-window (no CAC),1,0,0,0,1,2023-11,3276.0
55,CUST-00055,Meridian Logistics Co,SMB,outbound_sdr,Outbound SDR,Outbound,Growth,SE,Automotive Parts,2021-11,2023-09,Pre-window (no CAC),1,0,0,0,0,,5208.0
56,CUST-00056,Prairie Apparel Ltd,SMB,inbound_content,Inbound / Content,Inbound,Starter,US,Medical Devices,2021-10,2023-09,Pre-window (no CAC),1,0,0,0,1,2026-03,3276.0
57,CUST-00057,Vantage Fulfilment Group,SMB,paid_search,Paid Search,Paid,Growth,NL,Apparel,2023-01,2023-09,Pre-window (no CAC),1,0,0,0,0,,5952.0
58,CUST-00058,Vantage Automotive Co,SMB,paid_search,Paid Search,Paid,Starter,US,3PL,2021-07,2023-09,Pre-window (no CAC),1,0,0,0,1,2025-01,2340.0
59,CUST-00059,Copper Packaging Co,MidMarket,paid_search,Paid Search,Paid,Scale,US,Retail,2022-01,2023-09,Pre-window (no CAC),1,0,0,0,0,,16896.0
60,CUST-00060,Beacon Freight Works,MidMarket,paid_social,Paid Social,Paid,Scale,SE,Automotive Parts,2023-01,2023-09,Pre-window (no CAC),1,0,0,0,1,2024-09,15840.0
61,CUST-00061,Prairie Logistics LLC,SMB,paid_search,Paid Search,Paid,Starter,GB,Automotive Parts,2022-07,2023-09,Pre-window (no CAC),1,0,0,0,0,,3744.0
62,CUST-00062,Anchor Industrial Group,SMB,inbound_content,Inbound / Content,Inbound,Starter,US,Food & Beverage,2022-01,2023-09,Pre-window (no CAC),1,0,0,0,0,,3744.0
63,CUST-00063,Vantage Hardware Group,Enterprise,inbound_content,Inbound / Content,Inbound,Enterprise,US,Medical Devices,2022-12,2023-09,Pre-window (no CAC),1,0,0,0,0,,50820.0
64,CUST-00064,Orchard Paper Inc,SMB,events,Events / Field,Inbound,Starter,SE,Chemicals,2021-05,2023-09,Pre-window (no CAC),1,0,0,0,0,,2808.0
65,CUST-00065,Cedar Beverage Holdings,SMB,outbound_sdr,Outbound SDR,Outbound,Starter,DE,Industrial Distribution,2022-08,2023-09,Pre-window (no CAC),1,0,0,0,0,,3276.0
66,CUST-00066,Trident Packaging Ltd,SMB,paid_search,Paid Search,Paid,Starter,DE,Apparel,2022-07,2023-09,Pre-window (no CAC),1,0,0,0,1,2025-04,3276.0
67,CUST-00067,Prairie Materials Inc,MidMarket,unattributed,Unattributed,Unknown,Scale,DE,Chemicals,2022-07,2023-09,Pre-window (no CAC),1,0,1,0,0,,11616.0
68,CUST-00068,Granite Beverage Partners,SMB,events,Events / Field,Inbound,Growth,DE,Industrial Distribution,2022-12,2023-09,Pre-window (no CAC),1,0,0,0,1,2024-01,5208.0
69,CUST-00069,Cedar Paper Holdings,SMB,paid_social,Paid Social,Paid,Growth,NL,3PL,2022-09,2023-09,Pre-window (no CAC),1,0,0,0,0,,4464.0
70,CUST-00070,Foundry Beverage LLC,SMB,outbound_sdr,Outbound SDR,Outbound,Starter,SE,Food & Beverage,2022-10,2023-09,Pre-window (no CAC),1,0,0,0,1,2023-12,4212.0
71,CUST-00071,Bright Distribution LLC,SMB,partner,Partner / Reseller,Partner,Growth,NL,Medical Devices,2022-03,2023-09,Pre-window (no CAC),1,0,0,0,1,2025-05,5952.0
72,CUST-00072,Anchor Packaging Partners,SMB,paid_search,Paid Search,Paid,Starter,US,Apparel,2022-12,2023-09,Pre-window (no CAC),1,0,0,1,0,,4212.0
73,CUST-00073,Pioneer Fulfilment Inc,Enterprise,partner,Partner / Reseller,Partner,Enterprise,CA,Food & Beverage,2023-04,2023-09,Pre-window (no CAC),1,0,0,0,0,,34848.0
74,CUST-00074,Cedar Components LLC,MidMarket,paid_social,Paid Social,Paid,Scale,DE,Food & Beverage,2022-10,2023-09,Pre-window (no CAC),1,0,0,0,0,,11616.0
75,CUST-00075,Meridian Automotive Ltd,SMB,paid_social,Paid Social,Paid,Starter,SE,Industrial Distribution,2022-02,2023-09,Pre-window (no CAC),1,0,0,0,1,2025-03,4212.0
76,CUST-00076,Northgate Wholesale Partners,MidMarket,inbound_content,Inbound / Content,Inbound,Scale,NL,Retail,2021-04,2023-09,Pre-window (no CAC),1,0,0,0,0,,21120.0
77,CUST-00077,Foundry Materials Holdings,Enterprise,paid_search,Paid Search,Paid,Enterprise,GB,Automotive Parts,2022-12,2023-09,Pre-window (no CAC),1,0,0,0,0,,21780.0
78,CUST-00078,Lakeshore Beverage Holdings,SMB,inbound_content,Inbound / Content,Inbound,Growth,AU,Apparel,2022-04,2023-09,Pre-window (no CAC),1,0,0,0,1,2025-02,5952.0
79,CUST-00079,Iron Wholesale Co,SMB,paid_search,Paid Search,Paid,Starter,US,Food & Beverage,2022-08,2023-09,Pre-window (no CAC),1,0,0,0,0,,3276.0
80,CUST-00080,Bright Fulfilment Ltd,SMB,inbound_content,Inbound / Content,Inbound,Growth,US,Retail,2021-12,2023-09,Pre-window (no CAC),1,0,0,0,0,,4464.0
81,CUST-00081,Pioneer Logistics Holdings,SMB,inbound_content,Inbound / Content,Inbound,Growth,AU,Food & Beverage,2022-07,2023-09,Pre-window (no CAC),1,0,0,0,0,,6696.0
82,CUST-00082,Harbor Beverage Works,SMB,partner,Partner / Reseller,Partner,Starter,US,Chemicals,2021-07,2023-09,Pre-window (no CAC),1,0,0,0,1,2026-02,3744.0
83,CUST-00083,Vantage Chemicals Holdings,SMB,paid_social,Paid Social,Paid,Starter,NL,Automotive Parts,2023-01,2023-09,Pre-window (no CAC),1,0,0,0,1,2025-02,3744.0
84,CUST-00084,Foundry Logistics Ltd,SMB,paid_search,Paid Search,Paid,Starter,DE,Chemicals,2022-08,2023-09,Pre-window (no CAC),1,0,0,0,0,,3276.0
85,CUST-00085,Granite Packaging Holdings,SMB,inbound_content,Inbound / Content,Inbound,Growth,GB,3PL,2021-09,2023-09,Pre-window (no CAC),1,0,0,0,0,,5208.0
86,CUST-00086,Dune Chemicals Group,MidMarket,paid_search,Paid Search,Paid,Scale,US,3PL,2022-12,2023-09,Pre-window (no CAC),1,0,0,0,0,,11616.0
87,CUST-00087,Quarry Medical Supply Group,SMB,events,Events / Field,Inbound,Starter,US,Industrial Distribution,2023-08,2023-09,Pre-window (no CAC),1,0,0,0,1,2025-09,2808.0
88,CUST-00088,Granite Packaging Inc,MidMarket,inbound_content,Inbound / Content,Inbound,Scale,US,Food & Beverage,2023-06,2023-09,Pre-window (no CAC),1,0,0,0,0,,12672.0
89,CUST-00089,Ridge Distribution Group,SMB,events,Events / Field,Inbound,Starter,GB,Chemicals,2021-06,2023-09,Pre-window (no CAC),1,0,0,0,0,,2340.0
90,CUST-00090,Beacon Materials Holdings,SMB,partner,Partner / Reseller,Partner,Growth,US,Retail,2021-12,2023-09,Pre-window (no CAC),1,0,0,0,1,2025-01,4464.0
91,CUST-00091,Vantage Distribution Ltd,Enterprise,paid_social,Paid Social,Paid,Enterprise,NL,Apparel,2023-03,2023-09,Pre-window (no CAC),1,0,0,0,0,,36300.0
92,CUST-00092,Ridge Logistics Holdings,SMB,paid_search,Paid Search,Paid,Starter,SE,Food & Beverage,2023-01,2023-09,Pre-window (no CAC),1,0,0,0,1,2025-11,3276.0
93,CUST-00093,Pioneer Paper LLC,SMB,partner,Partner / Reseller,Partner,Starter,US,Food & Beverage,2021-12,2023-09,Pre-window (no CAC),1,0,0,1,1,2024-04,3744.0
94,CUST-00094,Prairie Materials Group,MidMarket,inbound_content,Inbound / Content,Inbound,Scale,DE,Apparel,2022-12,2023-09,Pre-window (no CAC),1,0,0,0,1,2026-06,10560.0
95,CUST-00095,Iron Wholesale Works,SMB,inbound_content,Inbound / Content,Inbound,Starter,US,Automotive Parts,2021-12,2023-09,Pre-window (no CAC),1,0,0,0,0,,3744.0
96,CUST-00096,Kestrel Materials Holdings,SMB,outbound_sdr,Outbound SDR,Outbound,Starter,US,Automotive Parts,2021-10,2023-09,Pre-window (no CAC),1,0,0,0,0,,3744.0
97,CUST-00097,Quarry Hardware Co,SMB,inbound_content,Inbound / Content,Inbound,Growth,NL,Food & Beverage,2021-05,2023-09,Pre-window (no CAC),1,0,0,0,1,2025-02,5952.0
98,CUST-00098,Foundry Wholesale Ltd,MidMarket,outbound_sdr,Outbound SDR,Outbound,Scale,SE,Food & Beverage,2021-07,2023-09,Pre-window (no CAC),1,0,0,0,0,,11616.0
99,CUST-00099,Sterling Distribution Ltd,Enterprise,inbound_content,Inbound / Content,Inbound,Enterprise,CA,Chemicals,2023-06,2023-09,Pre-window (no CAC),1,0,0,0,0,,52272.0
100,CUST-00100,Sterling Chemicals Group,SMB,paid_search,Paid Search,Paid,Starter,NL,Food & Beverage,2022-01,2023-09,Pre-window (no CAC),1,0,0,0,0,,3744.0
101,CUST-00101,Summit Components Co,SMB,events,Events / Field,Inbound,Growth,GB,Industrial Distribution,2022-11,2023-09,Pre-window (no CAC),1,0,0,0,0,,5208.0
102,CUST-00102,Ember Foods Works,MidMarket,inbound_content,Inbound / Content,Inbound,Scale,AU,Apparel,2021-11,2023-09,Pre-window (no CAC),1,0,0,0,0,,10560.0
103,CUST-00103,Orchard Distribution Group,SMB,paid_search,Paid Search,Paid,Starter,AU,Retail,2021-06,2023-09,Pre-window (no CAC),1,0,0,0,0,,2808.0
104,CUST-00104,Granite Fulfilment Co,SMB,outbound_sdr,Outbound SDR,Outbound,Starter,US,Retail,2021-11,2023-09,Pre-window (no CAC),1,0,0,0,0,,4212.0
105,CUST-00105,Willow Wholesale Co,MidMarket,partner,Partner / Reseller,Partner,Scale,SE,Automotive Parts,2021-11,2023-09,Pre-window (no CAC),1,0,0,0,0,,11616.0
106,CUST-00106,Falcon Packaging Ltd,SMB,paid_search,Paid Search,Paid,Starter,US,3PL,2021-05,2023-09,Pre-window (no CAC),1,0,0,0,1,2024-09,3744.0
107,CUST-00107,Bright Medical Supply Co,SMB,inbound_content,Inbound / Content,Inbound,Growth,NL,Food & Beverage,2021-12,2023-09,Pre-window (no CAC),1,0,0,0,0,,5208.0
108,CUST-00108,Dune Industrial Group,SMB,paid_search,Paid Search,Paid,Growth,US,Apparel,2022-06,2023-09,Pre-window (no CAC),1,0,0,0,1,2024-08,4464.0
109,CUST-00109,Orchard Beverage Works,SMB,inbound_content,Inbound / Content,Inbound,Starter,US,Apparel,2021-03,2023-09,Pre-window (no CAC),1,0,0,0,0,,2808.0
110,CUST-00110,Cedar Hardware Co,SMB,outbound_sdr,Outbound SDR,Outbound,Starter,US,3PL,2022-10,2023-09,Pre-window (no CAC),1,0,0,0,1,2024-03,3744.0
111,CUST-00111,Bright Distribution Holdings,SMB,unattributed,Unattributed,Unknown,Starter,GB,Medical Devices,2021-03,2023-09,Pre-window (no CAC),1,0,1,0,1,2024-04,2808.0
112,CUST-00112,Kestrel Beverage Ltd,MidMarket,inbound_content,Inbound / Content,Inbound,Scale,GB,Retail,2023-08,2023-09,Pre-window (no CAC),1,0,0,0,1,2026-01,10560.0
113,CUST-00113,Halcyon Packaging LLC,SMB,inbound_content,Inbound / Content,Inbound,Growth,DE,Chemicals,2023-05,2023-09,Pre-window (no CAC),1,0,0,0,0,,4464.0
114,CUST-00114,Trident Medical Supply Holdings,SMB,inbound_content,Inbound / Content,Inbound,Starter,US,Industrial Distribution,2022-10,2023-09,Pre-window (no CAC),1,0,0,0,0,,2808.0
115,CUST-00115,Quarry Wholesale Co,MidMarket,partner,Partner / Reseller,Partner,Scale,CA,Apparel,2022-05,2023-09,Pre-window (no CAC),1,0,0,0,0,,10560.0
116,CUST-00116,Vantage Paper Works,SMB,paid_search,Paid Search,Paid,Growth,US,Food & Beverage,2021-04,2023-09,Pre-window (no CAC),1,0,0,0,0,,5208.0
117,CUST-00117,Foundry Apparel Co,SMB,inbound_content,Inbound / Content,Inbound,Starter,US,3PL,2021-04,2023-09,Pre-window (no CAC),1,0,0,0,0,,4212.0
118,CUST-00118,Cedar Freight LLC,SMB,paid_search,Paid Search,Paid,Starter,NL,Food & Beverage,2022-12,2023-09,Pre-window (no CAC),1,0,0,0,0,,2808.0
119,CUST-00119,Northgate Packaging Ltd,MidMarket,inbound_content,Inbound / Content,Inbound,Scale,CA,Food & Beverage,2023-08,2023-09,Pre-window (no CAC),1,0,0,0,0,,10560.0
120,CUST-00120,Cedar Beverage Holdings,SMB,outbound_sdr,Outbound SDR,Outbound,Starter,US,Retail,2023-01,2023-09,Pre-window (no CAC),1,0,0,0,1,2025-05,4212.0
121,CUST-00121,Ember Automotive LLC,Enterprise,paid_search,Paid Search,Paid,Enterprise,CA,Industrial Distribution,2021-06,2023-09,Pre-window (no CAC),1,0,0,0,0,,21780.0
122,CUST-00122,Dune Materials Co,SMB,outbound_sdr,Outbound SDR,Outbound,Starter,GB,3PL,2023-03,2023-09,Pre-window (no CAC),1,0,0,0,0,,2808.0
123,CUST-00123,Bluff Medical Supply Works,MidMarket,inbound_content,Inbound / Content,Inbound,Scale,AU,Automotive Parts,2022-04,2023-09,Pre-window (no CAC),1,0,0,0,0,,17952.0
124,CUST-00124,Harbor Industrial Co,SMB,paid_search,Paid Search,Paid,Starter,AU,Automotive Parts,2023-04,2023-09,Pre-window (no CAC),1,0,0,0,1,2024-08,2808.0
125,CUST-00125,Ember Logistics Works,SMB,partner,Partner / Reseller,Partner,Starter,US,Automotive Parts,2023-05,2023-09,Pre-window (no CAC),1,0,0,0,0,,4212.0
126,CUST-00126,Anchor Packaging Works,SMB,outbound_sdr,Outbound SDR,Outbound,Growth,US,Automotive Parts,2021-04,2023-09,Pre-window (no CAC),1,0,0,0,0,,6696.0
127,CUST-00127,Bright Packaging Ltd,SMB,paid_search,Paid Search,Paid,Growth,DE,Chemicals,2022-10,2023-09,Pre-window (no CAC),1,0,0,0,0,,5208.0
128,CUST-00128,Sterling Industrial Group,SMB,partner,Partner / Reseller,Partner,Growth,US,Automotive Parts,2022-05,2023-09,Pre-window (no CAC),1,0,0,0,0,,5208.0
129,CUST-00129,Iron Beverage LLC,SMB,paid_search,Paid Search,Paid,Starter,US,Automotive Parts,2021-10,2023-09,Pre-window (no CAC),1,0,0,0,0,,1404.0
130,CUST-00130,Ember Hardware LLC,SMB,outbound_sdr,Outbound SDR,Outbound,Starter,US,Chemicals,2023-04,2023-09,Pre-window (no CAC),1,0,0,0,0,,3744.0
131,CUST-00131,Granite Fulfilment LLC,SMB,inbound_content,Inbound / Content,Inbound,Starter,NL,Apparel,2021-11,2023-09,Pre-window (no CAC),1,0,0,0,0,,3276.0
132,CUST-00132,Prairie Chemicals Group,SMB,events,Events / Field,Inbound,Starter,DE,Food & Beverage,2022-07,2023-09,Pre-window (no CAC),1,0,0,0,1,2024-01,3744.0
133,CUST-00133,Halcyon Automotive Holdings,SMB,outbound_sdr,Outbound SDR,Outbound,Growth,US,Industrial Distribution,2021-03,2023-09,Pre-window (no CAC),1,0,0,0,0,,5208.0
134,CUST-00134,Foundry Apparel Inc,SMB,partner,Partner / Reseller,Partner,Growth,US,Industrial Distribution,2021-12,2023-09,Pre-window (no CAC),1,0,0,0,1,2023-10,6696.0
135,CUST-00135,Dune Distribution LLC,SMB,events,Events / Field,Inbound,Starter,GB,Industrial Distribution,2022-05,2023-09,Pre-window (no CAC),1,0,0,0,0,,4212.0
136,CUST-00136,Harbor Wholesale Works,SMB,paid_social,Paid Social,Paid,Starter,NL,Food & Beverage,2022-04,2023-09,Pre-window (no CAC),1,0,0,0,0,,3276.0
137,CUST-00137,Anchor Fulfilment Co,SMB,outbound_sdr,Outbound SDR,Outbound,Starter,CA,Retail,2021-12,2023-09,Pre-window (no CAC),1,0,0,0,0,,2808.0
138,CUST-00138,Anchor Apparel Inc,SMB,paid_social,Paid Social,Paid,Starter,US,Medical Devices,2023-01,2023-09,Pre-window (no CAC),1,0,0,0,1,2025-03,2340.0
139,CUST-00139,Foundry Packaging Holdings,SMB,paid_social,Paid Social,Paid,Starter,US,3PL,2021-11,2023-09,Pre-window (no CAC),1,0,0,0,1,2026-06,3276.0
140,CUST-00140,Foundry Freight Ltd,SMB,paid_social,Paid Social,Paid,Starter,US,Medical Devices,2021-06,2023-09,Pre-window (no CAC),1,0,0,0,0,,2808.0
141,CUST-00141,Foundry Packaging LLC,MidMarket,paid_search,Paid Search,Paid,Scale,US,Food & Beverage,2022-04,2023-09,Pre-window (no CAC),1,0,0,0,0,,10560.0
142,CUST-00142,Northgate Chemicals Co,SMB,partner,Partner / Reseller,Partner,Growth,US,3PL,2022-10,2023-09,Pre-window (no CAC),1,0,0,0,1,2025-08,4464.0
143,CUST-00143,Iron Hardware Holdings,SMB,paid_search,Paid Search,Paid,Starter,DE,Chemicals,2022-11,2023-09,Pre-window (no CAC),1,0,0,0,0,,2340.0
144,CUST-00144,Ridge Supply Works,SMB,paid_search,Paid Search,Paid,Growth,DE,3PL,2021-06,2023-09,Pre-window (no CAC),1,0,0,0,0,,5208.0
145,CUST-00145,Pioneer Logistics Co,SMB,inbound_content,Inbound / Content,Inbound,Growth,GB,Food & Beverage,2022-03,2023-09,Pre-window (no CAC),1,0,0,0,1,2024-07,5208.0
146,CUST-00146,Foundry Freight Group,MidMarket,inbound_content,Inbound / Content,Inbound,Scale,US,Medical Devices,2022-01,2023-09,Pre-window (no CAC),1,0,0,0,0,,13728.0
147,CUST-00147,Anchor Freight Works,SMB,inbound_content,Inbound / Content,Inbound,Starter,CA,Medical Devices,2022-07,2023-09,Pre-window (no CAC),1,0,0,0,0,,3744.0
148,CUST-00148,Foundry Apparel Inc,SMB,paid_search,Paid Search,Paid,Starter,NL,Apparel,2023-08,2023-09,Pre-window (no CAC),1,0,0,0,0,,4212.0
149,CUST-00149,Iron Distribution Works,SMB,events,Events / Field,Inbound,Starter,US,Apparel,2022-08,2023-09,Pre-window (no CAC),1,0,0,0,0,,3744.0
150,CUST-00150,Willow Hardware Ltd,Enterprise,outbound_sdr,Outbound SDR,Outbound,Enterprise,DE,Chemicals,2022-05,2023-09,Pre-window (no CAC),1,0,0,0,0,,88572.0
151,CUST-00151,Ridge Materials Inc,MidMarket,paid_search,Paid Search,Paid,Scale,US,Industrial Distribution,2022-02,2023-09,Pre-window (no CAC),1,0,0,0,0,,24288.0
152,CUST-00152,Bright Foods Ltd,SMB,partner,Partner / Reseller,Partner,Starter,US,Retail,2023-05,2023-09,Pre-window (no CAC),1,0,0,0,0,,1404.0
153,CUST-00153,Harbor Components Partners,SMB,paid_search,Paid Search,Paid,Starter,GB,Apparel,2021-12,2023-09,Pre-window (no CAC),1,0,0,0,1,2026-08,3276.0
154,CUST-00154,Lakeshore Components Works,MidMarket,inbound_content,Inbound / Content,Inbound,Scale,US,Industrial Distribution,2022-08,2023-09,Pre-window (no CAC),1,0,0,0,1,2024-12,10560.0
155,CUST-00155,Orchard Hardware Works,SMB,paid_social,Paid Social,Paid,Growth,DE,Apparel,2021-08,2023-09,Pre-window (no CAC),1,0,0,0,1,2024-05,5952.0
156,CUST-00156,Lakeshore Paper Ltd,SMB,events,Events / Field,Inbound,Starter,US,Medical Devices,2023-07,2023-09,Pre-window (no CAC),1,0,0,0,1,2026-02,1872.0
157,CUST-00157,Foundry Components Works,MidMarket,paid_social,Paid Social,Paid,Scale,DE,Food & Beverage,2022-09,2023-09,Pre-window (no CAC),1,0,0,0,0,,15840.0
158,CUST-00158,Halcyon Fulfilment Co,SMB,outbound_sdr,Outbound SDR,Outbound,Growth,US,Chemicals,2022-10,2023-09,Pre-window (no CAC),1,0,0,0,0,,4464.0
159,CUST-00159,Anchor Packaging Ltd,SMB,paid_search,Paid Search,Paid,Starter,SE,3PL,2022-07,2023-09,Pre-window (no CAC),1,0,0,0,1,2025-02,3276.0
160,CUST-00160,Dune Packaging Works,MidMarket,inbound_content,Inbound / Content,Inbound,Scale,DE,Industrial Distribution,2021-05,2023-09,Pre-window (no CAC),1,0,0,0,1,2024-05,14784.0
161,CUST-00161,Sterling Paper Partners,SMB,paid_search,Paid Search,Paid,Starter,GB,Medical Devices,2021-05,2023-09,Pre-window (no CAC),1,0,0,0,0,,2340.0
162,CUST-00162,Sterling Medical Supply Holdings,SMB,unattributed,Unattributed,Unknown,Growth,US,Medical Devices,2021-05,2023-09,Pre-window (no CAC),1,0,1,0,0,,4464.0
163,CUST-00163,Meridian Freight LLC,SMB,unattributed,Unattributed,Unknown,Growth,AU,Retail,2023-01,2023-09,Pre-window (no CAC),1,0,1,0,1,2025-02,4464.0
164,CUST-00164,Vantage Hardware Works,SMB,paid_search,Paid Search,Paid,Starter,US,Industrial Distribution,2023-08,2023-09,Pre-window (no CAC),1,0,0,0,0,,4212.0
165,CUST-00165,Vantage Beverage Group,SMB,paid_search,Paid Search,Paid,Starter,US,Apparel,2022-02,2023-09,Pre-window (no CAC),1,0,0,0,0,,4212.0
166,CUST-00166,Prairie Components Partners,SMB,outbound_sdr,Outbound SDR,Outbound,Starter,AU,Food & Beverage,2021-04,2023-09,Pre-window (no CAC),1,0,0,0,1,2024-03,2808.0
167,CUST-00167,Foundry Industrial Works,SMB,outbound_sdr,Outbound SDR,Outbound,Growth,DE,3PL,2022-08,2023-09,Pre-window (no CAC),1,0,0,0,1,2025-02,5208.0
168,CUST-00168,Foundry Automotive Group,SMB,paid_search,Paid Search,Paid,Starter,SE,Retail,2021-12,2023-09,Pre-window (no CAC),1,0,0,0,1,2025-12,4212.0
169,CUST-00169,Bluff Logistics Works,Enterprise,inbound_content,Inbound / Content,Inbound,Enterprise,US,Retail,2022-03,2023-09,Pre-window (no CAC),1,0,0,0,0,,24684.0
170,CUST-00170,Bluff Automotive Ltd,SMB,paid_search,Paid Search,Paid,Starter,AU,Food & Beverage,2021-03,2023-09,Pre-window (no CAC),1,0,0,0,1,2025-04,1872.0
171,CUST-00171,Northgate Components Holdings,SMB,events,Events / Field,Inbound,Starter,US,Chemicals,2021-11,2023-09,Pre-window (no CAC),1,0,0,0,0,,4212.0
172,CUST-00172,Kestrel Logistics Inc,SMB,paid_social,Paid Social,Paid,Starter,US,Retail,2021-08,2023-09,Pre-window (no CAC),1,0,0,0,1,2024-12,2808.0
173,CUST-00173,Harbor Wholesale Inc,SMB,paid_social,Paid Social,Paid,Starter,AU,Apparel,2023-03,2023-09,Pre-window (no CAC),1,0,0,0,0,,2340.0
174,CUST-00174,Anchor Medical Supply Works,SMB,partner,Partner / Reseller,Partner,Starter,AU,Industrial Distribution,2022-04,2023-09,Pre-window (no CAC),1,0,0,0,1,2026-08,3276.0
175,CUST-00175,Quarry Hardware Inc,SMB,paid_social,Paid Social,Paid,Growth,US,Retail,2021-04,2023-09,Pre-window (no CAC),1,0,0,0,0,,4464.0
176,CUST-00176,Halcyon Supply Partners,SMB,events,Events / Field,Inbound,Starter,GB,Retail,2022-02,2023-09,Pre-window (no CAC),1,0,0,0,0,,2340.0
177,CUST-00177,Halcyon Industrial Ltd,SMB,partner,Partner / Reseller,Partner,Starter,GB,Chemicals,2022-11,2023-09,Pre-window (no CAC),1,0,0,0,1,2024-04,3744.0
178,CUST-00178,Beacon Hardware Co,SMB,partner,Partner / Reseller,Partner,Starter,US,Apparel,2021-07,2023-09,Pre-window (no CAC),1,0,0,0,0,,2808.0
179,CUST-00179,Meridian Logistics Group,SMB,unattributed,Unattributed,Unknown,Starter,US,Industrial Distribution,2023-07,2023-09,Pre-window (no CAC),1,0,1,0,1,2025-06,2340.0
180,CUST-00180,Iron Logistics Partners,SMB,partner,Partner / Reseller,Partner,Starter,DE,Automotive Parts,2022-10,2023-09,Pre-window (no CAC),1,0,0,0,0,,3276.0
181,CUST-00181,Cedar Foods Works,SMB,inbound_content,Inbound / Content,Inbound,Starter,US,Apparel,2022-05,2023-09,Pre-window (no CAC),1,0,0,0,1,2024-10,1872.0
182,CUST-00182,Vantage Hardware Works,SMB,outbound_sdr,Outbound SDR,Outbound,Starter,SE,Automotive Parts,2023-03,2023-09,Pre-window (no CAC),1,0,0,0,0,,3276.0
183,CUST-00183,Ridge Foods Inc,SMB,paid_search,Paid Search,Paid,Starter,US,Medical Devices,2023-01,2023-09,Pre-window (no CAC),1,0,0,0,0,,3744.0
184,CUST-00184,Falcon Industrial Works,MidMarket,paid_search,Paid Search,Paid,Scale,US,Apparel,2022-01,2023-09,Pre-window (no CAC),1,0,0,0,1,2025-07,29568.0
185,CUST-00185,Iron Foods Ltd,SMB,inbound_content,Inbound / Content,Inbound,Starter,GB,3PL,2022-10,2023-09,Pre-window (no CAC),1,0,0,0,0,,2808.0
186,CUST-00186,Ember Apparel Works,MidMarket,inbound_content,Inbound / Content,Inbound,Scale,US,Industrial Distribution,2022-03,2023-09,Pre-window (no CAC),1,0,0,0,0,,15840.0
187,CUST-00187,Willow Materials Ltd,SMB,paid_social,Paid Social,Paid,Growth,US,Chemicals,2023-06,2023-09,Pre-window (no CAC),1,0,0,0,1,2025-07,4464.0
188,CUST-00188,Foundry Apparel Holdings,SMB,paid_social,Paid Social,Paid,Starter,US,Chemicals,2023-08,2023-09,Pre-window (no CAC),1,0,0,0,1,2023-10,3744.0
189,CUST-00189,Prairie Apparel Co,SMB,inbound_content,Inbound / Content,Inbound,Starter,DE,Apparel,2021-04,2023-09,Pre-window (no CAC),1,0,0,0,0,,2808.0
190,CUST-00190,Falcon Industrial Holdings,SMB,inbound_content,Inbound / Content,Inbound,Starter,US,Chemicals,2022-09,2023-09,Pre-window (no CAC),1,0,0,0,0,,3276.0
191,CUST-00191,Prairie Automotive Inc,MidMarket,paid_search,Paid Search,Paid,Scale,US,Chemicals,2022-09,2023-09,Pre-window (no CAC),1,0,0,0,0,,13728.0
192,CUST-00192,Vantage Beverage LLC,SMB,inbound_content,Inbound / Content,Inbound,Starter,AU,Chemicals,2022-04,2023-09,Pre-window (no CAC),1,0,0,0,0,,1872.0
193,CUST-00193,Sterling Automotive Ltd,SMB,paid_search,Paid Search,Paid,Growth,CA,Chemicals,2021-12,2023-09,Pre-window (no CAC),1,0,0,0,0,,4464.0
194,CUST-00194,Meridian Chemicals Co,MidMarket,outbound_sdr,Outbound SDR,Outbound,Scale,CA,Retail,2022-01,2023-09,Pre-window (no CAC),1,0,0,0,1,2026-06,20064.0
195,CUST-00195,Trident Logistics Works,SMB,partner,Partner / Reseller,Partner,Growth,US,Food & Beverage,2022-10,2023-09,Pre-window (no CAC),1,1,0,0,0,,5208.0
196,CUST-00196,Sterling Wholesale Holdings,SMB,events,Events / Field,Inbound,Starter,SE,Automotive Parts,2021-11,2023-09,Pre-window (no CAC),1,0,0,0,1,2023-11,2808.0
197,CUST-00197,Falcon Foods Group,MidMarket,paid_search,Paid Search,Paid,Scale,CA,Industrial Distribution,2021-11,2023-09,Pre-window (no CAC),1,0,0,0,0,,23232.0
198,CUST-00198,Ember Apparel Holdings,SMB,paid_search,Paid Search,Paid,Starter,GB,Chemicals,2022-07,2023-09,Pre-window (no CAC),1,0,0,0,1,2024-08,3276.0
199,CUST-00199,Halcyon Foods Co,MidMarket,paid_search,Paid Search,Paid,Scale,CA,Chemicals,2022-09,2023-09,Pre-window (no CAC),1,0,0,0,1,2026-03,10560.0
200,CUST-00200,Trident Packaging Holdings,MidMarket,inbound_content,Inbound / Content,Inbound,Scale,NL,Chemicals,2023-04,2023-09,Pre-window (no CAC),1,0,0,0,1,2025-11,15840.0
201,CUST-00201,Falcon Chemicals Inc,SMB,outbound_sdr,Outbound SDR,Outbound,Starter,NL,Medical Devices,2021-05,2023-09,Pre-window (no CAC),1,0,0,0,0,,3276.0
202,CUST-00202,Foundry Packaging Works,SMB,unattributed,Unattributed,Unknown,Starter,NL,Medical Devices,2022-05,2023-09,Pre-window (no CAC),1,0,1,0,1,2025-05,4212.0
203,CUST-00203,Orchard Freight Group,SMB,partner,Partner / Reseller,Partner,Growth,CA,Industrial Distribution,2021-03,2023-09,Pre-window (no CAC),1,0,0,0,0,,7440.0
204,CUST-00204,Ember Wholesale Inc,SMB,outbound_sdr,Outbound SDR,Outbound,Starter,NL,Industrial Distribution,2022-05,2023-09,Pre-window (no CAC),1,0,0,0,0,,2808.0
205,CUST-00205,Bluff Supply LLC,SMB,inbound_content,Inbound / Content,Inbound,Growth,US,Medical Devices,2021-03,2023-09,Pre-window (no CAC),1,0,0,0,1,2024-02,5208.0
206,CUST-00206,Falcon Distribution Partners,SMB,paid_search,Paid Search,Paid,Growth,US,3PL,2021-08,2023-09,Pre-window (no CAC),1,0,0,0,1,2024-12,5208.0
207,CUST-00207,Ember Components Works,SMB,partner,Partner / Reseller,Partner,Growth,SE,Medical Devices,2022-05,2023-09,Pre-window (no CAC),1,0,0,0,0,,5208.0
208,CUST-00208,Copper Foods Partners,MidMarket,inbound_content,Inbound / Content,Inbound,Scale,US,Apparel,2021-03,2023-09,Pre-window (no CAC),1,0,0,0,0,,16896.0
209,CUST-00209,Falcon Fulfilment Co,SMB,paid_search,Paid Search,Paid,Starter,US,Industrial Distribution,2021-10,2023-09,Pre-window (no CAC),1,0,0,0,0,,2340.0
210,CUST-00210,Pioneer Materials Group,MidMarket,partner,Partner / Reseller,Partner,Scale,US,3PL,2023-05,2023-09,Pre-window (no CAC),1,0,0,0,0,,10560.0
211,CUST-00211,Bluff Medical Supply Partners,SMB,inbound_content,Inbound / Content,Inbound,Starter,CA,Chemicals,2023-06,2023-09,Pre-window (no CAC),1,0,0,0,0,,2340.0
212,CUST-00212,Northgate Wholesale Works,SMB,events,Events / Field,Inbound,Starter,US,Retail,2022-01,2023-09,Pre-window (no CAC),1,0,0,0,1,2026-01,1872.0
213,CUST-00213,Harbor Fulfilment Co,Enterprise,partner,Partner / Reseller,Partner,Enterprise,CA,Automotive Parts,2022-01,2023-09,Pre-window (no CAC),1,0,0,0,0,,30492.0
214,CUST-00214,Prairie Packaging Holdings,SMB,inbound_content,Inbound / Content,Inbound,Starter,SE,Automotive Parts,2021-08,2023-09,Pre-window (no CAC),1,0,0,0,0,,3276.0
215,CUST-00215,Harbor Automotive Group,SMB,outbound_sdr,Outbound SDR,Outbound,Starter,AU,Apparel,2022-02,2023-09,Pre-window (no CAC),1,0,0,0,0,,3744.0
216,CUST-00216,Granite Materials Inc,SMB,paid_social,Paid Social,Paid,Growth,US,Industrial Distribution,2021-07,2023-09,Pre-window (no CAC),1,0,0,0,1,2024-06,4464.0
217,CUST-00217,Granite Wholesale Group,MidMarket,partner,Partner / Reseller,Partner,Scale,CA,3PL,2022-07,2023-09,Pre-window (no CAC),1,0,0,0,0,,13728.0
218,CUST-00218,Anchor Industrial Co,SMB,paid_search,Paid Search,Paid,Growth,US,Automotive Parts,2023-07,2023-09,Pre-window (no CAC),1,0,0,0,1,2023-12,5952.0
219,CUST-00219,Prairie Chemicals Partners,SMB,inbound_content,Inbound / Content,Inbound,Starter,AU,3PL,2021-04,2023-09,Pre-window (no CAC),1,0,0,0,0,,3744.0
220,CUST-00220,Granite Industrial Holdings,SMB,inbound_content,Inbound / Content,Inbound,Starter,AU,Chemicals,2022-01,2023-09,Pre-window (no CAC),1,0,0,0,1,2023-12,2340.0
221,CUST-00221,Summit Beverage Ltd,MidMarket,paid_search,Paid Search,Paid,Scale,US,Medical Devices,2022-08,2023-09,Pre-window (no CAC),1,0,0,0,1,2024-10,14784.0
222,CUST-00222,Ridge Freight Inc,SMB,paid_search,Paid Search,Paid,Starter,US,Medical Devices,2021-11,2023-09,Pre-window (no CAC),1,0,0,0,0,,2808.0
223,CUST-00223,Anchor Supply Holdings,SMB,paid_search,Paid Search,Paid,Starter,CA,Industrial Distribution,2023-01,2023-09,Pre-window (no CAC),1,0,0,0,0,,3276.0
224,CUST-00224,Foundry Chemicals LLC,MidMarket,paid_search,Paid Search,Paid,Scale,US,Apparel,2022-01,2023-09,Pre-window (no CAC),1,0,0,0,1,2026-04,14784.0
225,CUST-00225,Quarry Hardware LLC,SMB,inbound_content,Inbound / Content,Inbound,Growth,NL,Apparel,2022-11,2023-09,Pre-window (no CAC),1,0,0,0,1,2024-07,5208.0
226,CUST-00226,Summit Foods Co,SMB,inbound_content,Inbound / Content,Inbound,Starter,US,Chemicals,2022-02,2023-09,Pre-window (no CAC),1,0,0,0,1,2026-01,3744.0
227,CUST-00227,Foundry Fulfilment Group,SMB,inbound_content,Inbound / Content,Inbound,Starter,AU,Automotive Parts,2021-11,2023-09,Pre-window (no CAC),1,0,0,0,0,,3744.0
228,CUST-00228,Willow Foods Partners,MidMarket,events,Events / Field,Inbound,Scale,SE,Automotive Parts,2021-04,2023-09,Pre-window (no CAC),1,0,0,0,1,2023-10,13728.0
229,CUST-00229,Falcon Foods Works,SMB,paid_search,Paid Search,Paid,Growth,US,Retail,2021-03,2023-09,Pre-window (no CAC),1,0,0,0,1,2024-09,4464.0
230,CUST-00230,Foundry Distribution Ltd,SMB,paid_search,Paid Search,Paid,Starter,SE,Automotive Parts,2021-06,2023-09,Pre-window (no CAC),1,0,0,0,0,,3276.0
231,CUST-00231,Willow Supply Holdings,SMB,partner,Partner / Reseller,Partner,Starter,AU,Automotive Parts,2023-05,2023-09,Pre-window (no CAC),1,0,0,0,0,,2340.0
232,CUST-00232,Prairie Automotive Inc,SMB,unattributed,Unattributed,Unknown,Starter,US,Retail,2021-11,2023-09,Pre-window (no CAC),1,0,1,0,1,2023-10,2340.0
233,CUST-00233,Cedar Packaging LLC,MidMarket,events,Events / Field,Inbound,Scale,DE,Industrial Distribution,2022-09,2023-09,Pre-window (no CAC),1,0,0,0,1,2024-06,20064.0
234,CUST-00234,Falcon Components Partners,SMB,inbound_content,Inbound / Content,Inbound,Growth,GB,Food & Beverage,2021-09,2023-09,Pre-window (no CAC),1,0,0,0,1,2026-05,4464.0
235,CUST-00235,Ridge Medical Supply Inc,SMB,partner,Partner / Reseller,Partner,Growth,CA,Automotive Parts,2021-04,2023-09,Pre-window (no CAC),1,0,0,0,1,2026-07,4464.0
236,CUST-00236,Halcyon Packaging LLC,SMB,outbound_sdr,Outbound SDR,Outbound,Growth,US,Food & Beverage,2021-10,2023-09,Pre-window (no CAC),1,0,0,0,1,2024-10,5208.0
237,CUST-00237,Ember Industrial LLC,MidMarket,paid_search,Paid Search,Paid,Scale,US,Food & Beverage,2022-10,2023-09,Pre-window (no CAC),1,0,0,0,0,,12672.0
238,CUST-00238,Ember Foods LLC,SMB,partner,Partner / Reseller,Partner,Starter,AU,Medical Devices,2022-05,2023-09,Pre-window (no CAC),1,0,0,0,0,,4212.0
239,CUST-00239,Beacon Medical Supply LLC,SMB,partner,Partner / Reseller,Partner,Growth,US,Retail,2023-05,2023-09,Pre-window (no CAC),1,0,0,0,1,2023-12,4464.0
240,CUST-00240,Bluff Logistics Inc,MidMarket,paid_search,Paid Search,Paid,Scale,DE,Chemicals,2021-04,2023-09,Pre-window (no CAC),1,0,0,0,0,,10560.0
241,CUST-00241,Copper Freight Partners,SMB,paid_social,Paid Social,Paid,Growth,GB,Apparel,2023-08,2023-09,Pre-window (no CAC),1,0,0,0,1,2025-06,6696.0
242,CUST-00242,Summit Industrial Co,SMB,inbound_content,Inbound / Content,Inbound,Growth,DE,Automotive Parts,2023-04,2023-09,Pre-window (no CAC),1,0,0,0,1,2024-09,5208.0
243,CUST-00243,Copper Materials Group,SMB,events,Events / Field,Inbound,Growth,SE,Industrial Distribution,2023-03,2023-09,Pre-window (no CAC),1,0,0,0,1,2025-04,5952.0
244,CUST-00244,Copper Wholesale LLC,SMB,inbound_content,Inbound / Content,Inbound,Starter,CA,Automotive Parts,2022-03,2023-09,Pre-window (no CAC),1,0,0,0,0,,3744.0
245,CUST-00245,Copper Wholesale Ltd,SMB,events,Events / Field,Inbound,Starter,NL,Medical Devices,2021-05,2023-09,Pre-window (no CAC),1,0,0,0,0,,2808.0
246,CUST-00246,Sterling Industrial Works,MidMarket,paid_search,Paid Search,Paid,Scale,US,Retail,2021-06,2023-09,Pre-window (no CAC),1,0,0,0,0,,11616.0
247,CUST-00247,Beacon Medical Supply Co,SMB,paid_search,Paid Search,Paid,Growth,GB,Food & Beverage,2023-03,2023-09,Pre-window (no CAC),1,0,0,0,0,,4464.0
248,CUST-00248,Willow Automotive Group,SMB,paid_search,Paid Search,Paid,Starter,NL,Apparel,2023-07,2023-09,Pre-window (no CAC),1,0,0,0,1,2024-10,2340.0
249,CUST-00249,Anchor Beverage Holdings,SMB,paid_search,Paid Search,Paid,Growth,AU,Apparel,2023-07,2023-09,Pre-window (no CAC),1,0,0,0,1,2025-03,5208.0
250,CUST-00250,Bright Supply LLC,MidMarket,paid_social,Paid Social,Paid,Scale,CA,Medical Devices,2022-01,2023-09,Pre-window (no CAC),1,0,0,0,0,,16896.0
251,CUST-00251,Pioneer Fulfilment Works,SMB,paid_search,Paid Search,Paid,Growth,GB,Food & Beverage,2023-07,2023-09,Pre-window (no CAC),1,0,0,0,0,,4464.0
252,CUST-00252,Sterling Beverage Co,SMB,outbound_sdr,Outbound SDR,Outbound,Starter,US,Medical Devices,2022-10,2023-09,Pre-window (no CAC),1,0,0,0,1,2026-04,3744.0
253,CUST-00253,Falcon Foods Partners,SMB,inbound_content,Inbound / Content,Inbound,Starter,SE,Food & Beverage,2023-08,2023-09,Pre-window (no CAC),1,0,0,0,1,2024-01,3744.0
254,CUST-00254,Iron Industrial Partners,SMB,events,Events / Field,Inbound,Starter,GB,Industrial Distribution,2023-04,2023-09,Pre-window (no CAC),1,0,0,0,0,,2340.0
255,CUST-00255,Ridge Fulfilment Holdings,MidMarket,outbound_sdr,Outbound SDR,Outbound,Scale,DE,Food & Beverage,2021-08,2023-09,Pre-window (no CAC),1,0,0,0,0,,10560.0
256,CUST-00256,Bluff Apparel Holdings,SMB,outbound_sdr,Outbound SDR,Outbound,Growth,US,Medical Devices,2022-04,2023-09,Pre-window (no CAC),1,0,0,0,0,,5208.0
257,CUST-00257,Bluff Hardware LLC,SMB,paid_search,Paid Search,Paid,Starter,CA,Medical Devices,2021-09,2023-09,Pre-window (no CAC),1,0,0,0,1,2024-05,2808.0
258,CUST-00258,Kestrel Materials LLC,SMB,partner,Partner / Reseller,Partner,Starter,SE,Food & Beverage,2021-03,2023-09,Pre-window (no CAC),1,0,0,0,1,2025-10,2340.0
259,CUST-00259,Pioneer Paper Works,SMB,outbound_sdr,Outbound SDR,Outbound,Growth,GB,Food & Beverage,2022-09,2023-09,Pre-window (no CAC),1,0,0,0,0,,5208.0
260,CUST-00260,Prairie Supply LLC,SMB,inbound_content,Inbound / Content,Inbound,Growth,DE,Industrial Distribution,2021-06,2023-09,Pre-window (no CAC),1,0,0,0,1,2024-10,4464.0
261,CUST-00261,Beacon Logistics Group,SMB,inbound_content,Inbound / Content,Inbound,Starter,US,Automotive Parts,2023-04,2023-09,Pre-window (no CAC),1,0,0,0,1,2024-02,3276.0
262,CUST-00262,Orchard Freight Ltd,SMB,partner,Partner / Reseller,Partner,Starter,US,Apparel,2022-01,2023-09,Pre-window (no CAC),1,0,0,0,0,,3276.0
263,CUST-00263,Anchor Supply Partners,SMB,paid_search,Paid Search,Paid,Growth,NL,3PL,2022-04,2023-09,Pre-window (no CAC),1,0,0,0,1,2025-07,4464.0
264,CUST-00264,Lakeshore Distribution LLC,SMB,inbound_content,Inbound / Content,Inbound,Growth,AU,Medical Devices,2021-04,2023-09,Pre-window (no CAC),1,0,0,0,1,2026-03,4464.0
265,CUST-00265,Quarry Medical Supply Co,MidMarket,inbound_content,Inbound / Content,Inbound,Scale,SE,Apparel,2023-01,2023-09,Pre-window (no CAC),1,0,0,0,1,2024-09,13728.0
266,CUST-00266,Willow Apparel Partners,MidMarket,paid_search,Paid Search,Paid,Scale,US,Industrial Distribution,2021-05,2023-09,Pre-window (no CAC),1,0,0,0,0,,15840.0
267,CUST-00267,Meridian Supply Co,SMB,paid_search,Paid Search,Paid,Growth,DE,Automotive Parts,2023-02,2023-09,Pre-window (no CAC),1,0,0,0,0,,5208.0
268,CUST-00268,Trident Supply Holdings,SMB,outbound_sdr,Outbound SDR,Outbound,Growth,DE,Food & Beverage,2021-09,2023-09,Pre-window (no CAC),1,0,0,0,1,2025-09,4464.0
269,CUST-00269,Prairie Supply Inc,SMB,paid_social,Paid Social,Paid,Starter,GB,Chemicals,2023-07,2023-09,Pre-window (no CAC),1,0,0,0,1,2024-10,2340.0
270,CUST-00270,Summit Foods Partners,Enterprise,outbound_sdr,Outbound SDR,Outbound,Enterprise,US,Retail,2022-01,2023-09,Pre-window (no CAC),1,0,0,0,0,,37752.0
271,CUST-00271,Lakeshore Apparel Partners,SMB,outbound_sdr,Outbound SDR,Outbound,Growth,AU,Industrial Distribution,2023-07,2023-09,Pre-window (no CAC),1,0,0,0,1,2026-05,5208.0
272,CUST-00272,Pioneer Industrial Ltd,MidMarket,paid_social,Paid Social,Paid,Scale,SE,Apparel,2023-03,2023-09,Pre-window (no CAC),1,0,0,0,0,,14784.0
273,CUST-00273,Summit Wholesale LLC,SMB,paid_search,Paid Search,Paid,Growth,SE,Retail,2023-06,2023-09,Pre-window (no CAC),1,0,0,0,1,2024-03,5952.0
274,CUST-00274,Sterling Apparel Partners,MidMarket,outbound_sdr,Outbound SDR,Outbound,Scale,US,Apparel,2021-06,2023-09,Pre-window (no CAC),1,0,0,0,0,,10560.0
275,CUST-00275,Pioneer Wholesale Holdings,SMB,inbound_content,Inbound / Content,Inbound,Starter,AU,Automotive Parts,2022-08,2023-09,Pre-window (no CAC),1,0,0,0,1,2025-06,3744.0
276,CUST-00276,Granite Apparel Inc,MidMarket,paid_search,Paid Search,Paid,Scale,DE,Automotive Parts,2022-05,2023-09,Pre-window (no CAC),1,0,0,0,0,,13728.0
277,CUST-00277,Kestrel Materials Inc,SMB,paid_search,Paid Search,Paid,Growth,US,Chemicals,2021-03,2023-09,Pre-window (no CAC),1,0,0,0,0,,4464.0
278,CUST-00278,Pioneer Paper Ltd,SMB,paid_search,Paid Search,Paid,Growth,US,Industrial Distribution,2021-09,2023-09,Pre-window (no CAC),1,0,0,0,1,2024-03,5208.0
279,CUST-00279,Harbor Freight Group,MidMarket,outbound_sdr,Outbound SDR,Outbound,Scale,CA,Automotive Parts,2022-03,2023-09,Pre-window (no CAC),1,0,0,0,0,,15840.0
280,CUST-00280,Northgate Logistics Works,SMB,outbound_sdr,Outbound SDR,Outbound,Starter,US,Food & Beverage,2021-09,2023-09,Pre-window (no CAC),1,1,0,0,0,,3276.0
281,CUST-00281,Meridian Components Co,MidMarket,paid_search,Paid Search,Paid,Scale,US,Retail,2023-03,2023-09,Pre-window (no CAC),1,0,0,0,0,,10560.0
282,CUST-00282,Copper Distribution Holdings,SMB,outbound_sdr,Outbound SDR,Outbound,Starter,US,3PL,2023-06,2023-09,Pre-window (no CAC),1,0,0,0,0,,3276.0
283,CUST-00283,Dune Apparel Holdings,SMB,outbound_sdr,Outbound SDR,Outbound,Starter,US,3PL,2022-08,2023-09,Pre-window (no CAC),1,0,0,0,0,,3744.0
284,CUST-00284,Falcon Supply Group,SMB,paid_search,Paid Search,Paid,Starter,DE,Medical Devices,2021-06,2023-09,Pre-window (no CAC),1,0,0,0,1,2024-02,3744.0
285,CUST-00285,Harbor Fulfilment Holdings,SMB,events,Events / Field,Inbound,Starter,US,Industrial Distribution,2023-04,2023-09,Pre-window (no CAC),1,0,0,0,0,,1872.0
286,CUST-00286,Sterling Wholesale Inc,SMB,paid_search,Paid Search,Paid,Starter,US,Industrial Distribution,2023-08,2023-09,Pre-window (no CAC),1,0,0,0,0,,1872.0
287,CUST-00287,Cedar Packaging Partners,SMB,inbound_content,Inbound / Content,Inbound,Starter,CA,3PL,2021-10,2023-09,Pre-window (no CAC),1,0,0,0,0,,2808.0
288,CUST-00288,Granite Hardware Partners,MidMarket,paid_search,Paid Search,Paid,Scale,SE,Medical Devices,2021-07,2023-09,Pre-window (no CAC),1,0,0,0,1,2023-11,16896.0
289,CUST-00289,Granite Industrial Partners,MidMarket,outbound_sdr,Outbound SDR,Outbound,Scale,SE,Apparel,2023-07,2023-09,Pre-window (no CAC),1,0,0,0,0,,10560.0
290,CUST-00290,Iron Fulfilment LLC,SMB,inbound_content,Inbound / Content,Inbound,Starter,US,Food & Beverage,2023-05,2023-09,Pre-window (no CAC),1,1,0,0,1,2024-06,2340.0
291,CUST-00291,Meridian Foods Co,MidMarket,partner,Partner / Reseller,Partner,Scale,SE,3PL,2021-03,2023-09,Pre-window (no CAC),1,0,0,0,0,,14784.0
292,CUST-00292,Beacon Apparel Partners,SMB,inbound_content,Inbound / Content,Inbound,Growth,US,Medical Devices,2021-11,2023-09,Pre-window (no CAC),1,0,0,0,1,2025-01,4464.0
293,CUST-00293,Trident Components LLC,SMB,outbound_sdr,Outbound SDR,Outbound,Starter,SE,Food & Beverage,2022-06,2023-09,Pre-window (no CAC),1,0,0,0,1,2025-11,3744.0
294,CUST-00294,Granite Medical Supply Inc,MidMarket,paid_social,Paid Social,Paid,Scale,US,Chemicals,2023-01,2023-09,Pre-window (no CAC),1,0,0,0,0,,10560.0
295,CUST-00295,Falcon Automotive Ltd,SMB,paid_social,Paid Social,Paid,Growth,NL,Medical Devices,2023-07,2023-09,Pre-window (no CAC),1,0,0,0,0,,8928.0
296,CUST-00296,Iron Materials Group,SMB,inbound_content,Inbound / Content,Inbound,Starter,US,Industrial Distribution,2022-06,2023-09,Pre-window (no CAC),1,0,0,0,1,2024-03,3276.0
297,CUST-00297,Dune Beverage Works,SMB,outbound_sdr,Outbound SDR,Outbound,Starter,SE,Apparel,2021-05,2023-09,Pre-window (no CAC),1,0,0,0,0,,3744.0
298,CUST-00298,Copper Components Group,Enterprise,inbound_content,Inbound / Content,Inbound,Enterprise,US,Automotive Parts,2022-06,2023-09,Pre-window (no CAC),1,0,0,0,0,,56628.0
299,CUST-00299,Bright Chemicals LLC,MidMarket,events,Events / Field,Inbound,Scale,DE,3PL,2022-01,2023-09,Pre-window (no CAC),1,0,0,0,0,,12672.0
300,CUST-00300,Quarry Materials LLC,MidMarket,outbound_sdr,Outbound SDR,Outbound,Scale,DE,Retail,2023-03,2023-09,Pre-window (no CAC),1,0,0,0,0,,20064.0
301,CUST-00301,Harbor Distribution Ltd,SMB,paid_search,Paid Search,Paid,Growth,SE,Medical Devices,2021-11,2023-09,Pre-window (no CAC),1,0,0,0,1,2025-06,8184.0
302,CUST-00302,Halcyon Chemicals Group,SMB,paid_search,Paid Search,Paid,Starter,CA,Automotive Parts,2022-07,2023-09,Pre-window (no CAC),1,0,0,0,0,,3276.0
303,CUST-00303,Kestrel Freight Group,SMB,paid_search,Paid Search,Paid,Growth,CA,Automotive Parts,2021-07,2023-09,Pre-window (no CAC),1,0,0,0,1,2026-04,5208.0
304,CUST-00304,Foundry Packaging Ltd,Enterprise,paid_search,Paid Search,Paid,Enterprise,US,Retail,2022-12,2023-09,Pre-window (no CAC),1,0,0,0,0,,37752.0
305,CUST-00305,Dune Logistics Works,SMB,partner,Partner / Reseller,Partner,Starter,AU,Chemicals,2023-01,2023-09,Pre-window (no CAC),1,0,0,0,0,,3744.0
306,CUST-00306,Anchor Packaging Ltd,SMB,outbound_sdr,Outbound SDR,Outbound,Starter,DE,3PL,2022-04,2023-09,Pre-window (no CAC),1,0,0,0,1,2025-12,3744.0
307,CUST-00307,Beacon Medical Supply Holdings,MidMarket,inbound_content,Inbound / Content,Inbound,Scale,NL,Automotive Parts,2022-03,2023-09,Pre-window (no CAC),1,0,0,0,1,2024-02,10560.0
308,CUST-00308,Summit Beverage Ltd,SMB,inbound_content,Inbound / Content,Inbound,Starter,AU,Apparel,2021-12,2023-09,Pre-window (no CAC),1,0,0,0,0,,2340.0
309,CUST-00309,Trident Fulfilment Holdings,MidMarket,inbound_content,Inbound / Content,Inbound,Scale,GB,Medical Devices,2021-12,2023-09,Pre-window (no CAC),1,0,0,0,0,,10560.0
310,CUST-00310,Cedar Paper LLC,MidMarket,partner,Partner / Reseller,Partner,Scale,NL,Apparel,2022-01,2023-09,Pre-window (no CAC),1,0,0,0,0,,17952.0
311,CUST-00311,Northgate Distribution LLC,SMB,paid_social,Paid Social,Paid,Starter,US,Apparel,2022-02,2023-09,Pre-window (no CAC),1,0,0,0,0,,2808.0
312,CUST-00312,Pioneer Logistics LLC,MidMarket,paid_search,Paid Search,Paid,Scale,AU,Retail,2022-07,2023-09,Pre-window (no CAC),1,0,0,0,0,,12672.0
313,CUST-00313,Falcon Hardware Group,SMB,inbound_content,Inbound / Content,Inbound,Starter,US,Industrial Distribution,2023-05,2023-09,Pre-window (no CAC),1,0,0,0,0,,2340.0
314,CUST-00314,Trident Logistics Co,SMB,paid_search,Paid Search,Paid,Starter,SE,Chemicals,2022-02,2023-09,Pre-window (no CAC),1,0,0,0,0,,3276.0
315,CUST-00315,Willow Distribution Co,MidMarket,paid_search,Paid Search,Paid,Scale,AU,Automotive Parts,2022-01,2023-09,Pre-window (no CAC),1,0,0,0,0,,10560.0
316,CUST-00316,Granite Components Works,SMB,paid_search,Paid Search,Paid,Starter,AU,Medical Devices,2022-01,2023-09,Pre-window (no CAC),1,0,0,0,0,,3276.0
317,CUST-00317,Dune Automotive Partners,SMB,paid_search,Paid Search,Paid,Growth,SE,Automotive Parts,2021-06,2023-09,Pre-window (no CAC),1,0,0,0,0,,6696.0
318,CUST-00318,Sterling Materials Holdings,SMB,inbound_content,Inbound / Content,Inbound,Growth,AU,Industrial Distribution,2022-03,2023-09,Pre-window (no CAC),1,0,0,0,1,2026-01,5208.0
319,CUST-00319,Kestrel Hardware Inc,SMB,paid_social,Paid Social,Paid,Growth,US,Retail,2022-01,2023-09,Pre-window (no CAC),1,0,0,0,1,2026-03,5208.0
320,CUST-00320,Anchor Hardware Holdings,SMB,paid_social,Paid Social,Paid,Starter,NL,3PL,2023-05,2023-09,Pre-window (no CAC),1,0,0,0,0,,2340.0
321,CUST-00321,Copper Wholesale Ltd,SMB,partner,Partner / Reseller,Partner,Starter,US,Chemicals,2021-08,2023-09,Pre-window (no CAC),1,0,0,0,0,,1872.0
322,CUST-00322,Dune Materials Partners,SMB,outbound_sdr,Outbound SDR,Outbound,Growth,CA,Food & Beverage,2023-07,2023-09,Pre-window (no CAC),1,0,0,0,1,2024-03,5952.0
323,CUST-00323,Quarry Materials Partners,SMB,events,Events / Field,Inbound,Growth,CA,Chemicals,2023-02,2023-09,Pre-window (no CAC),1,0,0,0,1,2026-07,6696.0
324,CUST-00324,Summit Fulfilment LLC,SMB,inbound_content,Inbound / Content,Inbound,Starter,CA,Retail,2021-09,2023-09,Pre-window (no CAC),1,0,0,0,1,2025-04,1872.0
325,CUST-00325,Pioneer Automotive Ltd,SMB,partner,Partner / Reseller,Partner,Growth,US,Medical Devices,2021-08,2023-09,Pre-window (no CAC),1,0,0,0,1,2024-09,5208.0
326,CUST-00326,Falcon Distribution Co,SMB,paid_social,Paid Social,Paid,Starter,AU,Food & Beverage,2023-07,2023-09,Pre-window (no CAC),1,0,0,0,1,2024-09,3276.0
327,CUST-00327,Lakeshore Packaging LLC,SMB,partner,Partner / Reseller,Partner,Starter,NL,Retail,2022-03,2023-09,Pre-window (no CAC),1,0,0,0,0,,3744.0
328,CUST-00328,Harbor Materials Works,SMB,outbound_sdr,Outbound SDR,Outbound,Starter,NL,Food & Beverage,2021-07,2023-09,Pre-window (no CAC),1,0,0,0,0,,2808.0
329,CUST-00329,Orchard Packaging Holdings,SMB,inbound_content,Inbound / Content,Inbound,Starter,GB,Automotive Parts,2021-08,2023-09,Pre-window (no CAC),1,0,0,0,1,2025-12,3744.0
330,CUST-00330,Falcon Wholesale Ltd,SMB,outbound_sdr,Outbound SDR,Outbound,Growth,US,Automotive Parts,2022-09,2023-09,Pre-window (no CAC),1,0,0,0,1,2025-09,5952.0
331,CUST-00331,Cedar Components LLC,SMB,outbound_sdr,Outbound SDR,Outbound,Starter,US,Medical Devices,2021-08,2023-09,Pre-window (no CAC),1,0,0,0,1,2026-04,3276.0
332,CUST-00332,Bluff Supply Inc,SMB,outbound_sdr,Outbound SDR,Outbound,Starter,DE,Medical Devices,2021-12,2023-09,Pre-window (no CAC),1,0,0,0,1,2025-12,3744.0
333,CUST-00333,Lakeshore Foods Ltd,SMB,inbound_content,Inbound / Content,Inbound,Starter,US,Medical Devices,2023-03,2023-09,Pre-window (no CAC),1,0,0,0,1,2025-02,3744.0
334,CUST-00334,Bright Materials Partners,SMB,inbound_content,Inbound / Content,Inbound,Starter,US,Apparel,2023-01,2023-09,Pre-window (no CAC),1,0,0,0,0,,3276.0
335,CUST-00335,Willow Distribution Holdings,Enterprise,inbound_content,Inbound / Content,Inbound,Enterprise,GB,Automotive Parts,2023-03,2023-09,Pre-window (no CAC),1,0,0,0,1,2024-04,40656.0
336,CUST-00336,Willow Automotive Works,SMB,partner,Partner / Reseller,Partner,Growth,US,Retail,2021-12,2023-09,Pre-window (no CAC),1,0,0,0,1,2025-02,4464.0
337,CUST-00337,Meridian Automotive Partners,SMB,partner,Partner / Reseller,Partner,Starter,GB,Industrial Distribution,2021-08,2023-09,Pre-window (no CAC),1,0,0,0,0,,3744.0
338,CUST-00338,Bluff Chemicals LLC,SMB,outbound_sdr,Outbound SDR,Outbound,Growth,US,Medical Devices,2022-05,2023-09,Pre-window (no CAC),1,0,0,0,0,,6696.0
339,CUST-00339,Sterling Components Works,MidMarket,paid_social,Paid Social,Paid,Scale,DE,Apparel,2022-06,2023-09,Pre-window (no CAC),1,0,0,0,0,,34848.0
340,CUST-00340,Harbor Logistics LLC,SMB,outbound_sdr,Outbound SDR,Outbound,Starter,SE,Retail,2023-03,2023-09,Pre-window (no CAC),1,0,0,0,1,2024-03,3744.0
341,CUST-00341,Willow Wholesale Inc,SMB,partner,Partner / Reseller,Partner,Starter,CA,Medical Devices,2023-06,2023-09,Pre-window (no CAC),1,0,0,0,1,2025-10,3276.0
342,CUST-00342,Meridian Distribution Partners,SMB,inbound_content,Inbound / Content,Inbound,Scale,US,3PL,2022-05,2023-09,Pre-window (no CAC),1,1,0,0,1,2025-05,14784.0
343,CUST-00343,Trident Wholesale LLC,SMB,outbound_sdr,Outbound SDR,Outbound,Starter,US,Industrial Distribution,2021-09,2023-09,Pre-window (no CAC),1,0,0,0,1,2025-05,3744.0
344,CUST-00344,Ridge Automotive LLC,SMB,paid_social,Paid Social,Paid,Starter,DE,Industrial Distribution,2021-09,2023-09,Pre-window (no CAC),1,0,0,0,1,2025-06,2808.0
345,CUST-00345,Ridge Freight Co,SMB,inbound_content,Inbound / Content,Inbound,Growth,CA,Automotive Parts,2021-06,2023-09,Pre-window (no CAC),1,0,0,0,0,,5208.0
346,CUST-00346,Cedar Fulfilment Inc,SMB,paid_search,Paid Search,Paid,Growth,GB,Medical Devices,2022-01,2023-09,Pre-window (no CAC),1,0,0,0,0,,4464.0
347,CUST-00347,Dune Fulfilment Co,MidMarket,events,Events / Field,Inbound,Scale,GB,Industrial Distribution,2021-11,2023-09,Pre-window (no CAC),1,0,0,0,0,,10560.0
348,CUST-00348,Harbor Distribution Inc,SMB,paid_social,Paid Social,Paid,Starter,US,Apparel,2021-08,2023-09,Pre-window (no CAC),1,0,0,0,0,,3744.0
349,CUST-00349,Orchard Industrial Partners,MidMarket,outbound_sdr,Outbound SDR,Outbound,Scale,AU,3PL,2023-04,2023-09,Pre-window (no CAC),1,0,0,0,1,2024-11,10560.0
350,CUST-00350,Harbor Fulfilment Works,SMB,outbound_sdr,Outbound SDR,Outbound,Starter,CA,Industrial Distribution,2022-12,2023-09,Pre-window (no CAC),1,0,0,0,1,2023-10,1872.0
351,CUST-00351,Northgate Medical Supply Works,SMB,outbound_sdr,Outbound SDR,Outbound,Starter,US,3PL,2022-04,2023-09,Pre-window (no CAC),1,0,0,0,0,,2340.0
352,CUST-00352,Willow Wholesale Co,SMB,outbound_sdr,Outbound SDR,Outbound,Growth,DE,Chemicals,2022-02,2023-09,Pre-window (no CAC),1,0,0,0,1,2026-04,4464.0
353,CUST-00353,Summit Distribution LLC,SMB,inbound_content,Inbound / Content,Inbound,Growth,AU,Food & Beverage,2021-03,2023-09,Pre-window (no CAC),1,0,0,0,1,2024-05,5952.0
354,CUST-00354,Prairie Hardware Inc,MidMarket,outbound_sdr,Outbound SDR,Outbound,Scale,NL,3PL,2023-03,2023-09,Pre-window (no CAC),1,0,0,0,0,,15840.0
355,CUST-00355,Beacon Logistics Inc,MidMarket,inbound_content,Inbound / Content,Inbound,Scale,US,Medical Devices,2022-07,2023-09,Pre-window (no CAC),1,0,0,0,0,,19008.0
356,CUST-00356,Sterling Medical Supply Partners,SMB,paid_social,Paid Social,Paid,Growth,US,Apparel,2022-08,2023-09,Pre-window (no CAC),1,0,0,0,1,2025-11,5208.0
357,CUST-00357,Anchor Hardware Holdings,SMB,partner,Partner / Reseller,Partner,Growth,US,3PL,2022-04,2023-09,Pre-window (no CAC),1,0,0,0,0,,4464.0
358,CUST-00358,Summit Paper Group,SMB,paid_search,Paid Search,Paid,Starter,AU,Industrial Distribution,2022-11,2023-09,Pre-window (no CAC),1,0,0,0,0,,3276.0
359,CUST-00359,Summit Medical Supply Partners,MidMarket,paid_search,Paid Search,Paid,Scale,GB,Medical Devices,2022-12,2023-09,Pre-window (no CAC),1,0,0,0,0,,10560.0
360,CUST-00360,Trident Wholesale LLC,SMB,events,Events / Field,Inbound,Starter,CA,Food & Beverage,2022-07,2023-09,Pre-window (no CAC),1,0,0,0,1,2023-10,3744.0
361,CUST-00361,Prairie Industrial Ltd,SMB,events,Events / Field,Inbound,Starter,SE,Food & Beverage,2023-08,2023-09,Pre-window (no CAC),1,0,0,0,1,2024-06,3276.0
362,CUST-00362,Trident Foods Co,SMB,outbound_sdr,Outbound SDR,Outbound,Starter,AU,Retail,2023-01,2023-09,Pre-window (no CAC),1,0,0,0,0,,4212.0
363,CUST-00363,Quarry Freight Ltd,MidMarket,outbound_sdr,Outbound SDR,Outbound,Scale,US,3PL,2023-02,2023-09,Pre-window (no CAC),1,0,0,0,0,,22176.0
364,CUST-00364,Falcon Supply Co,MidMarket,paid_search,Paid Search,Paid,Scale,NL,Automotive Parts,2022-06,2023-09,Pre-window (no CAC),1,0,0,0,0,,13728.0
365,CUST-00365,Lakeshore Medical Supply Works,SMB,paid_search,Paid Search,Paid,Starter,US,Retail,2022-10,2023-09,Pre-window (no CAC),1,0,0,0,0,,4212.0
366,CUST-00366,Quarry Apparel Ltd,SMB,paid_search,Paid Search,Paid,Growth,US,Apparel,2021-05,2023-09,Pre-window (no CAC),1,0,0,0,1,2024-04,7440.0
367,CUST-00367,Quarry Logistics Works,SMB,partner,Partner / Reseller,Partner,Growth,AU,Industrial Distribution,2022-07,2023-09,Pre-window (no CAC),1,0,0,0,1,2025-08,5208.0
368,CUST-00368,Summit Distribution Ltd,SMB,paid_social,Paid Social,Paid,Scale,US,Automotive Parts,2022-03,2023-09,Pre-window (no CAC),1,1,0,0,0,,11616.0
369,CUST-00369,Prairie Chemicals Group,SMB,inbound_content,Inbound / Content,Inbound,Growth,US,3PL,2022-07,2023-09,Pre-window (no CAC),1,0,0,0,1,2025-12,4464.0
370,CUST-00370,Halcyon Chemicals Ltd,MidMarket,paid_search,Paid Search,Paid,Scale,DE,Chemicals,2021-06,2023-09,Pre-window (no CAC),1,0,0,0,0,,28512.0
371,CUST-00371,Northgate Apparel Holdings,SMB,paid_search,Paid Search,Paid,Growth,AU,Food & Beverage,2022-09,2023-09,Pre-window (no CAC),1,0,0,0,0,,4464.0
372,CUST-00372,Iron Medical Supply LLC,SMB,partner,Partner / Reseller,Partner,Starter,US,Apparel,2022-02,2023-09,Pre-window (no CAC),1,0,0,0,1,2025-12,2808.0
373,CUST-00373,Sterling Industrial LLC,MidMarket,events,Events / Field,Inbound,Scale,CA,Automotive Parts,2021-05,2023-09,Pre-window (no CAC),1,0,0,0,0,,12672.0
374,CUST-00374,Trident Beverage Inc,MidMarket,paid_search,Paid Search,Paid,Scale,CA,Food & Beverage,2023-01,2023-09,Pre-window (no CAC),1,0,0,0,0,,16896.0
375,CUST-00375,Falcon Logistics Group,Enterprise,paid_search,Paid Search,Paid,Enterprise,AU,Medical Devices,2022-05,2023-09,Pre-window (no CAC),1,0,0,0,0,,43560.0
376,CUST-00376,Northgate Hardware Partners,SMB,paid_search,Paid Search,Paid,Growth,DE,Industrial Distribution,2022-09,2023-09,Pre-window (no CAC),1,0,0,0,1,2026-02,7440.0
377,CUST-00377,Bluff Distribution Partners,SMB,outbound_sdr,Outbound SDR,Outbound,Growth,US,Chemicals,2022-11,2023-09,Pre-window (no CAC),1,0,0,0,0,,4464.0
378,CUST-00378,Summit Automotive Ltd,SMB,inbound_content,Inbound / Content,Inbound,Starter,NL,Food & Beverage,2023-05,2023-09,Pre-window (no CAC),1,0,0,0,1,2026-07,2340.0
379,CUST-00379,Trident Chemicals Holdings,MidMarket,inbound_content,Inbound / Content,Inbound,Scale,US,Retail,2022-09,2023-09,Pre-window (no CAC),1,0,0,0,0,,10560.0
380,CUST-00380,Anchor Materials Partners,SMB,inbound_content,Inbound / Content,Inbound,Starter,US,Medical Devices,2021-08,2023-09,Pre-window (no CAC),1,0,0,0,1,2023-10,1872.0
381,CUST-00381,Prairie Supply Partners,SMB,outbound_sdr,Outbound SDR,Outbound,Starter,US,Food & Beverage,2023-05,2023-09,Pre-window (no CAC),1,1,0,0,1,2025-03,3276.0
382,CUST-00382,Beacon Foods Co,MidMarket,paid_search,Paid Search,Paid,Scale,AU,Retail,2023-01,2023-09,Pre-window (no CAC),1,0,0,0,0,,20064.0
383,CUST-00383,Orchard Supply Inc,SMB,outbound_sdr,Outbound SDR,Outbound,Starter,CA,Apparel,2022-07,2023-09,Pre-window (no CAC),1,0,0,0,1,2024-12,2808.0
384,CUST-00384,Vantage Apparel Ltd,SMB,inbound_content,Inbound / Content,Inbound,Starter,SE,Chemicals,2021-06,2023-09,Pre-window (no CAC),1,0,0,0,1,2024-11,4212.0
385,CUST-00385,Ember Paper Partners,MidMarket,inbound_content,Inbound / Content,Inbound,Scale,AU,Medical Devices,2023-01,2023-09,Pre-window (no CAC),1,0,0,0,0,,10560.0
386,CUST-00386,Northgate Components Works,SMB,unattributed,Unattributed,Unknown,Starter,US,3PL,2023-04,2023-09,Pre-window (no CAC),1,0,1,0,1,2025-12,4212.0
387,CUST-00387,Harbor Packaging Ltd,SMB,paid_search,Paid Search,Paid,Starter,US,Chemicals,2022-06,2023-09,Pre-window (no CAC),1,0,0,0,1,2024-06,2340.0
388,CUST-00388,Foundry Automotive Partners,SMB,inbound_content,Inbound / Content,Inbound,Starter,US,Retail,2022-02,2023-09,Pre-window (no CAC),1,0,0,0,0,,2808.0
389,CUST-00389,Sterling Medical Supply LLC,MidMarket,inbound_content,Inbound / Content,Inbound,Scale,DE,Apparel,2021-07,2023-09,Pre-window (no CAC),1,0,0,0,0,,14784.0
390,CUST-00390,Falcon Industrial Group,SMB,paid_social,Paid Social,Paid,Starter,US,3PL,2022-09,2023-09,Pre-window (no CAC),1,0,0,0,1,2025-08,3276.0
391,CUST-00391,Ember Logistics Group,SMB,paid_search,Paid Search,Paid,Starter,CA,Medical Devices,2021-11,2023-09,Pre-window (no CAC),1,0,0,0,1,2026-08,3276.0
392,CUST-00392,Trident Freight LLC,Enterprise,partner,Partner / Reseller,Partner,Enterprise,US,Automotive Parts,2022-07,2023-09,Pre-window (no CAC),1,0,0,0,1,2024-07,75504.0
393,CUST-00393,Copper Foods Inc,SMB,paid_search,Paid Search,Paid,Growth,US,Retail,2022-03,2023-09,Pre-window (no CAC),1,0,0,0,0,,7440.0
394,CUST-00394,Kestrel Logistics LLC,SMB,partner,Partner / Reseller,Partner,Growth,US,Automotive Parts,2021-05,2023-09,Pre-window (no CAC),1,0,0,1,1,2024-11,4464.0
395,CUST-00395,Iron Logistics Inc,SMB,paid_search,Paid Search,Paid,Starter,DE,Medical Devices,2021-05,2023-09,Pre-window (no CAC),1,0,0,0,0,,2808.0
396,CUST-00396,Cedar Industrial Holdings,MidMarket,paid_search,Paid Search,Paid,Scale,US,Retail,2023-07,2023-09,Pre-window (no CAC),1,0,0,0,0,,32736.0
397,CUST-00397,Copper Industrial Works,SMB,paid_search,Paid Search,Paid,Growth,US,Medical Devices,2023-02,2023-09,Pre-window (no CAC),1,0,0,0,1,2024-07,4464.0
398,CUST-00398,Vantage Chemicals Inc,SMB,paid_search,Paid Search,Paid,Starter,DE,Medical Devices,2021-04,2023-09,Pre-window (no CAC),1,0,0,0,0,,3744.0
399,CUST-00399,Kestrel Apparel Co,SMB,events,Events / Field,Inbound,Growth,CA,Food & Beverage,2022-12,2023-09,Pre-window (no CAC),1,0,0,0,1,2025-02,5952.0
400,CUST-00400,Orchard Materials Co,SMB,paid_search,Paid Search,Paid,Growth,DE,Chemicals,2022-06,2023-09,Pre-window (no CAC),1,0,0,0,1,2024-11,7440.0
401,CUST-00401,Falcon Chemicals Inc,SMB,paid_search,Paid Search,Paid,Growth,DE,Apparel,2022-09,2023-09,Pre-window (no CAC),1,0,0,0,0,,5208.0
402,CUST-00402,Copper Automotive LLC,SMB,outbound_sdr,Outbound SDR,Outbound,Starter,DE,Industrial Distribution,2022-12,2023-09,Pre-window (no CAC),1,0,0,0,0,,4212.0
403,CUST-00403,Pioneer Automotive Works,SMB,partner,Partner / Reseller,Partner,Growth,US,Automotive Parts,2023-07,2023-09,Pre-window (no CAC),1,0,0,0,1,2025-08,4464.0
404,CUST-00404,Quarry Chemicals Group,SMB,inbound_content,Inbound / Content,Inbound,Growth,US,Industrial Distribution,2021-11,2023-09,Pre-window (no CAC),1,0,0,0,0,,4464.0
405,CUST-00405,Orchard Supply Works,MidMarket,paid_search,Paid Search,Paid,Scale,US,Retail,2022-02,2023-09,Pre-window (no CAC),1,0,0,0,0,,15840.0
406,CUST-00406,Ember Apparel Ltd,SMB,unattributed,Unattributed,Unknown,Starter,NL,Food & Beverage,2021-05,2023-09,Pre-window (no CAC),1,0,1,0,1,2025-11,2340.0
407,CUST-00407,Pioneer Beverage Co,SMB,paid_search,Paid Search,Paid,Starter,NL,Medical Devices,2023-08,2023-09,Pre-window (no CAC),1,0,0,0,0,,4212.0
408,CUST-00408,Northgate Beverage Group,SMB,inbound_content,Inbound / Content,Inbound,Growth,US,Apparel,2021-08,2023-09,Pre-window (no CAC),1,0,0,0,1,2024-05,5208.0
409,CUST-00409,Anchor Fulfilment LLC,MidMarket,paid_search,Paid Search,Paid,Scale,NL,Food & Beverage,2021-12,2023-09,Pre-window (no CAC),1,0,0,0,1,2024-08,10560.0
410,CUST-00410,Summit Beverage Co,SMB,paid_social,Paid Social,Paid,Starter,US,Food & Beverage,2022-08,2023-09,Pre-window (no CAC),1,0,0,0,1,2023-10,2808.0
411,CUST-00411,Orchard Fulfilment Group,SMB,paid_search,Paid Search,Paid,Growth,CA,Medical Devices,2022-07,2023-09,Pre-window (no CAC),1,0,0,0,1,2026-01,5208.0
412,CUST-00412,Lakeshore Industrial Inc,SMB,partner,Partner / Reseller,Partner,Starter,NL,Apparel,2022-02,2023-09,Pre-window (no CAC),1,1,0,0,1,2024-05,2340.0
413,CUST-00413,Ember Medical Supply Ltd,SMB,paid_search,Paid Search,Paid,Starter,SE,Chemicals,2021-12,2023-09,Pre-window (no CAC),1,0,0,0,1,2024-02,3276.0
414,CUST-00414,Bright Packaging Works,MidMarket,paid_search,Paid Search,Paid,Scale,CA,Industrial Distribution,2023-08,2023-09,Pre-window (no CAC),1,0,0,0,0,,12672.0
415,CUST-00415,Vantage Automotive Ltd,SMB,events,Events / Field,Inbound,Growth,US,Food & Beverage,2021-08,2023-09,Pre-window (no CAC),1,0,0,0,0,,5208.0
416,CUST-00416,Willow Packaging Partners,SMB,inbound_content,Inbound / Content,Inbound,Growth,US,Medical Devices,2021-10,2023-09,Pre-window (no CAC),1,0,0,0,1,2024-12,5952.0
417,CUST-00417,Meridian Packaging LLC,SMB,partner,Partner / Reseller,Partner,Growth,US,Retail,2022-02,2023-09,Pre-window (no CAC),1,0,0,0,1,2023-12,4464.0
418,CUST-00418,Ridge Beverage Partners,MidMarket,paid_search,Paid Search,Paid,Scale,US,Food & Beverage,2021-11,2023-09,Pre-window (no CAC),1,0,0,0,1,2025-12,10560.0
419,CUST-00419,Orchard Supply Co,SMB,paid_search,Paid Search,Paid,Starter,CA,Industrial Distribution,2023-04,2023-09,Pre-window (no CAC),1,0,0,0,1,2024-03,3276.0
420,CUST-00420,Bright Medical Supply Works,SMB,paid_search,Paid Search,Paid,Starter,US,Industrial Distribution,2022-01,2023-09,Pre-window (no CAC),1,0,0,0,1,2024-06,3276.0
421,CUST-00421,Bright Apparel LLC,SMB,paid_search,Paid Search,Paid,Growth,NL,Food & Beverage,2023-04,2023-09,Pre-window (no CAC),1,0,0,0,0,,4464.0
422,CUST-00422,Anchor Medical Supply Holdings,SMB,partner,Partner / Reseller,Partner,Starter,CA,Industrial Distribution,2022-10,2023-09,Pre-window (no CAC),1,1,0,0,0,,4212.0
423,CUST-00423,Willow Fulfilment Partners,SMB,paid_search,Paid Search,Paid,Starter,NL,Retail,2023-05,2023-09,Pre-window (no CAC),1,0,0,0,0,,3744.0
424,CUST-00424,Granite Materials Co,SMB,paid_search,Paid Search,Paid,Growth,CA,Chemicals,2023-05,2023-09,Pre-window (no CAC),1,0,0,0,0,,4464.0
425,CUST-00425,Quarry Medical Supply Group,Enterprise,inbound_content,Inbound / Content,Inbound,Enterprise,US,3PL,2023-07,2023-09,Pre-window (no CAC),1,0,0,0,0,,68244.0
426,CUST-00426,Orchard Packaging LLC,SMB,events,Events / Field,Inbound,Growth,US,Automotive Parts,2023-08,2023-09,Pre-window (no CAC),1,0,0,0,1,2026-08,6696.0
427,CUST-00427,Willow Packaging Holdings,MidMarket,paid_social,Paid Social,Paid,Scale,US,Retail,2023-04,2023-09,Pre-window (no CAC),1,0,0,0,0,,10560.0
428,CUST-00428,Ridge Apparel Holdings,SMB,inbound_content,Inbound / Content,Inbound,Starter,AU,3PL,2023-06,2023-09,Pre-window (no CAC),1,0,0,0,1,2026-06,3276.0
429,CUST-00429,Bluff Foods Inc,SMB,inbound_content,Inbound / Content,Inbound,Starter,GB,Retail,2023-05,2023-09,Pre-window (no CAC),1,0,0,0,1,2024-11,1872.0
430,CUST-00430,Anchor Foods Inc,MidMarket,events,Events / Field,Inbound,Scale,AU,Chemicals,2022-02,2023-09,Pre-window (no CAC),1,0,0,0,1,2024-07,11616.0
431,CUST-00431,Falcon Components Ltd,SMB,inbound_content,Inbound / Content,Inbound,Growth,CA,Industrial Distribution,2022-04,2023-09,Pre-window (no CAC),1,0,0,0,1,2026-01,4464.0
432,CUST-00432,Sterling Hardware Ltd,SMB,inbound_content,Inbound / Content,Inbound,Growth,GB,Automotive Parts,2023-06,2023-09,Pre-window (no CAC),1,0,0,0,1,2024-09,5952.0
433,CUST-00433,Ridge Beverage LLC,SMB,paid_social,Paid Social,Paid,Growth,US,Retail,2022-08,2023-09,Pre-window (no CAC),1,0,0,0,1,2025-03,5952.0
434,CUST-00434,Granite Components Works,MidMarket,outbound_sdr,Outbound SDR,Outbound,Scale,AU,Food & Beverage,2021-04,2023-09,Pre-window (no CAC),1,0,0,0,0,,17952.0
435,CUST-00435,Kestrel Fulfilment Partners,SMB,outbound_sdr,Outbound SDR,Outbound,Starter,US,Retail,2021-12,2023-09,Pre-window (no CAC),1,0,0,0,1,2025-04,2808.0
436,CUST-00436,Ember Wholesale LLC,SMB,paid_search,Paid Search,Paid,Growth,NL,Retail,2021-09,2023-09,Pre-window (no CAC),1,0,0,0,1,2026-05,4464.0
437,CUST-00437,Sterling Freight LLC,MidMarket,partner,Partner / Reseller,Partner,Enterprise,US,Apparel,2022-07,2023-09,Pre-window (no CAC),1,1,0,0,0,,39204.0
438,CUST-00438,Northgate Automotive Inc,SMB,paid_search,Paid Search,Paid,Starter,CA,Apparel,2021-06,2023-09,Pre-window (no CAC),1,0,0,0,0,,1872.0
439,CUST-00439,Trident Foods LLC,SMB,outbound_sdr,Outbound SDR,Outbound,Starter,US,Medical Devices,2022-06,2023-09,Pre-window (no CAC),1,0,0,0,0,,2808.0
440,CUST-00440,Lakeshore Hardware Holdings,SMB,partner,Partner / Reseller,Partner,Starter,US,Industrial Distribution,2021-09,2023-09,Pre-window (no CAC),1,1,0,0,1,2023-12,3276.0
441,CUST-00441,Harbor Supply Ltd,SMB,inbound_content,Inbound / Content,Inbound,Starter,AU,Retail,2023-08,2023-09,Pre-window (no CAC),1,0,0,0,1,2023-10,1872.0
442,CUST-00442,Prairie Medical Supply Ltd,SMB,inbound_content,Inbound / Content,Inbound,Starter,GB,3PL,2022-01,2023-09,Pre-window (no CAC),1,0,0,0,0,,1872.0
443,CUST-00443,Willow Materials Ltd,MidMarket,inbound_content,Inbound / Content,Inbound,Scale,AU,Apparel,2023-03,2023-09,Pre-window (no CAC),1,0,0,0,1,2024-02,16896.0
444,CUST-00444,Kestrel Packaging LLC,SMB,paid_search,Paid Search,Paid,Starter,AU,Food & Beverage,2021-05,2023-09,Pre-window (no CAC),1,0,0,0,0,,3276.0
445,CUST-00445,Northgate Freight Group,SMB,paid_search,Paid Search,Paid,Starter,US,Industrial Distribution,2021-08,2023-09,Pre-window (no CAC),1,0,0,0,0,,3276.0
446,CUST-00446,Beacon Foods Inc,MidMarket,partner,Partner / Reseller,Partner,Scale,AU,3PL,2021-03,2023-09,Pre-window (no CAC),1,0,0,0,0,,10560.0
447,CUST-00447,Lakeshore Logistics Group,SMB,inbound_content,Inbound / Content,Inbound,Growth,NL,Medical Devices,2023-08,2023-09,Pre-window (no CAC),1,0,0,0,1,2025-08,8928.0
448,CUST-00448,Orchard Freight Holdings,SMB,paid_search,Paid Search,Paid,Growth,SE,Automotive Parts,2021-03,2023-09,Pre-window (no CAC),1,0,0,0,1,2025-03,5208.0
449,CUST-00449,Meridian Medical Supply Ltd,SMB,events,Events / Field,Inbound,Starter,GB,Chemicals,2021-03,2023-09,Pre-window (no CAC),1,1,0,0,1,2024-09,2808.0
450,CUST-00450,Halcyon Fulfilment Group,SMB,paid_search,Paid Search,Paid,Growth,GB,Apparel,2022-12,2023-09,Pre-window (no CAC),1,0,0,0,0,,5208.0
451,CUST-00451,Anchor Distribution Holdings,Enterprise,outbound_sdr,Outbound SDR,Outbound,Enterprise,GB,3PL,2022-12,2023-09,Pre-window (no CAC),1,0,0,0,0,,29040.0
452,CUST-00452,Halcyon Beverage Inc,SMB,paid_social,Paid Social,Paid,Growth,NL,Industrial Distribution,2022-10,2023-09,Pre-window (no CAC),1,0,0,0,0,,4464.0
453,CUST-00453,Anchor Logistics Co,MidMarket,paid_search,Paid Search,Paid,Scale,SE,Apparel,2023-09,2023-09,In-window,0,0,0,0,1,2026-04,26400.0
454,CUST-00454,Trident Medical Supply Partners,SMB,paid_search,Paid Search,Paid,Growth,US,Chemicals,2023-09,2023-09,In-window,0,0,0,0,0,,4464.0
455,CUST-00455,Northgate Paper Group,MidMarket,paid_search,Paid Search,Paid,Scale,US,Medical Devices,2023-09,2023-09,In-window,0,0,0,0,0,,41184.0
456,CUST-00456,Granite Wholesale Works,MidMarket,outbound_sdr,Outbound SDR,Outbound,Scale,US,Food & Beverage,2023-09,2023-09,In-window,0,0,0,0,0,,22176.0
457,CUST-00457,Sterling Chemicals Holdings,MidMarket,outbound_sdr,Outbound SDR,Outbound,Scale,US,Chemicals,2023-09,2023-09,In-window,0,0,0,0,1,2024-08,26400.0
458,CUST-00458,Copper Fulfilment Inc,SMB,outbound_sdr,Outbound SDR,Outbound,Growth,SE,Apparel,2023-09,2023-09,In-window,0,0,0,0,0,,7440.0
459,CUST-00459,Foundry Components Co,SMB,paid_search,Paid Search,Paid,Growth,AU,Apparel,2023-10,2023-10,In-window,0,0,0,0,1,2024-02,4464.0
460,CUST-00460,Sterling Supply Works,SMB,paid_search,Paid Search,Paid,Growth,US,Medical Devices,2023-10,2023-10,In-window,0,0,0,0,1,2025-04,5208.0
461,CUST-00461,Pioneer Medical Supply Ltd,SMB,paid_search,Paid Search,Paid,Growth,US,Automotive Parts,2023-10,2023-10,In-window,0,0,0,0,0,,8928.0
462,CUST-00462,Harbor Hardware Holdings,MidMarket,partner,Partner / Reseller,Partner,Scale,US,Food & Beverage,2023-10,2023-10,In-window,0,0,0,0,0,,26400.0
463,CUST-00463,Orchard Logistics Partners,SMB,paid_search,Paid Search,Paid,Growth,US,3PL,2023-11,2023-11,In-window,0,0,0,0,1,2024-02,6696.0
464,CUST-00464,Kestrel Beverage Co,MidMarket,paid_search,Paid Search,Paid,Scale,US,3PL,2023-11,2023-11,In-window,0,0,0,0,0,,46464.0
465,CUST-00465,Cedar Logistics Group,MidMarket,paid_search,Paid Search,Paid,Scale,NL,Automotive Parts,2023-11,2023-11,In-window,0,0,0,0,0,,23232.0
466,CUST-00466,Orchard Distribution Works,MidMarket,paid_search,Paid Search,Paid,Scale,GB,Automotive Parts,2023-11,2023-11,In-window,0,0,0,1,0,,26400.0
467,CUST-00467,Bright Materials Inc,SMB,paid_search,Paid Search,Paid,Growth,SE,Apparel,2023-11,2023-11,In-window,0,0,0,0,1,2025-07,7440.0
468,CUST-00468,Beacon Materials Inc,SMB,unattributed,Unattributed,Unknown,Growth,GB,Automotive Parts,2023-11,2023-11,In-window,0,0,1,0,0,,7440.0
469,CUST-00469,Sterling Packaging Holdings,SMB,paid_search,Paid Search,Paid,Growth,AU,3PL,2023-12,2023-12,In-window,0,0,0,0,1,2026-04,5952.0
470,CUST-00470,Granite Logistics Ltd,SMB,paid_social,Paid Social,Paid,Growth,US,Chemicals,2023-12,2023-12,In-window,0,0,0,0,1,2025-03,5952.0
471,CUST-00471,Prairie Distribution Ltd,SMB,paid_social,Paid Social,Paid,Growth,SE,Food & Beverage,2023-12,2023-12,In-window,0,0,0,0,1,2025-03,8184.0
472,CUST-00472,Prairie Materials Works,SMB,paid_search,Paid Search,Paid,Growth,NL,3PL,2024-01,2024-01,In-window,0,0,0,0,1,2024-10,5208.0
473,CUST-00473,Orchard Materials Ltd,SMB,paid_search,Paid Search,Paid,Growth,US,Automotive Parts,2024-01,2024-01,In-window,0,0,0,0,0,,5952.0
474,CUST-00474,Prairie Automotive Works,SMB,paid_search,Paid Search,Paid,Growth,NL,Medical Devices,2024-01,2024-01,In-window,0,0,0,0,1,2024-03,5952.0
475,CUST-00475,Harbor Distribution LLC,MidMarket,paid_search,Paid Search,Paid,Scale,CA,Industrial Distribution,2024-01,2024-01,In-window,0,0,0,0,0,,28512.0
476,CUST-00476,Trident Freight Holdings,Enterprise,inbound_content,Inbound / Content,Inbound,Enterprise,US,Chemicals,2024-01,2024-01,In-window,0,0,0,0,0,,60984.0
477,CUST-00477,Foundry Beverage LLC,MidMarket,outbound_sdr,Outbound SDR,Outbound,Scale,NL,Industrial Distribution,2024-01,2024-01,In-window,0,0,0,0,0,,22176.0
478,CUST-00478,Pioneer Chemicals Holdings,Enterprise,paid_search,Paid Search,Paid,Enterprise,US,Automotive Parts,2024-02,2024-02,In-window,0,0,0,0,0,,113256.0
479,CUST-00479,Orchard Components Works,Enterprise,paid_search,Paid Search,Paid,Enterprise,US,Retail,2024-03,2024-03,In-window,0,0,0,0,0,,72600.0
480,CUST-00480,Falcon Hardware LLC,MidMarket,paid_search,Paid Search,Paid,Scale,US,Medical Devices,2024-03,2024-03,In-window,0,0,0,0,0,,29568.0
481,CUST-00481,Quarry Hardware Group,SMB,paid_search,Paid Search,Paid,Growth,AU,Retail,2024-03,2024-03,In-window,0,0,0,0,0,,11160.0
482,CUST-00482,Northgate Chemicals Inc,Enterprise,paid_search,Paid Search,Paid,Enterprise,US,Chemicals,2024-03,2024-03,In-window,0,0,0,0,0,,69696.0
483,CUST-00483,Northgate Apparel Works,MidMarket,inbound_content,Inbound / Content,Inbound,Scale,US,Industrial Distribution,2024-03,2024-03,In-window,0,0,0,0,1,2024-05,51744.0
484,CUST-00484,Prairie Materials Group,SMB,outbound_sdr,Outbound SDR,Outbound,Growth,US,Automotive Parts,2024-03,2024-03,In-window,0,0,0,0,0,,6696.0
485,CUST-00485,Orchard Supply Works,SMB,paid_search,Paid Search,Paid,Growth,SE,3PL,2024-04,2024-04,In-window,0,0,0,0,0,,6696.0
486,CUST-00486,Bluff Packaging Co,MidMarket,paid_search,Paid Search,Paid,Scale,AU,Medical Devices,2024-04,2024-04,In-window,0,0,0,0,0,,23232.0
487,CUST-00487,Willow Distribution Holdings,MidMarket,paid_search,Paid Search,Paid,Scale,AU,3PL,2024-04,2024-04,In-window,0,0,0,0,0,,23232.0
488,CUST-00488,Prairie Components Works,SMB,paid_search,Paid Search,Paid,Growth,SE,Medical Devices,2024-04,2024-04,In-window,0,0,0,0,0,,5952.0
489,CUST-00489,Vantage Logistics Inc,SMB,paid_social,Paid Social,Paid,Growth,US,Chemicals,2024-04,2024-04,In-window,0,0,0,0,1,2026-04,9672.0
490,CUST-00490,Pioneer Packaging LLC,MidMarket,outbound_sdr,Outbound SDR,Outbound,Scale,GB,Industrial Distribution,2024-04,2024-04,In-window,0,0,0,0,0,,24288.0
491,CUST-00491,Falcon Automotive Works,MidMarket,outbound_sdr,Outbound SDR,Outbound,Scale,CA,3PL,2024-04,2024-04,In-window,0,0,0,0,0,,21120.0
492,CUST-00492,Granite Distribution Works,MidMarket,outbound_sdr,Outbound SDR,Outbound,Scale,US,Automotive Parts,2024-04,2024-04,In-window,0,0,0,0,0,,38016.0
493,CUST-00493,Meridian Beverage Inc,MidMarket,outbound_sdr,Outbound SDR,Outbound,Scale,US,Apparel,2024-04,2024-04,In-window,0,0,0,0,0,,26400.0
494,CUST-00494,Lakeshore Packaging Group,SMB,paid_search,Paid Search,Paid,Growth,CA,3PL,2024-05,2024-05,In-window,0,0,0,0,0,,8928.0
495,CUST-00495,Quarry Beverage Holdings,SMB,unattributed,Unattributed,Unknown,Growth,US,Medical Devices,2024-05,2024-05,In-window,0,0,1,0,0,,7440.0
496,CUST-00496,Trident Supply Partners,SMB,paid_search,Paid Search,Paid,Growth,GB,Automotive Parts,2024-05,2024-05,In-window,0,0,0,0,0,,12648.0
497,CUST-00497,Foundry Chemicals Partners,SMB,paid_search,Paid Search,Paid,Growth,US,Food & Beverage,2024-05,2024-05,In-window,0,0,0,0,0,,6696.0
498,CUST-00498,Beacon Freight Partners,MidMarket,paid_search,Paid Search,Paid,Scale,DE,Food & Beverage,2024-05,2024-05,In-window,0,0,0,0,0,,11616.0
499,CUST-00499,Lakeshore Beverage Holdings,SMB,inbound_content,Inbound / Content,Inbound,Growth,US,Food & Beverage,2024-05,2024-05,In-window,0,0,0,0,0,,9672.0
500,CUST-00500,Trident Wholesale Ltd,MidMarket,outbound_sdr,Outbound SDR,Outbound,Scale,SE,Apparel,2024-05,2024-05,In-window,0,0,0,0,0,,26400.0
501,CUST-00501,Quarry Medical Supply Inc,MidMarket,partner,Partner / Reseller,Partner,Scale,AU,Retail,2024-05,2024-05,In-window,0,0,0,0,1,2024-07,21120.0
502,CUST-00502,Foundry Paper Inc,SMB,paid_search,Paid Search,Paid,Growth,GB,3PL,2024-06,2024-06,In-window,0,0,0,0,0,,5952.0
503,CUST-00503,Orchard Automotive Partners,MidMarket,paid_search,Paid Search,Paid,Scale,AU,Industrial Distribution,2024-06,2024-06,In-window,0,0,0,0,0,,15840.0
504,CUST-00504,Lakeshore Automotive Group,SMB,paid_search,Paid Search,Paid,Starter,US,Chemicals,2024-06,2024-06,In-window,0,0,0,0,1,2026-06,4212.0
505,CUST-00505,Northgate Wholesale Partners,MidMarket,inbound_content,Inbound / Content,Inbound,Scale,GB,Chemicals,2024-06,2024-06,In-window,0,0,0,0,0,,21120.0
506,CUST-00506,Northgate Chemicals LLC,SMB,paid_search,Paid Search,Paid,Growth,SE,Automotive Parts,2024-07,2024-07,In-window,0,0,0,0,1,2025-10,11160.0
507,CUST-00507,Meridian Automotive Ltd,SMB,paid_search,Paid Search,Paid,Growth,SE,Food & Beverage,2024-07,2024-07,In-window,0,0,0,0,0,,4464.0
508,CUST-00508,Granite Automotive Inc,Enterprise,outbound_sdr,Outbound SDR,Outbound,Enterprise,US,3PL,2024-07,2024-07,In-window,0,0,0,0,0,,98736.0
509,CUST-00509,Copper Beverage LLC,MidMarket,outbound_sdr,Outbound SDR,Outbound,Scale,GB,Apparel,2024-07,2024-07,In-window,0,0,0,0,0,,39072.0
510,CUST-00510,Beacon Components Partners,MidMarket,partner,Partner / Reseller,Partner,Scale,GB,Food & Beverage,2024-07,2024-07,In-window,0,0,0,0,0,,26400.0
511,CUST-00511,Dune Packaging Inc,SMB,paid_search,Paid Search,Paid,Growth,US,Medical Devices,2024-08,2024-08,In-window,0,0,0,0,1,2026-04,10416.0
512,CUST-00512,Dune Foods Co,MidMarket,inbound_content,Inbound / Content,Inbound,Scale,GB,3PL,2024-08,2024-08,In-window,0,0,0,0,1,2025-07,26400.0
513,CUST-00513,Vantage Components LLC,SMB,inbound_content,Inbound / Content,Inbound,Growth,US,Food & Beverage,2024-08,2024-08,In-window,0,0,0,0,1,2025-01,5952.0
514,CUST-00514,Meridian Apparel LLC,MidMarket,outbound_sdr,Outbound SDR,Outbound,Scale,SE,Industrial Distribution,2024-08,2024-08,In-window,0,0,0,0,0,,27456.0
515,CUST-00515,Willow Wholesale Group,SMB,partner,Partner / Reseller,Partner,Growth,US,Industrial Distribution,2024-08,2024-08,In-window,0,0,0,0,1,2025-09,6696.0
516,CUST-00516,Dune Supply Holdings,MidMarket,paid_search,Paid Search,Paid,Scale,SE,Food & Beverage,2024-09,2024-09,In-window,0,0,0,0,0,,19008.0
517,CUST-00517,Summit Paper Works,SMB,paid_search,Paid Search,Paid,Growth,US,Industrial Distribution,2024-09,2024-09,In-window,0,0,0,0,1,2025-03,4464.0
518,CUST-00518,Halcyon Logistics Group,SMB,paid_search,Paid Search,Paid,Growth,NL,Chemicals,2024-09,2024-09,In-window,0,0,0,0,0,,10416.0
519,CUST-00519,Orchard Industrial Ltd,MidMarket,paid_search,Paid Search,Paid,Scale,US,Medical Devices,2024-09,2024-09,In-window,0,0,0,0,1,2026-05,25344.0
520,CUST-00520,Willow Paper Inc,SMB,paid_search,Paid Search,Paid,Growth,US,Apparel,2024-09,2024-09,In-window,0,0,0,0,0,,6696.0
521,CUST-00521,Prairie Packaging Holdings,SMB,paid_search,Paid Search,Paid,Growth,SE,Retail,2024-09,2024-09,In-window,0,0,0,0,0,,6696.0
522,CUST-00522,Halcyon Hardware LLC,SMB,paid_search,Paid Search,Paid,Growth,AU,Food & Beverage,2024-09,2024-09,In-window,0,0,0,0,0,,10416.0
523,CUST-00523,Cedar Beverage Inc,SMB,paid_social,Paid Social,Paid,Growth,US,3PL,2024-09,2024-09,In-window,0,0,0,0,0,,12648.0
524,CUST-00524,Trident Wholesale Partners,SMB,paid_social,Paid Social,Paid,Growth,CA,3PL,2024-09,2024-09,In-window,0,0,0,0,0,,8928.0
525,CUST-00525,Pioneer Materials LLC,SMB,inbound_content,Inbound / Content,Inbound,Growth,US,Medical Devices,2024-09,2024-09,In-window,0,0,0,0,1,2025-09,11160.0
526,CUST-00526,Sterling Wholesale Inc,SMB,inbound_content,Inbound / Content,Inbound,Growth,SE,Chemicals,2024-09,2024-09,In-window,0,0,0,0,1,2024-11,6696.0
527,CUST-00527,Bright Industrial Co,MidMarket,outbound_sdr,Outbound SDR,Outbound,Scale,US,Apparel,2024-09,2024-09,In-window,0,0,0,0,0,,28512.0
528,CUST-00528,Meridian Distribution Group,SMB,paid_search,Paid Search,Paid,Growth,NL,Retail,2024-10,2024-10,In-window,0,0,0,0,0,,8184.0
529,CUST-00529,Willow Apparel Ltd,SMB,paid_search,Paid Search,Paid,Growth,GB,Chemicals,2024-10,2024-10,In-window,0,0,0,0,0,,5208.0
530,CUST-00530,Harbor Paper Ltd,SMB,paid_search,Paid Search,Paid,Growth,AU,Automotive Parts,2024-10,2024-10,In-window,0,0,0,0,1,2025-02,5208.0
531,CUST-00531,Iron Apparel Ltd,SMB,unattributed,Unattributed,Unknown,Growth,NL,Chemicals,2024-10,2024-10,In-window,0,0,1,0,1,2025-06,8184.0
532,CUST-00532,Prairie Components Ltd,SMB,paid_social,Paid Social,Paid,Growth,GB,Industrial Distribution,2024-10,2024-10,In-window,0,0,0,0,1,2026-02,5952.0
533,CUST-00533,Cedar Materials LLC,MidMarket,inbound_content,Inbound / Content,Inbound,Scale,US,Food & Beverage,2024-10,2024-10,In-window,0,0,0,0,0,,85536.0
534,CUST-00534,Northgate Hardware Inc,MidMarket,inbound_content,Inbound / Content,Inbound,Scale,US,Automotive Parts,2024-10,2024-10,In-window,0,0,0,0,0,,30624.0
535,CUST-00535,Foundry Foods Ltd,MidMarket,outbound_sdr,Outbound SDR,Outbound,Scale,US,Food & Beverage,2024-10,2024-10,In-window,0,0,0,0,0,,26400.0
536,CUST-00536,Meridian Automotive Works,SMB,paid_search,Paid Search,Paid,Growth,US,Automotive Parts,2024-11,2024-11,In-window,0,0,0,0,1,2025-10,4464.0
537,CUST-00537,Quarry Industrial Holdings,SMB,paid_search,Paid Search,Paid,Growth,GB,Automotive Parts,2024-11,2024-11,In-window,0,0,0,0,0,,5952.0
538,CUST-00538,Harbor Beverage Works,SMB,paid_social,Paid Social,Paid,Growth,DE,Chemicals,2024-11,2024-11,In-window,0,0,0,0,1,2026-03,11904.0
539,CUST-00539,Quarry Logistics Inc,MidMarket,outbound_sdr,Outbound SDR,Outbound,Scale,US,Retail,2024-11,2024-11,In-window,0,0,0,0,0,,34848.0
540,CUST-00540,Vantage Wholesale Ltd,SMB,outbound_sdr,Outbound SDR,Outbound,Growth,US,Retail,2024-11,2024-11,In-window,0,0,0,0,0,,6696.0
541,CUST-00541,Prairie Fulfilment Ltd,MidMarket,outbound_sdr,Outbound SDR,Outbound,Scale,AU,Chemicals,2024-11,2024-11,In-window,0,0,0,0,0,,17952.0
542,CUST-00542,Bluff Distribution Holdings,MidMarket,partner,Partner / Reseller,Partner,Scale,US,Chemicals,2024-11,2024-11,In-window,0,0,0,0,0,,27456.0
543,CUST-00543,Granite Logistics LLC,SMB,paid_search,Paid Search,Paid,Growth,GB,3PL,2024-12,2024-12,In-window,0,0,0,0,1,2025-02,9672.0
544,CUST-00544,Dune Distribution Ltd,SMB,paid_search,Paid Search,Paid,Growth,AU,Medical Devices,2024-12,2024-12,In-window,0,0,0,0,0,,9672.0
545,CUST-00545,Prairie Wholesale Ltd,SMB,paid_search,Paid Search,Paid,Growth,US,Apparel,2024-12,2024-12,In-window,0,0,0,0,0,,5952.0
546,CUST-00546,Sterling Supply Holdings,SMB,paid_social,Paid Social,Paid,Growth,US,3PL,2024-12,2024-12,In-window,0,0,0,0,1,2025-03,5208.0
547,CUST-00547,Falcon Industrial LLC,SMB,paid_social,Paid Social,Paid,Growth,SE,Industrial Distribution,2024-12,2024-12,In-window,0,0,0,0,1,2025-07,4464.0
548,CUST-00548,Kestrel Chemicals Co,SMB,paid_social,Paid Social,Paid,Growth,NL,3PL,2024-12,2024-12,In-window,0,0,0,0,1,2025-10,7440.0
549,CUST-00549,Halcyon Freight Co,SMB,paid_social,Paid Social,Paid,Starter,US,Retail,2024-12,2024-12,In-window,0,0,0,0,1,2025-08,3744.0
550,CUST-00550,Harbor Industrial Inc,MidMarket,outbound_sdr,Outbound SDR,Outbound,Scale,US,Chemicals,2024-12,2024-12,In-window,0,0,0,0,0,,26400.0
551,CUST-00551,Falcon Automotive Partners,SMB,paid_search,Paid Search,Paid,Growth,US,Retail,2025-01,2025-01,In-window,0,0,0,0,1,2026-04,13392.0
552,CUST-00552,Sterling Supply Partners,MidMarket,paid_search,Paid Search,Paid,Scale,US,Industrial Distribution,2025-01,2025-01,In-window,0,0,0,0,0,,46464.0
553,CUST-00553,Willow Apparel Holdings,SMB,paid_search,Paid Search,Paid,Growth,GB,Chemicals,2025-01,2025-01,In-window,0,0,0,0,0,,7440.0
554,CUST-00554,Cedar Apparel Inc,SMB,paid_search,Paid Search,Paid,Growth,AU,Food & Beverage,2025-01,2025-01,In-window,0,0,0,0,0,,7440.0
555,CUST-00555,Copper Beverage Partners,MidMarket,paid_search,Paid Search,Paid,Scale,SE,Medical Devices,2025-01,2025-01,In-window,0,0,0,0,0,,10560.0
556,CUST-00556,Granite Packaging Partners,SMB,paid_search,Paid Search,Paid,Growth,US,Apparel,2025-01,2025-01,In-window,0,0,0,0,1,2025-06,4464.0
557,CUST-00557,Vantage Apparel LLC,SMB,inbound_content,Inbound / Content,Inbound,Growth,US,Medical Devices,2025-01,2025-01,In-window,0,0,0,0,0,,6696.0
558,CUST-00558,Bright Apparel Partners,MidMarket,outbound_sdr,Outbound SDR,Outbound,Scale,DE,Food & Beverage,2025-01,2025-01,In-window,0,0,0,0,1,2026-04,14784.0
559,CUST-00559,Quarry Industrial LLC,Enterprise,outbound_sdr,Outbound SDR,Outbound,Enterprise,US,Automotive Parts,2025-01,2025-01,In-window,0,0,0,0,0,,34848.0
560,CUST-00560,Harbor Supply Partners,SMB,paid_search,Paid Search,Paid,Growth,NL,Chemicals,2025-02,2025-02,In-window,0,0,0,0,0,,6696.0
561,CUST-00561,Orchard Apparel Holdings,SMB,paid_search,Paid Search,Paid,Growth,GB,Industrial Distribution,2025-02,2025-02,In-window,0,0,0,0,0,,7440.0
562,CUST-00562,Sterling Freight Inc,SMB,paid_search,Paid Search,Paid,Growth,CA,Chemicals,2025-02,2025-02,In-window,0,0,0,0,1,2025-09,7440.0
563,CUST-00563,Orchard Medical Supply Ltd,SMB,paid_search,Paid Search,Paid,Growth,GB,Industrial Distribution,2025-02,2025-02,In-window,0,0,0,0,0,,6696.0
564,CUST-00564,Ember Distribution LLC,MidMarket,paid_search,Paid Search,Paid,Scale,AU,Food & Beverage,2025-02,2025-02,In-window,0,0,0,0,1,2025-05,13728.0
565,CUST-00565,Summit Packaging Group,SMB,paid_search,Paid Search,Paid,Growth,AU,Food & Beverage,2025-02,2025-02,In-window,0,0,0,0,1,2026-04,5952.0
566,CUST-00566,Lakeshore Wholesale Co,SMB,paid_social,Paid Social,Paid,Growth,US,3PL,2025-02,2025-02,In-window,0,0,0,0,1,2025-05,9672.0
567,CUST-00567,Trident Industrial Inc,SMB,paid_social,Paid Social,Paid,Growth,SE,Automotive Parts,2025-02,2025-02,In-window,0,0,0,0,1,2026-03,5952.0
568,CUST-00568,Halcyon Distribution Inc,SMB,inbound_content,Inbound / Content,Inbound,Growth,NL,Food & Beverage,2025-02,2025-02,In-window,0,0,0,0,0,,5208.0
569,CUST-00569,Iron Apparel Holdings,Enterprise,outbound_sdr,Outbound SDR,Outbound,Enterprise,GB,Automotive Parts,2025-02,2025-02,In-window,0,0,0,0,0,,171336.0
570,CUST-00570,Ember Packaging Inc,Enterprise,outbound_sdr,Outbound SDR,Outbound,Enterprise,US,Food & Beverage,2025-02,2025-02,In-window,0,0,0,0,0,,59532.0
571,CUST-00571,Summit Apparel Co,MidMarket,partner,Partner / Reseller,Partner,Scale,DE,3PL,2025-02,2025-02,In-window,0,0,0,0,0,,20064.0
572,CUST-00572,Summit Hardware Inc,SMB,paid_search,Paid Search,Paid,Growth,NL,Chemicals,2025-03,2025-03,In-window,0,0,0,0,1,2025-09,8184.0
573,CUST-00573,Trident Logistics Co,SMB,paid_search,Paid Search,Paid,Growth,SE,Apparel,2025-03,2025-03,In-window,0,0,0,0,1,2025-12,8184.0
574,CUST-00574,Bluff Supply LLC,SMB,paid_search,Paid Search,Paid,Growth,NL,3PL,2025-03,2025-03,In-window,0,0,0,0,0,,5952.0
575,CUST-00575,Summit Medical Supply Works,SMB,paid_search,Paid Search,Paid,Growth,AU,Retail,2025-03,2025-03,In-window,0,0,0,0,1,2026-01,5208.0
576,CUST-00576,Cedar Fulfilment Inc,SMB,paid_social,Paid Social,Paid,Growth,US,Medical Devices,2025-03,2025-03,In-window,0,0,0,0,1,2025-06,4464.0
577,CUST-00577,Lakeshore Foods Co,MidMarket,outbound_sdr,Outbound SDR,Outbound,Scale,SE,3PL,2025-03,2025-03,In-window,0,0,0,0,0,,49632.0
578,CUST-00578,Anchor Logistics Group,MidMarket,outbound_sdr,Outbound SDR,Outbound,Scale,DE,Apparel,2025-03,2025-03,In-window,0,0,0,0,0,,40128.0
579,CUST-00579,Lakeshore Hardware Inc,MidMarket,outbound_sdr,Outbound SDR,Outbound,Scale,AU,Retail,2025-03,2025-03,In-window,0,0,0,0,0,,32736.0
580,CUST-00580,Bright Packaging Works,Enterprise,outbound_sdr,Outbound SDR,Outbound,Enterprise,CA,Apparel,2025-03,2025-03,In-window,0,0,0,0,0,,92928.0
581,CUST-00581,Kestrel Beverage Ltd,SMB,paid_search,Paid Search,Paid,Growth,US,Medical Devices,2025-04,2025-04,In-window,0,0,0,0,0,,8928.0
582,CUST-00582,Vantage Materials Co,SMB,paid_search,Paid Search,Paid,Growth,US,Retail,2025-04,2025-04,In-window,0,0,0,0,1,2025-07,5952.0
583,CUST-00583,Dune Automotive Co,SMB,paid_search,Paid Search,Paid,Growth,US,Industrial Distribution,2025-04,2025-04,In-window,0,0,0,0,0,,5208.0
584,CUST-00584,Cedar Distribution Group,SMB,paid_search,Paid Search,Paid,Growth,NL,Food & Beverage,2025-04,2025-04,In-window,0,0,0,0,0,,5952.0
585,CUST-00585,Orchard Foods Ltd,SMB,paid_social,Paid Social,Paid,Growth,US,Food & Beverage,2025-04,2025-04,In-window,0,0,0,0,1,2026-06,5208.0
586,CUST-00586,Lakeshore Paper Holdings,Enterprise,outbound_sdr,Outbound SDR,Outbound,Enterprise,US,Retail,2025-04,2025-04,In-window,0,0,0,0,0,,56628.0
587,CUST-00587,Sterling Wholesale Works,MidMarket,outbound_sdr,Outbound SDR,Outbound,Scale,NL,Food & Beverage,2025-04,2025-04,In-window,0,0,0,0,0,,26400.0
588,CUST-00588,Prairie Materials Group,SMB,outbound_sdr,Outbound SDR,Outbound,Growth,DE,Retail,2025-04,2025-04,In-window,0,0,0,0,1,2025-05,5208.0
589,CUST-00589,Sterling Packaging Group,MidMarket,paid_search,Paid Search,Paid,Scale,AU,Chemicals,2025-05,2025-05,In-window,0,0,0,0,0,,32736.0
590,CUST-00590,Ridge Industrial Co,SMB,paid_search,Paid Search,Paid,Growth,GB,Automotive Parts,2025-05,2025-05,In-window,0,0,0,0,1,2026-06,8184.0
591,CUST-00591,Summit Materials LLC,SMB,paid_search,Paid Search,Paid,Growth,US,Apparel,2025-05,2025-05,In-window,0,0,0,0,0,,5952.0
592,CUST-00592,Bright Automotive Ltd,MidMarket,paid_search,Paid Search,Paid,Scale,US,Chemicals,2025-05,2025-05,In-window,0,0,0,0,1,2026-03,35904.0
593,CUST-00593,Bluff Components Partners,SMB,paid_search,Paid Search,Paid,Growth,US,Industrial Distribution,2025-05,2025-05,In-window,0,0,0,0,0,,5208.0
594,CUST-00594,Falcon Chemicals Inc,SMB,paid_search,Paid Search,Paid,Growth,US,3PL,2025-05,2025-05,In-window,0,0,0,0,1,2025-09,4464.0
595,CUST-00595,Harbor Medical Supply Holdings,MidMarket,paid_search,Paid Search,Paid,Scale,US,Automotive Parts,2025-05,2025-05,In-window,0,0,0,0,1,2025-07,38016.0
596,CUST-00596,Summit Distribution Co,SMB,paid_search,Paid Search,Paid,Growth,NL,Chemicals,2025-05,2025-05,In-window,0,0,0,0,0,,8928.0
597,CUST-00597,Halcyon Industrial Ltd,SMB,paid_social,Paid Social,Paid,Growth,NL,Chemicals,2025-05,2025-05,In-window,0,0,0,0,0,,7440.0
598,CUST-00598,Northgate Freight Ltd,SMB,paid_social,Paid Social,Paid,Growth,AU,Industrial Distribution,2025-05,2025-05,In-window,0,0,0,0,0,,6696.0
599,CUST-00599,Dune Chemicals Works,SMB,paid_social,Paid Social,Paid,Starter,GB,Food & Beverage,2025-05,2025-05,In-window,0,0,0,0,0,,3744.0
600,CUST-00600,Beacon Foods Works,SMB,inbound_content,Inbound / Content,Inbound,Growth,US,Retail,2025-05,2025-05,In-window,0,0,0,0,0,,5952.0
601,CUST-00601,Bluff Materials Inc,Enterprise,inbound_content,Inbound / Content,Inbound,Enterprise,US,Chemicals,2025-05,2025-05,In-window,0,0,0,0,0,,197472.0
602,CUST-00602,Vantage Beverage LLC,MidMarket,outbound_sdr,Outbound SDR,Outbound,Scale,DE,3PL,2025-05,2025-05,In-window,0,0,0,0,0,,22176.0
603,CUST-00603,Falcon Distribution Holdings,MidMarket,outbound_sdr,Outbound SDR,Outbound,Scale,US,3PL,2025-05,2025-05,In-window,0,0,0,0,0,,33792.0
604,CUST-00604,Anchor Hardware Works,Enterprise,outbound_sdr,Outbound SDR,Outbound,Enterprise,US,Retail,2025-05,2025-05,In-window,0,0,0,0,0,,103092.0
605,CUST-00605,Lakeshore Hardware Works,MidMarket,outbound_sdr,Outbound SDR,Outbound,Scale,SE,Medical Devices,2025-05,2025-05,In-window,0,0,0,0,0,,21120.0
606,CUST-00606,Pioneer Components Holdings,MidMarket,outbound_sdr,Outbound SDR,Outbound,Scale,DE,Medical Devices,2025-05,2025-05,In-window,0,0,0,0,1,2025-10,24288.0
607,CUST-00607,Anchor Medical Supply Group,MidMarket,outbound_sdr,Outbound SDR,Outbound,Scale,CA,Retail,2025-05,2025-05,In-window,0,0,0,0,0,,13728.0
608,CUST-00608,Harbor Apparel LLC,MidMarket,events,Events / Field,Inbound,Scale,SE,Retail,2025-05,2025-05,In-window,0,0,0,0,0,,42240.0
609,CUST-00609,Bluff Hardware Works,SMB,paid_search,Paid Search,Paid,Growth,GB,Food & Beverage,2025-06,2025-06,In-window,0,0,0,0,0,,5952.0
610,CUST-00610,Dune Apparel Partners,SMB,paid_search,Paid Search,Paid,Growth,CA,Retail,2025-06,2025-06,In-window,0,0,0,0,1,2026-05,10416.0
611,CUST-00611,Beacon Fulfilment LLC,SMB,paid_search,Paid Search,Paid,Growth,US,Medical Devices,2025-06,2025-06,In-window,0,0,0,0,1,2025-09,8928.0
612,CUST-00612,Sterling Chemicals Ltd,SMB,paid_search,Paid Search,Paid,Growth,US,Automotive Parts,2025-06,2025-06,In-window,0,0,0,0,1,2025-12,5952.0
613,CUST-00613,Orchard Automotive Ltd,SMB,paid_search,Paid Search,Paid,Growth,SE,Apparel,2025-06,2025-06,In-window,0,0,0,0,0,,4464.0
614,CUST-00614,Pioneer Foods Partners,SMB,paid_search,Paid Search,Paid,Growth,GB,Automotive Parts,2025-06,2025-06,In-window,0,0,0,0,0,,10416.0
615,CUST-00615,Trident Wholesale Inc,MidMarket,paid_search,Paid Search,Paid,Scale,AU,3PL,2025-06,2025-06,In-window,0,0,0,0,0,,21120.0
616,CUST-00616,Summit Fulfilment Inc,MidMarket,paid_search,Paid Search,Paid,Scale,CA,3PL,2025-06,2025-06,In-window,0,0,0,0,0,,20064.0
617,CUST-00617,Quarry Freight Inc,SMB,paid_social,Paid Social,Paid,Starter,NL,Chemicals,2025-06,2025-06,In-window,0,0,0,0,0,,3276.0
618,CUST-00618,Willow Industrial Works,SMB,paid_social,Paid Social,Paid,Starter,US,Retail,2025-06,2025-06,In-window,0,0,0,0,0,,1872.0
619,CUST-00619,Granite Logistics Holdings,SMB,paid_social,Paid Social,Paid,Growth,DE,Industrial Distribution,2025-06,2025-06,In-window,0,0,0,0,1,2025-09,4464.0
620,CUST-00620,Summit Apparel LLC,SMB,outbound_sdr,Outbound SDR,Outbound,Growth,DE,Chemicals,2025-06,2025-06,In-window,0,0,0,0,1,2025-07,5952.0
621,CUST-00621,Cedar Packaging LLC,MidMarket,outbound_sdr,Outbound SDR,Outbound,Scale,SE,Apparel,2025-06,2025-06,In-window,0,0,0,0,0,,28512.0
622,CUST-00622,Halcyon Industrial Works,MidMarket,outbound_sdr,Outbound SDR,Outbound,Scale,US,Automotive Parts,2025-06,2025-06,In-window,0,0,0,0,0,,44352.0
623,CUST-00623,Trident Chemicals Group,MidMarket,partner,Partner / Reseller,Partner,Scale,US,Apparel,2025-06,2025-06,In-window,0,0,0,0,0,,31680.0
624,CUST-00624,Falcon Fulfilment Group,MidMarket,paid_search,Paid Search,Paid,Scale,US,Retail,2025-07,2025-07,In-window,0,0,0,1,0,,20064.0
625,CUST-00625,Pioneer Logistics Holdings,SMB,paid_search,Paid Search,Paid,Growth,CA,Chemicals,2025-07,2025-07,In-window,0,0,0,0,1,2025-11,5952.0
626,CUST-00626,Trident Freight LLC,MidMarket,paid_search,Paid Search,Paid,Scale,NL,Food & Beverage,2025-07,2025-07,In-window,0,0,0,0,0,,30624.0
627,CUST-00627,Ember Paper Ltd,SMB,paid_social,Paid Social,Paid,Growth,GB,Automotive Parts,2025-07,2025-07,In-window,0,0,0,0,1,2025-08,6696.0
628,CUST-00628,Orchard Supply Ltd,SMB,paid_social,Paid Social,Paid,Starter,US,Apparel,2025-07,2025-07,In-window,0,0,0,0,1,2025-08,3744.0
629,CUST-00629,Northgate Materials Holdings,MidMarket,outbound_sdr,Outbound SDR,Outbound,Scale,DE,Chemicals,2025-07,2025-07,In-window,0,0,0,0,0,,28512.0
630,CUST-00630,Northgate Beverage Partners,Enterprise,outbound_sdr,Outbound SDR,Outbound,Enterprise,NL,3PL,2025-07,2025-07,In-window,0,0,0,0,0,,53724.0
631,CUST-00631,Anchor Components Group,MidMarket,outbound_sdr,Outbound SDR,Outbound,Scale,CA,Chemicals,2025-07,2025-07,In-window,0,0,0,0,0,,24288.0
632,CUST-00632,Trident Supply Holdings,MidMarket,outbound_sdr,Outbound SDR,Outbound,Scale,DE,Automotive Parts,2025-07,2025-07,In-window,0,0,0,0,0,,23232.0
633,CUST-00633,Northgate Components Group,MidMarket,partner,Partner / Reseller,Partner,Scale,US,Chemicals,2025-07,2025-07,In-window,0,0,0,0,0,,20064.0
634,CUST-00634,Beacon Chemicals Co,SMB,paid_search,Paid Search,Paid,Starter,AU,Automotive Parts,2025-08,2025-08,In-window,0,0,0,0,0,,3276.0
635,CUST-00635,Northgate Foods Co,SMB,paid_search,Paid Search,Paid,Growth,US,Automotive Parts,2025-08,2025-08,In-window,0,0,0,0,0,,12648.0
636,CUST-00636,Orchard Fulfilment Co,SMB,paid_search,Paid Search,Paid,Growth,SE,Food & Beverage,2025-08,2025-08,In-window,0,0,0,0,0,,9672.0
637,CUST-00637,Sterling Logistics Holdings,SMB,paid_search,Paid Search,Paid,Growth,SE,Retail,2025-08,2025-08,In-window,0,0,0,0,0,,12648.0
638,CUST-00638,Pioneer Chemicals Works,SMB,paid_search,Paid Search,Paid,Starter,US,Apparel,2025-08,2025-08,In-window,0,0,0,0,0,,3276.0
639,CUST-00639,Kestrel Freight LLC,SMB,paid_social,Paid Social,Paid,Growth,CA,Automotive Parts,2025-08,2025-08,In-window,0,0,0,0,0,,5208.0
640,CUST-00640,Summit Distribution LLC,MidMarket,inbound_content,Inbound / Content,Inbound,Scale,CA,3PL,2025-08,2025-08,In-window,0,0,0,0,0,,32736.0
641,CUST-00641,Meridian Distribution Works,MidMarket,inbound_content,Inbound / Content,Inbound,Scale,US,Chemicals,2025-08,2025-08,In-window,0,0,0,0,0,,50688.0
642,CUST-00642,Foundry Automotive Works,SMB,inbound_content,Inbound / Content,Inbound,Growth,GB,Medical Devices,2025-08,2025-08,In-window,0,0,0,0,0,,5952.0
643,CUST-00643,Harbor Automotive Group,MidMarket,paid_search,Paid Search,Paid,Scale,SE,Industrial Distribution,2025-09,2025-09,In-window,0,0,0,0,0,,19008.0
644,CUST-00644,Quarry Fulfilment LLC,SMB,paid_search,Paid Search,Paid,Growth,SE,Automotive Parts,2025-09,2025-09,In-window,0,0,0,0,0,,10416.0
645,CUST-00645,Anchor Distribution Co,SMB,paid_search,Paid Search,Paid,Growth,CA,Food & Beverage,2025-09,2025-09,In-window,0,0,0,0,0,,4464.0
646,CUST-00646,Ember Chemicals LLC,SMB,paid_search,Paid Search,Paid,Growth,US,Medical Devices,2025-09,2025-09,In-window,0,0,0,0,1,2026-02,17856.0
647,CUST-00647,Pioneer Chemicals Co,SMB,paid_search,Paid Search,Paid,Starter,CA,Retail,2025-09,2025-09,In-window,0,0,0,0,1,2026-04,3744.0
648,CUST-00648,Anchor Hardware Holdings,Enterprise,paid_search,Paid Search,Paid,Enterprise,US,Chemicals,2025-09,2025-09,In-window,0,0,0,0,0,,46464.0
649,CUST-00649,Sterling Apparel Inc,SMB,paid_search,Paid Search,Paid,Growth,US,Automotive Parts,2025-09,2025-09,In-window,0,0,0,0,0,,6696.0
650,CUST-00650,Trident Freight Works,SMB,paid_social,Paid Social,Paid,Starter,AU,3PL,2025-09,2025-09,In-window,0,0,0,0,1,2025-11,3744.0
651,CUST-00651,Dune Distribution Holdings,MidMarket,inbound_content,Inbound / Content,Inbound,Scale,US,Chemicals,2025-09,2025-09,In-window,0,0,0,0,0,,31680.0
652,CUST-00652,Falcon Components Partners,MidMarket,inbound_content,Inbound / Content,Inbound,Scale,US,Medical Devices,2025-09,2025-09,In-window,0,0,0,0,0,,52800.0
653,CUST-00653,Granite Wholesale Group,MidMarket,inbound_content,Inbound / Content,Inbound,Scale,SE,Industrial Distribution,2025-09,2025-09,In-window,0,0,0,0,0,,48576.0
654,CUST-00654,Halcyon Paper Works,MidMarket,outbound_sdr,Outbound SDR,Outbound,Scale,US,Medical Devices,2025-09,2025-09,In-window,0,0,0,0,0,,59136.0
655,CUST-00655,Trident Materials Works,Enterprise,outbound_sdr,Outbound SDR,Outbound,Enterprise,SE,Food & Beverage,2025-09,2025-09,In-window,0,0,0,0,0,,132132.0
656,CUST-00656,Bright Chemicals Partners,MidMarket,outbound_sdr,Outbound SDR,Outbound,Scale,AU,Medical Devices,2025-09,2025-09,In-window,0,0,0,0,0,,29568.0
657,CUST-00657,Bright Automotive Ltd,Enterprise,outbound_sdr,Outbound SDR,Outbound,Enterprise,NL,Automotive Parts,2025-09,2025-09,In-window,0,0,0,0,0,,26136.0
658,CUST-00658,Halcyon Automotive Works,Enterprise,outbound_sdr,Outbound SDR,Outbound,Enterprise,CA,Retail,2025-09,2025-09,In-window,0,0,0,0,0,,97284.0
659,CUST-00659,Meridian Freight Works,Enterprise,partner,Partner / Reseller,Partner,Enterprise,GB,Medical Devices,2025-09,2025-09,In-window,0,0,0,0,0,,58080.0
660,CUST-00660,Summit Components Co,MidMarket,paid_search,Paid Search,Paid,Scale,CA,Food & Beverage,2025-10,2025-10,In-window,0,0,0,0,0,,29568.0
661,CUST-00661,Orchard Hardware Group,MidMarket,paid_search,Paid Search,Paid,Scale,SE,Industrial Distribution,2025-10,2025-10,In-window,0,0,0,0,0,,28512.0
662,CUST-00662,Harbor Components LLC,MidMarket,paid_search,Paid Search,Paid,Scale,US,Apparel,2025-10,2025-10,In-window,0,0,0,0,0,,24288.0
663,CUST-00663,Lakeshore Wholesale Inc,SMB,paid_search,Paid Search,Paid,Growth,US,Food & Beverage,2025-10,2025-10,In-window,0,0,0,0,0,,6696.0
664,CUST-00664,Vantage Distribution LLC,SMB,paid_social,Paid Social,Paid,Growth,US,Apparel,2025-10,2025-10,In-window,0,0,0,0,0,,4464.0
665,CUST-00665,Beacon Beverage Partners,SMB,paid_social,Paid Social,Paid,Growth,DE,Apparel,2025-10,2025-10,In-window,0,0,0,0,1,2025-12,5952.0
666,CUST-00666,Trident Logistics Co,SMB,paid_social,Paid Social,Paid,Starter,US,3PL,2025-10,2025-10,In-window,0,0,0,0,1,2026-08,3276.0
667,CUST-00667,Summit Wholesale Group,MidMarket,outbound_sdr,Outbound SDR,Outbound,Scale,US,3PL,2025-10,2025-10,In-window,0,0,0,0,0,,19008.0
668,CUST-00668,Ridge Packaging Ltd,MidMarket,outbound_sdr,Outbound SDR,Outbound,Scale,GB,3PL,2025-10,2025-10,In-window,0,0,0,0,0,,23232.0
669,CUST-00669,Trident Automotive LLC,MidMarket,outbound_sdr,Outbound SDR,Outbound,Scale,SE,Medical Devices,2025-10,2025-10,In-window,0,0,0,0,1,2026-06,27456.0
670,CUST-00670,Granite Chemicals Partners,MidMarket,paid_search,Paid Search,Paid,Scale,CA,Food & Beverage,2025-11,2025-11,In-window,0,0,0,0,0,,23232.0
671,CUST-00671,Cedar Industrial Partners,SMB,paid_social,Paid Social,Paid,Growth,GB,Food & Beverage,2025-11,2025-11,In-window,0,0,0,0,0,,5952.0
672,CUST-00672,Ridge Materials Works,SMB,paid_social,Paid Social,Paid,Growth,CA,Industrial Distribution,2025-11,2025-11,In-window,0,0,0,0,0,,4464.0
673,CUST-00673,Kestrel Fulfilment Group,SMB,paid_social,Paid Social,Paid,Growth,CA,3PL,2025-11,2025-11,In-window,0,0,0,0,0,,6696.0
674,CUST-00674,Vantage Foods LLC,MidMarket,inbound_content,Inbound / Content,Inbound,Scale,US,Retail,2025-11,2025-11,In-window,0,0,0,0,0,,51744.0
675,CUST-00675,Anchor Automotive Partners,MidMarket,inbound_content,Inbound / Content,Inbound,Scale,US,3PL,2025-11,2025-11,In-window,0,0,0,0,0,,26400.0
676,CUST-00676,Granite Medical Supply Inc,MidMarket,outbound_sdr,Outbound SDR,Outbound,Scale,AU,Food & Beverage,2025-11,2025-11,In-window,0,0,0,0,0,,19008.0
677,CUST-00677,Pioneer Hardware Inc,MidMarket,partner,Partner / Reseller,Partner,Scale,US,Apparel,2025-11,2025-11,In-window,0,0,0,0,1,2026-02,43296.0
678,CUST-00678,Anchor Supply LLC,MidMarket,partner,Partner / Reseller,Partner,Scale,US,Apparel,2025-11,2025-11,In-window,0,0,0,0,0,,23232.0
679,CUST-00679,Bluff Industrial Works,SMB,paid_search,Paid Search,Paid,Growth,US,Food & Beverage,2025-12,2025-12,In-window,0,0,0,0,0,,4464.0
680,CUST-00680,Meridian Apparel Holdings,SMB,paid_search,Paid Search,Paid,Growth,US,Retail,2025-12,2025-12,In-window,0,0,0,0,0,,5208.0
681,CUST-00681,Ember Medical Supply Partners,SMB,paid_search,Paid Search,Paid,Growth,NL,Medical Devices,2025-12,2025-12,In-window,0,0,0,0,1,2026-08,9672.0
682,CUST-00682,Northgate Chemicals LLC,SMB,paid_search,Paid Search,Paid,Growth,US,Chemicals,2025-12,2025-12,In-window,0,0,0,0,0,,7440.0
683,CUST-00683,Pioneer Chemicals LLC,SMB,paid_social,Paid Social,Paid,Growth,SE,3PL,2025-12,2025-12,In-window,0,0,0,0,0,,5952.0
684,CUST-00684,Bright Packaging Co,SMB,paid_social,Paid Social,Paid,Growth,US,Chemicals,2025-12,2025-12,In-window,0,0,0,0,1,2026-02,4464.0
685,CUST-00685,Beacon Distribution Partners,SMB,paid_social,Paid Social,Paid,Growth,GB,Food & Beverage,2025-12,2025-12,In-window,0,0,0,0,1,2026-03,4464.0
686,CUST-00686,Iron Hardware Partners,SMB,paid_social,Paid Social,Paid,Growth,US,3PL,2025-12,2025-12,In-window,0,0,0,0,0,,5952.0
687,CUST-00687,Sterling Supply LLC,SMB,paid_social,Paid Social,Paid,Growth,CA,Automotive Parts,2025-12,2025-12,In-window,0,0,0,0,1,2026-08,8928.0
688,CUST-00688,Cedar Fulfilment Group,MidMarket,inbound_content,Inbound / Content,Inbound,Scale,US,Retail,2025-12,2025-12,In-window,0,0,0,0,0,,53856.0
689,CUST-00689,Granite Distribution Group,SMB,inbound_content,Inbound / Content,Inbound,Growth,NL,Food & Beverage,2025-12,2025-12,In-window,0,0,0,0,0,,4464.0
690,CUST-00690,Granite Beverage Works,SMB,inbound_content,Inbound / Content,Inbound,Growth,DE,3PL,2025-12,2025-12,In-window,0,0,0,0,0,,6696.0
691,CUST-00691,Beacon Medical Supply Partners,MidMarket,outbound_sdr,Outbound SDR,Outbound,Scale,GB,Apparel,2025-12,2025-12,In-window,0,0,0,0,0,,38016.0
692,CUST-00692,Harbor Automotive Inc,MidMarket,outbound_sdr,Outbound SDR,Outbound,Scale,US,Medical Devices,2025-12,2025-12,In-window,0,0,0,0,0,,26400.0
693,CUST-00693,Sterling Distribution Group,MidMarket,outbound_sdr,Outbound SDR,Outbound,Scale,US,Medical Devices,2025-12,2025-12,In-window,0,0,0,0,0,,13728.0
694,CUST-00694,Trident Hardware Co,MidMarket,outbound_sdr,Outbound SDR,Outbound,Scale,AU,Retail,2025-12,2025-12,In-window,0,0,0,0,0,,42240.0
695,CUST-00695,Northgate Fulfilment Group,Enterprise,outbound_sdr,Outbound SDR,Outbound,Enterprise,US,Automotive Parts,2025-12,2025-12,In-window,0,0,0,0,0,,59532.0
696,CUST-00696,Falcon Components Holdings,Enterprise,events,Events / Field,Inbound,Enterprise,CA,Automotive Parts,2025-12,2025-12,In-window,0,0,0,0,0,,100188.0
697,CUST-00697,Halcyon Hardware Co,SMB,paid_search,Paid Search,Paid,Growth,AU,Food & Beverage,2026-01,2026-01,In-window,0,0,0,0,0,,6696.0
698,CUST-00698,Pioneer Packaging Partners,SMB,paid_search,Paid Search,Paid,Growth,NL,Retail,2026-01,2026-01,In-window,0,0,0,0,0,,8184.0
699,CUST-00699,Pioneer Fulfilment Partners,MidMarket,paid_search,Paid Search,Paid,Scale,DE,Chemicals,2026-01,2026-01,In-window,0,0,0,0,0,,21120.0
700,CUST-00700,Harbor Packaging Partners,SMB,paid_search,Paid Search,Paid,Growth,US,Chemicals,2026-01,2026-01,In-window,0,0,0,0,1,2026-06,6696.0
701,CUST-00701,Harbor Packaging Holdings,MidMarket,paid_social,Paid Social,Paid,Scale,SE,Industrial Distribution,2026-01,2026-01,In-window,0,0,0,0,0,,19008.0
702,CUST-00702,Trident Medical Supply Holdings,MidMarket,paid_social,Paid Social,Paid,Scale,US,Apparel,2026-01,2026-01,In-window,0,0,0,0,0,,30624.0
703,CUST-00703,Meridian Medical Supply Partners,SMB,inbound_content,Inbound / Content,Inbound,Growth,AU,Automotive Parts,2026-01,2026-01,In-window,0,0,0,0,0,,8928.0
704,CUST-00704,Ridge Paper Works,SMB,inbound_content,Inbound / Content,Inbound,Growth,CA,Retail,2026-01,2026-01,In-window,0,0,0,0,0,,7440.0
705,CUST-00705,Vantage Materials Partners,MidMarket,outbound_sdr,Outbound SDR,Outbound,Scale,AU,Apparel,2026-01,2026-01,In-window,0,0,0,0,0,,28512.0
706,CUST-00706,Falcon Medical Supply LLC,Enterprise,outbound_sdr,Outbound SDR,Outbound,Enterprise,NL,3PL,2026-01,2026-01,In-window,0,0,0,0,0,,82764.0
707,CUST-00707,Vantage Apparel Co,Enterprise,outbound_sdr,Outbound SDR,Outbound,Enterprise,US,Food & Beverage,2026-01,2026-01,In-window,0,0,0,0,0,,90024.0
708,CUST-00708,Prairie Components LLC,MidMarket,partner,Partner / Reseller,Partner,Scale,SE,Industrial Distribution,2026-01,2026-01,In-window,0,0,0,0,0,,26400.0
709,CUST-00709,Quarry Foods Partners,MidMarket,partner,Partner / Reseller,Partner,Scale,US,3PL,2026-01,2026-01,In-window,0,0,0,0,0,,26400.0
710,CUST-00710,Granite Industrial LLC,Enterprise,partner,Partner / Reseller,Partner,Enterprise,US,Medical Devices,2026-01,2026-01,In-window,0,0,0,0,0,,117612.0
711,CUST-00711,Summit Logistics LLC,SMB,paid_search,Paid Search,Paid,Growth,AU,Apparel,2026-02,2026-02,In-window,0,0,0,0,0,,5208.0
712,CUST-00712,Kestrel Beverage LLC,Enterprise,paid_search,Paid Search,Paid,Enterprise,SE,Apparel,2026-02,2026-02,In-window,0,0,0,0,0,,63888.0
713,CUST-00713,Northgate Freight Ltd,MidMarket,paid_search,Paid Search,Paid,Scale,US,Apparel,2026-02,2026-02,In-window,0,0,0,0,0,,40128.0
714,CUST-00714,Prairie Chemicals LLC,SMB,paid_search,Paid Search,Paid,Growth,US,Industrial Distribution,2026-02,2026-02,In-window,0,0,0,0,0,,5208.0
715,CUST-00715,Falcon Medical Supply Holdings,MidMarket,paid_search,Paid Search,Paid,Scale,SE,Apparel,2026-02,2026-02,In-window,0,0,0,0,1,2026-03,25344.0
716,CUST-00716,Ridge Distribution Co,SMB,paid_social,Paid Social,Paid,Growth,DE,Apparel,2026-02,2026-02,In-window,0,0,0,0,1,2026-08,5208.0
717,CUST-00717,Ember Distribution Works,MidMarket,paid_social,Paid Social,Paid,Scale,GB,Food & Beverage,2026-02,2026-02,In-window,0,0,0,0,0,,15840.0
718,CUST-00718,Vantage Automotive Partners,SMB,paid_social,Paid Social,Paid,Starter,US,Apparel,2026-02,2026-02,In-window,0,0,0,0,0,,2808.0
719,CUST-00719,Cedar Distribution Inc,MidMarket,paid_social,Paid Social,Paid,Scale,AU,Food & Beverage,2026-02,2026-02,In-window,0,0,0,0,0,,11616.0
720,CUST-00720,Kestrel Packaging Co,SMB,inbound_content,Inbound / Content,Inbound,Growth,AU,Retail,2026-02,2026-02,In-window,0,0,0,0,0,,5208.0
721,CUST-00721,Northgate Hardware Holdings,MidMarket,outbound_sdr,Outbound SDR,Outbound,Scale,DE,Industrial Distribution,2026-02,2026-02,In-window,0,0,0,0,0,,13728.0
722,CUST-00722,Halcyon Distribution Co,Enterprise,outbound_sdr,Outbound SDR,Outbound,Enterprise,GB,Automotive Parts,2026-02,2026-02,In-window,0,0,0,0,0,,113256.0
723,CUST-00723,Meridian Industrial LLC,Enterprise,outbound_sdr,Outbound SDR,Outbound,Enterprise,US,Apparel,2026-02,2026-02,In-window,0,0,0,0,0,,97284.0
724,CUST-00724,Kestrel Supply Inc,MidMarket,outbound_sdr,Outbound SDR,Outbound,Scale,SE,Food & Beverage,2026-02,2026-02,In-window,0,0,0,0,0,,26400.0
725,CUST-00725,Pioneer Hardware Co,Enterprise,outbound_sdr,Outbound SDR,Outbound,Enterprise,US,Automotive Parts,2026-02,2026-02,In-window,0,0,0,0,0,,103092.0
726,CUST-00726,Bright Freight Co,MidMarket,outbound_sdr,Outbound SDR,Outbound,Scale,CA,3PL,2026-02,2026-02,In-window,0,0,0,0,0,,32736.0
727,CUST-00727,Quarry Freight Holdings,MidMarket,outbound_sdr,Outbound SDR,Outbound,Scale,NL,Apparel,2026-02,2026-02,In-window,0,0,0,0,0,,16896.0
728,CUST-00728,Sterling Chemicals Ltd,MidMarket,partner,Partner / Reseller,Partner,Scale,SE,Apparel,2026-02,2026-02,In-window,0,0,0,0,0,,30624.0
729,CUST-00729,Copper Logistics Partners,SMB,paid_search,Paid Search,Paid,Growth,DE,Retail,2026-03,2026-03,In-window,0,0,0,0,0,,5208.0
730,CUST-00730,Orchard Materials Inc,SMB,paid_search,Paid Search,Paid,Growth,US,Automotive Parts,2026-03,2026-03,In-window,0,0,0,0,0,,5208.0
731,CUST-00731,Iron Paper LLC,SMB,paid_search,Paid Search,Paid,Growth,US,Automotive Parts,2026-03,2026-03,In-window,0,0,0,0,0,,4464.0
732,CUST-00732,Granite Materials Co,SMB,paid_search,Paid Search,Paid,Growth,SE,Retail,2026-03,2026-03,In-window,0,0,0,0,0,,9672.0
733,CUST-00733,Vantage Beverage Inc,SMB,paid_search,Paid Search,Paid,Growth,DE,Automotive Parts,2026-03,2026-03,In-window,0,0,0,0,1,2026-06,5208.0
734,CUST-00734,Halcyon Hardware Partners,SMB,paid_search,Paid Search,Paid,Growth,NL,Apparel,2026-03,2026-03,In-window,0,0,0,0,0,,12648.0
735,CUST-00735,Northgate Packaging Group,SMB,unattributed,Unattributed,Unknown,Growth,US,Food & Beverage,2026-03,2026-03,In-window,0,0,1,0,0,,4464.0
736,CUST-00736,Kestrel Foods Inc,SMB,paid_social,Paid Social,Paid,Growth,AU,Food & Beverage,2026-03,2026-03,In-window,0,0,0,0,1,2026-06,4464.0
737,CUST-00737,Prairie Wholesale Group,SMB,inbound_content,Inbound / Content,Inbound,Growth,AU,3PL,2026-03,2026-03,In-window,0,0,0,0,0,,8928.0
738,CUST-00738,Cedar Automotive Ltd,MidMarket,outbound_sdr,Outbound SDR,Outbound,Scale,US,Chemicals,2026-03,2026-03,In-window,0,0,0,0,0,,44352.0
739,CUST-00739,Cedar Distribution Co,MidMarket,outbound_sdr,Outbound SDR,Outbound,Scale,GB,Chemicals,2026-03,2026-03,In-window,0,0,0,0,0,,33792.0
740,CUST-00740,Prairie Paper Works,MidMarket,outbound_sdr,Outbound SDR,Outbound,Scale,AU,Retail,2026-03,2026-03,In-window,0,0,0,0,0,,19008.0
741,CUST-00741,Dune Packaging Ltd,MidMarket,outbound_sdr,Outbound SDR,Outbound,Scale,NL,Automotive Parts,2026-03,2026-03,In-window,0,0,0,0,0,,21120.0
742,CUST-00742,Willow Wholesale Partners,MidMarket,partner,Partner / Reseller,Partner,Scale,US,3PL,2026-03,2026-03,In-window,0,0,0,0,0,,22176.0
743,CUST-00743,Meridian Materials LLC,SMB,paid_search,Paid Search,Paid,Growth,CA,Chemicals,2026-04,2026-04,In-window,0,0,0,0,0,,7440.0
744,CUST-00744,Kestrel Supply Ltd,SMB,paid_search,Paid Search,Paid,Growth,AU,Chemicals,2026-04,2026-04,In-window,0,0,0,0,0,,11160.0
745,CUST-00745,Copper Hardware Group,SMB,paid_search,Paid Search,Paid,Growth,US,Chemicals,2026-04,2026-04,In-window,0,0,0,0,0,,7440.0
746,CUST-00746,Sterling Packaging LLC,SMB,paid_social,Paid Social,Paid,Growth,GB,Retail,2026-04,2026-04,In-window,0,0,0,0,1,2026-05,5952.0
747,CUST-00747,Halcyon Supply Holdings,SMB,paid_social,Paid Social,Paid,Starter,DE,Retail,2026-04,2026-04,In-window,0,0,0,0,0,,3744.0
748,CUST-00748,Vantage Distribution LLC,SMB,paid_social,Paid Social,Paid,Growth,US,Automotive Parts,2026-04,2026-04,In-window,0,0,0,0,1,2026-08,5208.0
749,CUST-00749,Pioneer Fulfilment Group,SMB,paid_social,Paid Social,Paid,Growth,US,Food & Beverage,2026-04,2026-04,In-window,0,0,0,0,0,,7440.0
750,CUST-00750,Ember Beverage LLC,SMB,inbound_content,Inbound / Content,Inbound,Growth,US,3PL,2026-04,2026-04,In-window,0,0,0,0,0,,5952.0
751,CUST-00751,Iron Freight Co,MidMarket,inbound_content,Inbound / Content,Inbound,Scale,AU,3PL,2026-04,2026-04,In-window,0,0,0,0,0,,20064.0
752,CUST-00752,Beacon Hardware LLC,SMB,outbound_sdr,Outbound SDR,Outbound,Growth,NL,Food & Beverage,2026-04,2026-04,In-window,0,0,0,0,0,,6696.0
753,CUST-00753,Ember Industrial Partners,Enterprise,outbound_sdr,Outbound SDR,Outbound,Enterprise,DE,Retail,2026-04,2026-04,In-window,0,0,0,0,0,,132132.0
754,CUST-00754,Dune Packaging Works,Enterprise,outbound_sdr,Outbound SDR,Outbound,Enterprise,DE,Medical Devices,2026-04,2026-04,In-window,0,0,0,0,0,,66792.0
755,CUST-00755,Sterling Automotive Works,SMB,outbound_sdr,Outbound SDR,Outbound,Growth,SE,Industrial Distribution,2026-04,2026-04,In-window,0,0,0,0,0,,8928.0
756,CUST-00756,Ridge Components Partners,MidMarket,outbound_sdr,Outbound SDR,Outbound,Scale,US,Retail,2026-04,2026-04,In-window,0,0,0,0,0,,24288.0
757,CUST-00757,Meridian Supply Holdings,MidMarket,outbound_sdr,Outbound SDR,Outbound,Scale,AU,Retail,2026-04,2026-04,In-window,0,0,0,0,0,,20064.0
758,CUST-00758,Ridge Hardware Partners,MidMarket,outbound_sdr,Outbound SDR,Outbound,Scale,US,Chemicals,2026-04,2026-04,In-window,0,0,0,0,0,,20064.0
759,CUST-00759,Iron Beverage Holdings,MidMarket,partner,Partner / Reseller,Partner,Scale,NL,3PL,2026-04,2026-04,In-window,0,0,0,0,0,,34848.0
760,CUST-00760,Summit Paper Group,MidMarket,paid_search,Paid Search,Paid,Scale,NL,Apparel,2026-05,2026-05,In-window,0,0,0,1,0,,23232.0
761,CUST-00761,Foundry Materials Group,SMB,paid_search,Paid Search,Paid,Growth,US,Retail,2026-05,2026-05,In-window,0,0,0,0,0,,8928.0
762,CUST-00762,Harbor Industrial Group,MidMarket,paid_search,Paid Search,Paid,Scale,US,Automotive Parts,2026-05,2026-05,In-window,0,0,0,0,0,,25344.0
763,CUST-00763,Beacon Supply Ltd,SMB,paid_search,Paid Search,Paid,Growth,US,Retail,2026-05,2026-05,In-window,0,0,0,0,0,,5208.0
764,CUST-00764,Summit Supply Group,SMB,paid_search,Paid Search,Paid,Growth,AU,Food & Beverage,2026-05,2026-05,In-window,0,0,0,0,0,,7440.0
765,CUST-00765,Granite Supply Ltd,SMB,paid_social,Paid Social,Paid,Growth,CA,Medical Devices,2026-05,2026-05,In-window,0,0,0,0,0,,6696.0
766,CUST-00766,Falcon Freight LLC,SMB,paid_social,Paid Social,Paid,Growth,GB,Medical Devices,2026-05,2026-05,In-window,0,0,0,0,0,,7440.0
767,CUST-00767,Prairie Paper Co,SMB,paid_social,Paid Social,Paid,Growth,GB,3PL,2026-05,2026-05,In-window,0,0,0,0,0,,5208.0
768,CUST-00768,Meridian Supply Ltd,SMB,paid_social,Paid Social,Paid,Starter,US,Automotive Parts,2026-05,2026-05,In-window,0,0,0,0,1,2026-08,3744.0
769,CUST-00769,Beacon Beverage Group,MidMarket,inbound_content,Inbound / Content,Inbound,Scale,CA,3PL,2026-05,2026-05,In-window,0,0,0,0,0,,31680.0
770,CUST-00770,Meridian Hardware LLC,MidMarket,outbound_sdr,Outbound SDR,Outbound,Scale,GB,Retail,2026-05,2026-05,In-window,0,0,0,0,0,,20064.0
771,CUST-00771,Copper Components LLC,Enterprise,outbound_sdr,Outbound SDR,Outbound,Enterprise,SE,Apparel,2026-05,2026-05,In-window,0,0,0,0,0,,132132.0
772,CUST-00772,Lakeshore Components Ltd,MidMarket,outbound_sdr,Outbound SDR,Outbound,Scale,US,3PL,2026-05,2026-05,In-window,0,0,0,0,0,,17952.0
773,CUST-00773,Iron Foods Works,MidMarket,outbound_sdr,Outbound SDR,Outbound,Scale,US,Medical Devices,2026-05,2026-05,In-window,0,0,0,0,0,,25344.0
774,CUST-00774,Vantage Apparel Ltd,MidMarket,outbound_sdr,Outbound SDR,Outbound,Scale,SE,Retail,2026-05,2026-05,In-window,0,0,0,0,0,,30624.0
775,CUST-00775,Harbor Logistics Holdings,MidMarket,events,Events / Field,Inbound,Scale,US,Medical Devices,2026-05,2026-05,In-window,0,0,0,0,0,,17952.0
776,CUST-00776,Cedar Industrial Group,SMB,unattributed,Unattributed,Unknown,Starter,US,Automotive Parts,2026-06,2026-06,In-window,0,0,1,0,0,,3744.0
777,CUST-00777,Northgate Packaging Group,SMB,paid_search,Paid Search,Paid,Growth,AU,Industrial Distribution,2026-06,2026-06,In-window,0,0,0,0,0,,8184.0
778,CUST-00778,Summit Industrial LLC,MidMarket,paid_search,Paid Search,Paid,Scale,US,Automotive Parts,2026-06,2026-06,In-window,0,0,0,0,0,,26400.0
779,CUST-00779,Bluff Freight Inc,SMB,paid_search,Paid Search,Paid,Growth,GB,Industrial Distribution,2026-06,2026-06,In-window,0,0,0,0,0,,10416.0
780,CUST-00780,Bright Components Works,SMB,paid_search,Paid Search,Paid,Growth,DE,Industrial Distribution,2026-06,2026-06,In-window,0,0,0,0,0,,7440.0
781,CUST-00781,Ridge Materials Ltd,SMB,paid_search,Paid Search,Paid,Growth,US,Food & Beverage,2026-06,2026-06,In-window,0,0,0,0,0,,6696.0
782,CUST-00782,Granite Hardware Group,SMB,paid_social,Paid Social,Paid,Growth,CA,Apparel,2026-06,2026-06,In-window,0,0,0,0,0,,5208.0
783,CUST-00783,Cedar Chemicals Works,SMB,paid_social,Paid Social,Paid,Starter,US,Medical Devices,2026-06,2026-06,In-window,0,0,0,0,0,,3744.0
784,CUST-00784,Prairie Logistics Inc,SMB,paid_social,Paid Social,Paid,Starter,DE,Apparel,2026-06,2026-06,In-window,0,0,0,0,0,,2808.0
785,CUST-00785,Prairie Industrial Partners,SMB,paid_social,Paid Social,Paid,Growth,AU,Retail,2026-06,2026-06,In-window,0,0,0,0,1,2026-07,5952.0
786,CUST-00786,Dune Freight Group,Enterprise,inbound_content,Inbound / Content,Inbound,Enterprise,SE,Retail,2026-06,2026-06,In-window,0,0,0,0,0,,88572.0
787,CUST-00787,Quarry Foods Inc,SMB,inbound_content,Inbound / Content,Inbound,Growth,CA,3PL,2026-06,2026-06,In-window,0,0,0,0,0,,7440.0
788,CUST-00788,Northgate Apparel Holdings,MidMarket,inbound_content,Inbound / Content,Inbound,Scale,DE,3PL,2026-06,2026-06,In-window,0,0,0,0,0,,30624.0
789,CUST-00789,Summit Supply Group,MidMarket,unattributed,Unattributed,Unknown,Scale,NL,Retail,2026-06,2026-06,In-window,0,0,1,0,0,,17952.0
790,CUST-00790,Harbor Materials Co,MidMarket,outbound_sdr,Outbound SDR,Outbound,Scale,CA,Industrial Distribution,2026-06,2026-06,In-window,0,0,0,0,0,,15840.0
791,CUST-00791,Ember Wholesale Co,MidMarket,outbound_sdr,Outbound SDR,Outbound,Scale,DE,Food & Beverage,2026-06,2026-06,In-window,0,0,0,0,0,,32736.0
792,CUST-00792,Orchard Apparel Inc,MidMarket,outbound_sdr,Outbound SDR,Outbound,Scale,SE,Apparel,2026-06,2026-06,In-window,0,0,0,0,0,,34848.0
793,CUST-00793,Willow Components LLC,MidMarket,partner,Partner / Reseller,Partner,Scale,SE,Chemicals,2026-06,2026-06,In-window,0,0,0,0,0,,38016.0
794,CUST-00794,Trident Packaging Holdings,MidMarket,unattributed,Unattributed,Unknown,Scale,GB,Industrial Distribution,2026-06,2026-06,In-window,0,0,1,0,0,,23232.0
795,CUST-00795,Harbor Wholesale Works,MidMarket,partner,Partner / Reseller,Partner,Scale,NL,Medical Devices,2026-06,2026-06,In-window,0,0,0,0,0,,13728.0
796,CUST-00796,Vantage Supply Works,MidMarket,partner,Partner / Reseller,Partner,Scale,US,Industrial Distribution,2026-06,2026-06,In-window,0,0,0,0,0,,23232.0
797,CUST-00797,Falcon Apparel Ltd,MidMarket,partner,Partner / Reseller,Partner,Scale,US,Food & Beverage,2026-06,2026-06,In-window,0,0,0,0,0,,69696.0
798,CUST-00798,Meridian Wholesale Partners,SMB,paid_search,Paid Search,Paid,Growth,DE,Retail,2026-07,2026-07,In-window,0,0,0,0,0,,9672.0
799,CUST-00799,Ember Materials Partners,SMB,paid_search,Paid Search,Paid,Growth,DE,3PL,2026-07,2026-07,In-window,0,0,0,0,0,,8928.0
800,CUST-00800,Pioneer Freight Partners,SMB,paid_search,Paid Search,Paid,Growth,US,Chemicals,2026-07,2026-07,In-window,0,0,0,0,0,,8184.0
801,CUST-00801,Trident Distribution LLC,MidMarket,paid_search,Paid Search,Paid,Scale,AU,Automotive Parts,2026-07,2026-07,In-window,0,0,0,0,0,,27456.0
802,CUST-00802,Anchor Freight Works,SMB,paid_social,Paid Social,Paid,Growth,US,Chemicals,2026-07,2026-07,In-window,0,0,0,0,0,,4464.0
803,CUST-00803,Halcyon Apparel Group,SMB,paid_social,Paid Social,Paid,Growth,GB,Food & Beverage,2026-07,2026-07,In-window,0,0,0,0,0,,6696.0
804,CUST-00804,Granite Logistics Holdings,SMB,paid_social,Paid Social,Paid,Growth,CA,3PL,2026-07,2026-07,In-window,0,0,0,0,1,2026-08,6696.0
805,CUST-00805,Ember Components Holdings,SMB,outbound_sdr,Outbound SDR,Outbound,Growth,US,Apparel,2026-07,2026-07,In-window,0,0,0,0,1,2026-08,6696.0
806,CUST-00806,Bluff Industrial Co,Enterprise,outbound_sdr,Outbound SDR,Outbound,Enterprise,US,Food & Beverage,2026-07,2026-07,In-window,0,0,0,0,0,,82764.0
807,CUST-00807,Willow Distribution Ltd,MidMarket,partner,Partner / Reseller,Partner,Scale,CA,Medical Devices,2026-07,2026-07,In-window,0,0,0,0,0,,42240.0
808,CUST-00808,Harbor Beverage Group,SMB,partner,Partner / Reseller,Partner,Growth,DE,Industrial Distribution,2026-07,2026-07,In-window,0,0,0,0,0,,8184.0
809,CUST-00809,Bluff Automotive LLC,MidMarket,paid_search,Paid Search,Paid,Scale,DE,Apparel,2026-08,2026-08,In-window,0,0,0,0,0,,15840.0
810,CUST-00810,Summit Components Group,SMB,paid_search,Paid Search,Paid,Growth,CA,Chemicals,2026-08,2026-08,In-window,0,0,0,0,0,,7440.0
811,CUST-00811,Ember Medical Supply Works,SMB,paid_search,Paid Search,Paid,Growth,US,Chemicals,2026-08,2026-08,In-window,0,0,0,0,0,,10416.0
812,CUST-00812,Quarry Automotive Group,SMB,paid_search,Paid Search,Paid,Growth,US,Apparel,2026-08,2026-08,In-window,0,0,0,0,0,,5208.0
813,CUST-00813,Harbor Medical Supply Group,MidMarket,paid_search,Paid Search,Paid,Scale,NL,Food & Beverage,2026-08,2026-08,In-window,0,0,0,0,0,,55968.0
814,CUST-00814,Bluff Hardware Inc,MidMarket,paid_search,Paid Search,Paid,Scale,DE,Apparel,2026-08,2026-08,In-window,0,0,0,0,0,,24288.0
815,CUST-00815,Trident Apparel LLC,SMB,paid_search,Paid Search,Paid,Growth,SE,Apparel,2026-08,2026-08,In-window,0,0,0,0,0,,7440.0
816,CUST-00816,Ridge Industrial LLC,MidMarket,paid_search,Paid Search,Paid,Scale,GB,Retail,2026-08,2026-08,In-window,0,0,0,0,0,,30624.0
817,CUST-00817,Anchor Logistics Works,SMB,paid_search,Paid Search,Paid,Growth,SE,Automotive Parts,2026-08,2026-08,In-window,0,0,0,0,0,,11904.0
818,CUST-00818,Iron Materials Works,SMB,paid_social,Paid Social,Paid,Starter,US,Food & Beverage,2026-08,2026-08,In-window,0,0,0,0,0,,3276.0
819,CUST-00819,Vantage Wholesale Holdings,SMB,paid_social,Paid Social,Paid,Starter,DE,Automotive Parts,2026-08,2026-08,In-window,0,0,0,0,0,,3276.0
820,CUST-00820,Vantage Packaging Works,SMB,inbound_content,Inbound / Content,Inbound,Growth,US,Retail,2026-08,2026-08,In-window,0,0,0,0,0,,8184.0
821,CUST-00821,Trident Materials Group,SMB,inbound_content,Inbound / Content,Inbound,Growth,AU,Chemicals,2026-08,2026-08,In-window,0,0,0,0,0,,9672.0
822,CUST-00822,Anchor Medical Supply Holdings,MidMarket,inbound_content,Inbound / Content,Inbound,Scale,US,Industrial Distribution,2026-08,2026-08,In-window,0,0,0,0,0,,15840.0
823,CUST-00823,Granite Distribution Holdings,MidMarket,inbound_content,Inbound / Content,Inbound,Scale,AU,Automotive Parts,2026-08,2026-08,In-window,0,0,0,0,0,,16896.0
824,CUST-00824,Quarry Fulfilment Ltd,Enterprise,inbound_content,Inbound / Content,Inbound,Enterprise,US,Automotive Parts,2026-08,2026-08,In-window,0,0,0,0,0,,69696.0
825,CUST-00825,Meridian Fulfilment Co,SMB,outbound_sdr,Outbound SDR,Outbound,Growth,CA,Food & Beverage,2026-08,2026-08,In-window,0,0,0,0,0,,11904.0
826,CUST-00826,Kestrel Beverage Group,MidMarket,partner,Partner / Reseller,Partner,Scale,US,Industrial Distribution,2026-08,2026-08,In-window,0,0,0,0,0,,20064.0
